run_id,ts,equity,drawdown,returns
TrendFollowing_v1.0_EURUSD_0,2026-01-01T00:00:00,10011.93,0.0,0.001193
TrendFollowing_v1.0_EURUSD_0,2026-01-01T01:00:00,10011.17,0.01,-7.7e-05
TrendFollowing_v1.0_EURUSD_0,2026-01-01T02:00:00,10026.14,0.0,0.001495
TrendFollowing_v1.0_EURUSD_0,2026-01-01T03:00:00,10058.68,0.0,0.003246
TrendFollowing_v1.0_EURUSD_0,2026-01-01T04:00:00,10055.99,0.03,-0.000268
TrendFollowing_v1.0_EURUSD_0,2026-01-01T05:00:00,10053.29,0.05,-0.000268
TrendFollowing_v1.0_EURUSD_0,2026-01-01T06:00:00,10087.05,0.0,0.003358
TrendFollowing_v1.0_EURUSD_0,2026-01-01T07:00:00,10104.55,0.0,0.001735
TrendFollowing_v1.0_EURUSD_0,2026-01-01T08:00:00,10097.08,0.07,-0.000739
TrendFollowing_v1.0_EURUSD_0,2026-01-01T09:00:00,10110.06,0.0,0.001285
TrendFollowing_v1.0_EURUSD_0,2026-01-01T10:00:00,10102.71,0.07,-0.000727
TrendFollowing_v1.0_EURUSD_0,2026-01-01T11:00:00,10095.32,0.15,-0.000731
TrendFollowing_v1.0_EURUSD_0,2026-01-01T12:00:00,10102.23,0.08,0.000684
TrendFollowing_v1.0_EURUSD_0,2026-01-01T13:00:00,10065.59,0.44,-0.003627
TrendFollowing_v1.0_EURUSD_0,2026-01-01T14:00:00,10032.88,0.76,-0.00325
TrendFollowing_v1.0_EURUSD_0,2026-01-01T15:00:00,10023.6,0.86,-0.000925
TrendFollowing_v1.0_EURUSD_0,2026-01-01T16:00:00,10005.3,1.04,-0.001826
TrendFollowing_v1.0_EURUSD_0,2026-01-01T17:00:00,10013.59,0.95,0.000828
TrendFollowing_v1.0_EURUSD_0,2026-01-01T18:00:00,9997.41,1.11,-0.001616
TrendFollowing_v1.0_EURUSD_0,2026-01-01T19:00:00,9971.17,1.37,-0.002625
TrendFollowing_v1.0_EURUSD_0,2026-01-01T20:00:00,10002.39,1.06,0.003131
TrendFollowing_v1.0_EURUSD_0,2026-01-01T21:00:00,9999.88,1.09,-0.000252
TrendFollowing_v1.0_EURUSD_0,2026-01-01T22:00:00,10003.23,1.06,0.000335
TrendFollowing_v1.0_EURUSD_0,2026-01-01T23:00:00,9976.72,1.32,-0.002649
TrendFollowing_v1.0_EURUSD_0,2026-01-02T00:00:00,9967.86,1.41,-0.000889
TrendFollowing_v1.0_EURUSD_0,2026-01-02T01:00:00,9972.06,1.36,0.000422
TrendFollowing_v1.0_EURUSD_0,2026-01-02T02:00:00,9951.1,1.57,-0.002102
TrendFollowing_v1.0_EURUSD_0,2026-01-02T03:00:00,9960.57,1.48,0.000951
TrendFollowing_v1.0_EURUSD_0,2026-01-02T04:00:00,9950.59,1.58,-0.001001
TrendFollowing_v1.0_EURUSD_0,2026-01-02T05:00:00,9946.78,1.62,-0.000383
TrendFollowing_v1.0_EURUSD_0,2026-01-02T06:00:00,9936.8,1.71,-0.001003
TrendFollowing_v1.0_EURUSD_0,2026-01-02T07:00:00,9975.6,1.33,0.003905
TrendFollowing_v1.0_EURUSD_0,2026-01-02T08:00:00,9977.32,1.31,0.000173
TrendFollowing_v1.0_EURUSD_0,2026-01-02T09:00:00,9958.21,1.5,-0.001915
TrendFollowing_v1.0_EURUSD_0,2026-01-02T10:00:00,9976.59,1.32,0.001845
TrendFollowing_v1.0_EURUSD_0,2026-01-02T11:00:00,9954.22,1.54,-0.002242
TrendFollowing_v1.0_EURUSD_0,2026-01-02T12:00:00,9960.37,1.48,0.000618
TrendFollowing_v1.0_EURUSD_0,2026-01-02T13:00:00,9923.32,1.85,-0.003719
TrendFollowing_v1.0_EURUSD_0,2026-01-02T14:00:00,9898.95,2.09,-0.002456
TrendFollowing_v1.0_EURUSD_0,2026-01-02T15:00:00,9904.83,2.03,0.000594
TrendFollowing_v1.0_EURUSD_0,2026-01-02T16:00:00,9921.44,1.87,0.001677
TrendFollowing_v1.0_EURUSD_0,2026-01-02T17:00:00,9926.82,1.81,0.000543
TrendFollowing_v1.0_EURUSD_0,2026-01-02T18:00:00,9926.51,1.82,-3.1e-05
TrendFollowing_v1.0_EURUSD_0,2026-01-02T19:00:00,9922.52,1.85,-0.000402
TrendFollowing_v1.0_EURUSD_0,2026-01-02T20:00:00,9895.16,2.13,-0.002757
TrendFollowing_v1.0_EURUSD_0,2026-01-02T21:00:00,9882.89,2.25,-0.00124
TrendFollowing_v1.0_EURUSD_0,2026-01-02T22:00:00,9875.77,2.32,-0.000721
TrendFollowing_v1.0_EURUSD_0,2026-01-02T23:00:00,9898.62,2.09,0.002314
TrendFollowing_v1.0_EURUSD_0,2026-01-03T00:00:00,9907.4,2.0,0.000887
TrendFollowing_v1.0_EURUSD_0,2026-01-03T01:00:00,9874.45,2.33,-0.003326
TrendFollowing_v1.0_EURUSD_0,2026-01-03T02:00:00,9882.83,2.25,0.000848
TrendFollowing_v1.0_EURUSD_0,2026-01-03T03:00:00,9877.19,2.3,-0.00057
TrendFollowing_v1.0_EURUSD_0,2026-01-03T04:00:00,9865.79,2.42,-0.001154
TrendFollowing_v1.0_EURUSD_0,2026-01-03T05:00:00,9879.84,2.28,0.001423
TrendFollowing_v1.0_EURUSD_0,2026-01-03T06:00:00,9902.18,2.06,0.002262
TrendFollowing_v1.0_EURUSD_0,2026-01-03T07:00:00,9922.61,1.85,0.002063
TrendFollowing_v1.0_EURUSD_0,2026-01-03T08:00:00,9907.94,2.0,-0.001478
TrendFollowing_v1.0_EURUSD_0,2026-01-03T09:00:00,9903.79,2.04,-0.000418
TrendFollowing_v1.0_EURUSD_0,2026-01-03T10:00:00,9912.34,1.96,0.000863
TrendFollowing_v1.0_EURUSD_0,2026-01-03T11:00:00,9933.66,1.74,0.002151
TrendFollowing_v1.0_EURUSD_0,2026-01-03T12:00:00,9926.12,1.82,-0.000758
TrendFollowing_v1.0_EURUSD_0,2026-01-03T13:00:00,9924.42,1.84,-0.000171
TrendFollowing_v1.0_EURUSD_0,2026-01-03T14:00:00,9904.45,2.03,-0.002013
TrendFollowing_v1.0_EURUSD_0,2026-01-03T15:00:00,9882.73,2.25,-0.002192
TrendFollowing_v1.0_EURUSD_0,2026-01-03T16:00:00,9900.77,2.07,0.001825
TrendFollowing_v1.0_EURUSD_0,2026-01-03T17:00:00,9929.61,1.78,0.002912
TrendFollowing_v1.0_EURUSD_0,2026-01-03T18:00:00,9930.16,1.78,5.6e-05
TrendFollowing_v1.0_EURUSD_0,2026-01-03T19:00:00,9952.08,1.56,0.002207
TrendFollowing_v1.0_EURUSD_0,2026-01-03T20:00:00,9961.27,1.47,0.000923
TrendFollowing_v1.0_EURUSD_0,2026-01-03T21:00:00,9950.41,1.58,-0.00109
TrendFollowing_v1.0_EURUSD_0,2026-01-03T22:00:00,9959.59,1.49,0.000923
TrendFollowing_v1.0_EURUSD_0,2026-01-03T23:00:00,9992.22,1.17,0.003276
TrendFollowing_v1.0_EURUSD_0,2026-01-04T00:00:00,9993.5,1.15,0.000128
TrendFollowing_v1.0_EURUSD_0,2026-01-04T01:00:00,10026.77,0.82,0.003329
TrendFollowing_v1.0_EURUSD_0,2026-01-04T02:00:00,9976.24,1.32,-0.005039
TrendFollowing_v1.0_EURUSD_0,2026-01-04T03:00:00,9994.64,1.14,0.001844
TrendFollowing_v1.0_EURUSD_0,2026-01-04T04:00:00,9998.38,1.1,0.000374
TrendFollowing_v1.0_EURUSD_0,2026-01-04T05:00:00,9994.4,1.14,-0.000398
TrendFollowing_v1.0_EURUSD_0,2026-01-04T06:00:00,9998.23,1.11,0.000384
TrendFollowing_v1.0_EURUSD_0,2026-01-04T07:00:00,9960.48,1.48,-0.003775
TrendFollowing_v1.0_EURUSD_0,2026-01-04T08:00:00,9958.1,1.5,-0.000239
TrendFollowing_v1.0_EURUSD_0,2026-01-04T09:00:00,9967.2,1.41,0.000914
TrendFollowing_v1.0_EURUSD_0,2026-01-04T10:00:00,9998.66,1.1,0.003156
TrendFollowing_v1.0_EURUSD_0,2026-01-04T11:00:00,9990.29,1.18,-0.000837
TrendFollowing_v1.0_EURUSD_0,2026-01-04T12:00:00,9976.14,1.32,-0.001417
TrendFollowing_v1.0_EURUSD_0,2026-01-04T13:00:00,9968.12,1.4,-0.000804
TrendFollowing_v1.0_EURUSD_0,2026-01-04T14:00:00,9988.37,1.2,0.002031
TrendFollowing_v1.0_EURUSD_0,2026-01-04T15:00:00,9996.93,1.12,0.000858
TrendFollowing_v1.0_EURUSD_0,2026-01-04T16:00:00,9988.34,1.2,-0.00086
TrendFollowing_v1.0_EURUSD_0,2026-01-04T17:00:00,10000.59,1.08,0.001227
TrendFollowing_v1.0_EURUSD_0,2026-01-04T18:00:00,10004.53,1.04,0.000394
TrendFollowing_v1.0_EURUSD_0,2026-01-04T19:00:00,10025.91,0.83,0.002137
TrendFollowing_v1.0_EURUSD_0,2026-01-04T20:00:00,10013.84,0.95,-0.001204
TrendFollowing_v1.0_EURUSD_0,2026-01-04T21:00:00,10009.28,1.0,-0.000455
TrendFollowing_v1.0_EURUSD_0,2026-01-04T22:00:00,10003.43,1.05,-0.000584
TrendFollowing_v1.0_EURUSD_0,2026-01-04T23:00:00,9976.15,1.32,-0.002727
TrendFollowing_v1.0_EURUSD_0,2026-01-05T00:00:00,9984.06,1.25,0.000792
TrendFollowing_v1.0_EURUSD_0,2026-01-05T01:00:00,9991.27,1.17,0.000722
TrendFollowing_v1.0_EURUSD_0,2026-01-05T02:00:00,9993.37,1.15,0.00021
TrendFollowing_v1.0_EURUSD_0,2026-01-05T03:00:00,9990.68,1.18,-0.000269
TrendFollowing_v1.0_EURUSD_0,2026-01-05T04:00:00,9964.39,1.44,-0.002631
TrendFollowing_v1.0_EURUSD_0,2026-01-05T05:00:00,9958.0,1.5,-0.000641
TrendFollowing_v1.0_EURUSD_0,2026-01-05T06:00:00,9953.17,1.55,-0.000485
TrendFollowing_v1.0_EURUSD_0,2026-01-05T07:00:00,9939.19,1.69,-0.001405
TrendFollowing_v1.0_EURUSD_0,2026-01-05T08:00:00,9937.97,1.7,-0.000123
TrendFollowing_v1.0_EURUSD_0,2026-01-05T09:00:00,9947.99,1.6,0.001008
TrendFollowing_v1.0_EURUSD_0,2026-01-05T10:00:00,9987.51,1.21,0.003972
TrendFollowing_v1.0_EURUSD_0,2026-01-05T11:00:00,9992.99,1.16,0.000549
TrendFollowing_v1.0_EURUSD_0,2026-01-05T12:00:00,10000.14,1.09,0.000715
TrendFollowing_v1.0_EURUSD_0,2026-01-05T13:00:00,10000.65,1.08,5.1e-05
TrendFollowing_v1.0_EURUSD_0,2026-01-05T14:00:00,9964.27,1.44,-0.003638
TrendFollowing_v1.0_EURUSD_0,2026-01-05T15:00:00,9965.74,1.43,0.000147
TrendFollowing_v1.0_EURUSD_0,2026-01-05T16:00:00,9968.93,1.4,0.00032
TrendFollowing_v1.0_EURUSD_0,2026-01-05T17:00:00,10020.04,0.89,0.005126
TrendFollowing_v1.0_EURUSD_0,2026-01-05T18:00:00,10018.19,0.91,-0.000185
TrendFollowing_v1.0_EURUSD_0,2026-01-05T19:00:00,10026.23,0.83,0.000803
TrendFollowing_v1.0_EURUSD_0,2026-01-05T20:00:00,10027.54,0.82,0.000131
TrendFollowing_v1.0_EURUSD_0,2026-01-05T21:00:00,10006.11,1.03,-0.002137
TrendFollowing_v1.0_EURUSD_0,2026-01-05T22:00:00,10030.98,0.78,0.002486
TrendFollowing_v1.0_EURUSD_0,2026-01-05T23:00:00,10048.07,0.61,0.001704
TrendFollowing_v1.0_EURUSD_0,2026-01-06T00:00:00,10065.98,0.44,0.001782
TrendFollowing_v1.0_EURUSD_0,2026-01-06T01:00:00,10049.68,0.6,-0.001619
TrendFollowing_v1.0_EURUSD_0,2026-01-06T02:00:00,10079.89,0.3,0.003006
TrendFollowing_v1.0_EURUSD_0,2026-01-06T03:00:00,10053.64,0.56,-0.002604
TrendFollowing_v1.0_EURUSD_0,2026-01-06T04:00:00,10067.45,0.42,0.001374
TrendFollowing_v1.0_EURUSD_0,2026-01-06T05:00:00,10113.57,0.0,0.004581
TrendFollowing_v1.0_EURUSD_0,2026-01-06T06:00:00,10095.56,0.18,-0.001781
TrendFollowing_v1.0_EURUSD_0,2026-01-06T07:00:00,10086.14,0.27,-0.000933
TrendFollowing_v1.0_EURUSD_0,2026-01-06T08:00:00,10090.17,0.23,0.000399
TrendFollowing_v1.0_EURUSD_0,2026-01-06T09:00:00,10082.03,0.31,-0.000807
TrendFollowing_v1.0_EURUSD_0,2026-01-06T10:00:00,10052.78,0.6,-0.002901
TrendFollowing_v1.0_EURUSD_0,2026-01-06T11:00:00,10056.17,0.57,0.000337
TrendFollowing_v1.0_EURUSD_0,2026-01-06T12:00:00,10036.81,0.76,-0.001925
TrendFollowing_v1.0_EURUSD_0,2026-01-06T13:00:00,10048.33,0.65,0.001147
TrendFollowing_v1.0_EURUSD_0,2026-01-06T14:00:00,10031.86,0.81,-0.001639
TrendFollowing_v1.0_EURUSD_0,2026-01-06T15:00:00,10064.96,0.48,0.0033
TrendFollowing_v1.0_EURUSD_0,2026-01-06T16:00:00,10051.21,0.62,-0.001367
TrendFollowing_v1.0_EURUSD_0,2026-01-06T17:00:00,10046.74,0.66,-0.000444
TrendFollowing_v1.0_EURUSD_0,2026-01-06T18:00:00,10065.1,0.48,0.001827
TrendFollowing_v1.0_EURUSD_0,2026-01-06T19:00:00,10042.34,0.7,-0.002262
TrendFollowing_v1.0_EURUSD_0,2026-01-06T20:00:00,10048.91,0.64,0.000655
TrendFollowing_v1.0_EURUSD_0,2026-01-06T21:00:00,10077.19,0.36,0.002814
TrendFollowing_v1.0_EURUSD_0,2026-01-06T22:00:00,10046.81,0.66,-0.003015
TrendFollowing_v1.0_EURUSD_0,2026-01-06T23:00:00,10052.53,0.6,0.000569
TrendFollowing_v1.0_EURUSD_0,2026-01-07T00:00:00,10059.77,0.53,0.00072
TrendFollowing_v1.0_EURUSD_0,2026-01-07T01:00:00,10077.51,0.36,0.001764
TrendFollowing_v1.0_EURUSD_0,2026-01-07T02:00:00,10054.59,0.58,-0.002274
TrendFollowing_v1.0_EURUSD_0,2026-01-07T03:00:00,10030.05,0.83,-0.002441
TrendFollowing_v1.0_EURUSD_0,2026-01-07T04:00:00,10042.53,0.7,0.001244
TrendFollowing_v1.0_EURUSD_0,2026-01-07T05:00:00,10050.5,0.62,0.000794
TrendFollowing_v1.0_EURUSD_0,2026-01-07T06:00:00,10057.54,0.55,0.000701
TrendFollowing_v1.0_EURUSD_0,2026-01-07T07:00:00,10066.53,0.47,0.000893
TrendFollowing_v1.0_EURUSD_0,2026-01-07T08:00:00,10054.85,0.58,-0.00116
TrendFollowing_v1.0_EURUSD_0,2026-01-07T09:00:00,10061.53,0.51,0.000665
TrendFollowing_v1.0_EURUSD_0,2026-01-07T10:00:00,10069.44,0.44,0.000786
TrendFollowing_v1.0_EURUSD_0,2026-01-07T11:00:00,10057.07,0.56,-0.001229
TrendFollowing_v1.0_EURUSD_0,2026-01-07T12:00:00,10096.61,0.17,0.003932
TrendFollowing_v1.0_EURUSD_0,2026-01-07T13:00:00,10108.19,0.05,0.001148
TrendFollowing_v1.0_EURUSD_0,2026-01-07T14:00:00,10086.13,0.27,-0.002183
TrendFollowing_v1.0_EURUSD_0,2026-01-07T15:00:00,10101.39,0.12,0.001513
TrendFollowing_v1.0_EURUSD_0,2026-01-07T16:00:00,10083.72,0.3,-0.001749
TrendFollowing_v1.0_EURUSD_0,2026-01-07T17:00:00,10101.61,0.12,0.001774
TrendFollowing_v1.0_EURUSD_0,2026-01-07T18:00:00,10127.04,0.0,0.002517
TrendFollowing_v1.0_EURUSD_0,2026-01-07T19:00:00,10112.44,0.14,-0.001441
TrendFollowing_v1.0_EURUSD_0,2026-01-07T20:00:00,10133.95,0.0,0.002127
TrendFollowing_v1.0_EURUSD_0,2026-01-07T21:00:00,10144.34,0.0,0.001026
TrendFollowing_v1.0_EURUSD_0,2026-01-07T22:00:00,10163.05,0.0,0.001844
TrendFollowing_v1.0_EURUSD_0,2026-01-07T23:00:00,10203.64,0.0,0.003994
TrendFollowing_v1.0_EURUSD_0,2026-01-08T00:00:00,10200.67,0.03,-0.000291
TrendFollowing_v1.0_EURUSD_0,2026-01-08T01:00:00,10187.33,0.16,-0.001307
TrendFollowing_v1.0_EURUSD_0,2026-01-08T02:00:00,10171.25,0.32,-0.001579
TrendFollowing_v1.0_EURUSD_0,2026-01-08T03:00:00,10156.69,0.46,-0.001432
TrendFollowing_v1.0_EURUSD_0,2026-01-08T04:00:00,10157.15,0.46,4.6e-05
TrendFollowing_v1.0_EURUSD_0,2026-01-08T05:00:00,10166.11,0.37,0.000882
TrendFollowing_v1.0_EURUSD_0,2026-01-08T06:00:00,10173.77,0.29,0.000753
TrendFollowing_v1.0_EURUSD_0,2026-01-08T07:00:00,10192.64,0.11,0.001854
TrendFollowing_v1.0_EURUSD_0,2026-01-08T08:00:00,10194.94,0.09,0.000226
TrendFollowing_v1.0_EURUSD_0,2026-01-08T09:00:00,10226.62,0.0,0.003107
TrendFollowing_v1.0_EURUSD_0,2026-01-08T10:00:00,10223.25,0.03,-0.000329
TrendFollowing_v1.0_EURUSD_0,2026-01-08T11:00:00,10280.91,0.0,0.00564
TrendFollowing_v1.0_EURUSD_0,2026-01-08T12:00:00,10295.83,0.0,0.001451
TrendFollowing_v1.0_EURUSD_0,2026-01-08T13:00:00,10280.24,0.15,-0.001514
TrendFollowing_v1.0_EURUSD_0,2026-01-08T14:00:00,10260.28,0.35,-0.001942
TrendFollowing_v1.0_EURUSD_0,2026-01-08T15:00:00,10272.23,0.23,0.001165
TrendFollowing_v1.0_EURUSD_0,2026-01-08T16:00:00,10269.7,0.25,-0.000247
TrendFollowing_v1.0_EURUSD_0,2026-01-08T17:00:00,10286.42,0.09,0.001628
TrendFollowing_v1.0_EURUSD_0,2026-01-08T18:00:00,10298.21,0.0,0.001146
TrendFollowing_v1.0_EURUSD_0,2026-01-08T19:00:00,10298.77,0.0,5.4e-05
TrendFollowing_v1.0_EURUSD_0,2026-01-08T20:00:00,10283.39,0.15,-0.001494
TrendFollowing_v1.0_EURUSD_0,2026-01-08T21:00:00,10254.29,0.43,-0.00283
TrendFollowing_v1.0_EURUSD_0,2026-01-08T22:00:00,10247.18,0.5,-0.000693
TrendFollowing_v1.0_EURUSD_0,2026-01-08T23:00:00,10266.78,0.31,0.001913
TrendFollowing_v1.0_EURUSD_0,2026-01-09T00:00:00,10273.23,0.25,0.000628
TrendFollowing_v1.0_EURUSD_0,2026-01-09T01:00:00,10249.69,0.48,-0.002291
TrendFollowing_v1.0_EURUSD_0,2026-01-09T02:00:00,10255.29,0.42,0.000546
TrendFollowing_v1.0_EURUSD_0,2026-01-09T03:00:00,10265.24,0.33,0.000971
TrendFollowing_v1.0_EURUSD_0,2026-01-09T04:00:00,10249.15,0.48,-0.001568
TrendFollowing_v1.0_EURUSD_0,2026-01-09T05:00:00,10254.35,0.43,0.000507
TrendFollowing_v1.0_EURUSD_0,2026-01-09T06:00:00,10257.6,0.4,0.000316
TrendFollowing_v1.0_EURUSD_0,2026-01-09T07:00:00,10236.2,0.61,-0.002086
TrendFollowing_v1.0_EURUSD_0,2026-01-09T08:00:00,10245.57,0.52,0.000916
TrendFollowing_v1.0_EURUSD_0,2026-01-09T09:00:00,10259.11,0.39,0.001322
TrendFollowing_v1.0_EURUSD_0,2026-01-09T10:00:00,10283.39,0.15,0.002366
TrendFollowing_v1.0_EURUSD_0,2026-01-09T11:00:00,10307.12,0.0,0.002308
TrendFollowing_v1.0_EURUSD_0,2026-01-09T12:00:00,10280.78,0.26,-0.002555
TrendFollowing_v1.0_EURUSD_0,2026-01-09T13:00:00,10263.55,0.42,-0.001676
TrendFollowing_v1.0_EURUSD_0,2026-01-09T14:00:00,10276.18,0.3,0.00123
TrendFollowing_v1.0_EURUSD_0,2026-01-09T15:00:00,10288.79,0.18,0.001228
TrendFollowing_v1.0_EURUSD_0,2026-01-09T16:00:00,10301.45,0.06,0.00123
TrendFollowing_v1.0_EURUSD_0,2026-01-09T17:00:00,10382.88,0.0,0.007905
TrendFollowing_v1.0_EURUSD_0,2026-01-09T18:00:00,10396.82,0.0,0.001342
TrendFollowing_v1.0_EURUSD_0,2026-01-09T19:00:00,10422.51,0.0,0.002471
TrendFollowing_v1.0_EURUSD_0,2026-01-09T20:00:00,10444.48,0.0,0.002108
TrendFollowing_v1.0_EURUSD_0,2026-01-09T21:00:00,10460.17,0.0,0.001503
TrendFollowing_v1.0_EURUSD_0,2026-01-09T22:00:00,10455.67,0.04,-0.000431
TrendFollowing_v1.0_EURUSD_0,2026-01-09T23:00:00,10473.63,0.0,0.001718
TrendFollowing_v1.0_EURUSD_0,2026-01-10T00:00:00,10459.54,0.13,-0.001346
TrendFollowing_v1.0_EURUSD_0,2026-01-10T01:00:00,10456.68,0.16,-0.000274
TrendFollowing_v1.0_EURUSD_0,2026-01-10T02:00:00,10448.62,0.24,-0.000771
TrendFollowing_v1.0_EURUSD_0,2026-01-10T03:00:00,10452.42,0.2,0.000364
TrendFollowing_v1.0_EURUSD_0,2026-01-10T04:00:00,10502.9,0.0,0.004829
TrendFollowing_v1.0_EURUSD_0,2026-01-10T05:00:00,10465.77,0.35,-0.003535
TrendFollowing_v1.0_EURUSD_0,2026-01-10T06:00:00,10482.23,0.2,0.001573
TrendFollowing_v1.0_EURUSD_0,2026-01-10T07:00:00,10450.52,0.5,-0.003025
TrendFollowing_v1.0_EURUSD_0,2026-01-10T08:00:00,10442.74,0.57,-0.000744
TrendFollowing_v1.0_EURUSD_0,2026-01-10T09:00:00,10467.58,0.34,0.002378
TrendFollowing_v1.0_EURUSD_0,2026-01-10T10:00:00,10471.02,0.3,0.000329
TrendFollowing_v1.0_EURUSD_0,2026-01-10T11:00:00,10450.54,0.5,-0.001955
TrendFollowing_v1.0_EURUSD_0,2026-01-10T12:00:00,10437.68,0.62,-0.001231
TrendFollowing_v1.0_EURUSD_0,2026-01-10T13:00:00,10453.95,0.47,0.001559
TrendFollowing_v1.0_EURUSD_0,2026-01-10T14:00:00,10440.77,0.59,-0.001261
TrendFollowing_v1.0_EURUSD_0,2026-01-10T15:00:00,10447.38,0.53,0.000633
TrendFollowing_v1.0_EURUSD_0,2026-01-10T16:00:00,10450.42,0.5,0.000291
TrendFollowing_v1.0_EURUSD_0,2026-01-10T17:00:00,10438.89,0.61,-0.001103
TrendFollowing_v1.0_EURUSD_0,2026-01-10T18:00:00,10485.74,0.16,0.004488
TrendFollowing_v1.0_EURUSD_0,2026-01-10T19:00:00,10501.13,0.02,0.001468
TrendFollowing_v1.0_EURUSD_0,2026-01-10T20:00:00,10460.7,0.4,-0.00385
TrendFollowing_v1.0_EURUSD_0,2026-01-10T21:00:00,10466.7,0.34,0.000573
TrendFollowing_v1.0_EURUSD_0,2026-01-10T22:00:00,10454.94,0.46,-0.001124
TrendFollowing_v1.0_EURUSD_0,2026-01-10T23:00:00,10474.85,0.27,0.001905
TrendFollowing_v1.0_EURUSD_0,2026-01-11T00:00:00,10460.34,0.41,-0.001385
TrendFollowing_v1.0_EURUSD_0,2026-01-11T01:00:00,10460.03,0.41,-2.9e-05
TrendFollowing_v1.0_EURUSD_0,2026-01-11T02:00:00,10472.69,0.29,0.00121
TrendFollowing_v1.0_EURUSD_0,2026-01-11T03:00:00,10492.92,0.1,0.001932
TrendFollowing_v1.0_EURUSD_0,2026-01-11T04:00:00,10469.83,0.31,-0.002201
TrendFollowing_v1.0_EURUSD_0,2026-01-11T05:00:00,10464.92,0.36,-0.000469
TrendFollowing_v1.0_EURUSD_0,2026-01-11T06:00:00,10457.07,0.44,-0.00075
TrendFollowing_v1.0_EURUSD_0,2026-01-11T07:00:00,10445.5,0.55,-0.001107
TrendFollowing_v1.0_EURUSD_0,2026-01-11T08:00:00,10484.47,0.18,0.003731
TrendFollowing_v1.0_EURUSD_0,2026-01-11T09:00:00,10495.06,0.07,0.00101
TrendFollowing_v1.0_EURUSD_0,2026-01-11T10:00:00,10470.69,0.31,-0.002322
TrendFollowing_v1.0_EURUSD_0,2026-01-11T11:00:00,10492.01,0.1,0.002036
TrendFollowing_v1.0_EURUSD_0,2026-01-11T12:00:00,10538.64,0.0,0.004444
TrendFollowing_v1.0_EURUSD_0,2026-01-11T13:00:00,10562.51,0.0,0.002265
TrendFollowing_v1.0_EURUSD_0,2026-01-11T14:00:00,10532.52,0.28,-0.002839
TrendFollowing_v1.0_EURUSD_0,2026-01-11T15:00:00,10524.43,0.36,-0.000768
TrendFollowing_v1.0_EURUSD_0,2026-01-11T16:00:00,10553.2,0.09,0.002734
TrendFollowing_v1.0_EURUSD_0,2026-01-11T17:00:00,10540.37,0.21,-0.001215
TrendFollowing_v1.0_EURUSD_0,2026-01-11T18:00:00,10551.84,0.1,0.001088
TrendFollowing_v1.0_EURUSD_0,2026-01-11T19:00:00,10570.3,0.0,0.001749
TrendFollowing_v1.0_EURUSD_0,2026-01-11T20:00:00,10552.81,0.17,-0.001654
TrendFollowing_v1.0_EURUSD_0,2026-01-11T21:00:00,10553.67,0.16,8.1e-05
TrendFollowing_v1.0_EURUSD_0,2026-01-11T22:00:00,10487.36,0.78,-0.006283
TrendFollowing_v1.0_EURUSD_0,2026-01-11T23:00:00,10467.98,0.97,-0.001849
TrendFollowing_v1.0_EURUSD_0,2026-01-12T00:00:00,10464.78,1.0,-0.000305
TrendFollowing_v1.0_EURUSD_0,2026-01-12T01:00:00,10440.76,1.23,-0.002296
TrendFollowing_v1.0_EURUSD_0,2026-01-12T02:00:00,10476.93,0.88,0.003465
TrendFollowing_v1.0_EURUSD_0,2026-01-12T03:00:00,10449.06,1.15,-0.00266
TrendFollowing_v1.0_EURUSD_0,2026-01-12T04:00:00,10441.96,1.21,-0.00068
TrendFollowing_v1.0_EURUSD_0,2026-01-12T05:00:00,10446.77,1.17,0.000461
TrendFollowing_v1.0_EURUSD_0,2026-01-12T06:00:00,10478.98,0.86,0.003083
TrendFollowing_v1.0_EURUSD_0,2026-01-12T07:00:00,10450.98,1.13,-0.002672
TrendFollowing_v1.0_EURUSD_0,2026-01-12T08:00:00,10477.38,0.88,0.002526
TrendFollowing_v1.0_EURUSD_0,2026-01-12T09:00:00,10479.69,0.86,0.00022
TrendFollowing_v1.0_EURUSD_0,2026-01-12T10:00:00,10461.22,1.03,-0.001763
TrendFollowing_v1.0_EURUSD_0,2026-01-12T11:00:00,10472.98,0.92,0.001124
TrendFollowing_v1.0_EURUSD_0,2026-01-12T12:00:00,10479.24,0.86,0.000598
TrendFollowing_v1.0_EURUSD_0,2026-01-12T13:00:00,10468.76,0.96,-0.001
TrendFollowing_v1.0_EURUSD_0,2026-01-12T14:00:00,10472.31,0.93,0.00034
TrendFollowing_v1.0_EURUSD_0,2026-01-12T15:00:00,10466.34,0.98,-0.000571
TrendFollowing_v1.0_EURUSD_0,2026-01-12T16:00:00,10470.81,0.94,0.000427
TrendFollowing_v1.0_EURUSD_0,2026-01-12T17:00:00,10486.77,0.79,0.001524
TrendFollowing_v1.0_EURUSD_0,2026-01-12T18:00:00,10522.13,0.46,0.003372
TrendFollowing_v1.0_EURUSD_0,2026-01-12T19:00:00,10498.18,0.68,-0.002276
TrendFollowing_v1.0_EURUSD_0,2026-01-12T20:00:00,10545.07,0.24,0.004466
TrendFollowing_v1.0_EURUSD_0,2026-01-12T21:00:00,10506.01,0.61,-0.003704
TrendFollowing_v1.0_EURUSD_0,2026-01-12T22:00:00,10504.92,0.62,-0.000104
TrendFollowing_v1.0_EURUSD_0,2026-01-12T23:00:00,10519.38,0.48,0.001377
TrendFollowing_v1.0_EURUSD_0,2026-01-13T00:00:00,10527.4,0.41,0.000762
TrendFollowing_v1.0_EURUSD_0,2026-01-13T01:00:00,10516.39,0.51,-0.001045
TrendFollowing_v1.0_EURUSD_0,2026-01-13T02:00:00,10514.12,0.53,-0.000216
TrendFollowing_v1.0_EURUSD_0,2026-01-13T03:00:00,10505.85,0.61,-0.000786
TrendFollowing_v1.0_EURUSD_0,2026-01-13T04:00:00,10495.57,0.71,-0.000979
TrendFollowing_v1.0_EURUSD_0,2026-01-13T05:00:00,10515.51,0.52,0.001899
TrendFollowing_v1.0_EURUSD_0,2026-01-13T06:00:00,10525.12,0.43,0.000914
TrendFollowing_v1.0_EURUSD_0,2026-01-13T07:00:00,10512.64,0.55,-0.001186
TrendFollowing_v1.0_EURUSD_0,2026-01-13T08:00:00,10533.65,0.35,0.001999
TrendFollowing_v1.0_EURUSD_0,2026-01-13T09:00:00,10542.23,0.27,0.000815
TrendFollowing_v1.0_EURUSD_0,2026-01-13T10:00:00,10561.48,0.08,0.001826
TrendFollowing_v1.0_EURUSD_0,2026-01-13T11:00:00,10576.89,0.0,0.001459
TrendFollowing_v1.0_EURUSD_0,2026-01-13T12:00:00,10561.47,0.15,-0.001458
TrendFollowing_v1.0_EURUSD_0,2026-01-13T13:00:00,10551.75,0.24,-0.00092
TrendFollowing_v1.0_EURUSD_0,2026-01-13T14:00:00,10569.63,0.07,0.001695
TrendFollowing_v1.0_EURUSD_0,2026-01-13T15:00:00,10584.65,0.0,0.001421
TrendFollowing_v1.0_EURUSD_0,2026-01-13T16:00:00,10586.32,0.0,0.000158
TrendFollowing_v1.0_EURUSD_0,2026-01-13T17:00:00,10590.92,0.0,0.000435
TrendFollowing_v1.0_EURUSD_0,2026-01-13T18:00:00,10620.11,0.0,0.002755
TrendFollowing_v1.0_EURUSD_0,2026-01-13T19:00:00,10609.67,0.1,-0.000983
TrendFollowing_v1.0_EURUSD_0,2026-01-13T20:00:00,10623.4,0.0,0.001294
TrendFollowing_v1.0_EURUSD_0,2026-01-13T21:00:00,10621.23,0.02,-0.000204
TrendFollowing_v1.0_EURUSD_0,2026-01-13T22:00:00,10618.73,0.04,-0.000235
TrendFollowing_v1.0_EURUSD_0,2026-01-13T23:00:00,10644.18,0.0,0.002398
TrendFollowing_v1.0_EURUSD_0,2026-01-14T00:00:00,10663.88,0.0,0.001851
TrendFollowing_v1.0_EURUSD_0,2026-01-14T01:00:00,10683.37,0.0,0.001827
TrendFollowing_v1.0_EURUSD_0,2026-01-14T02:00:00,10713.4,0.0,0.002811
TrendFollowing_v1.0_EURUSD_0,2026-01-14T03:00:00,10715.99,0.0,0.000242
TrendFollowing_v1.0_EURUSD_0,2026-01-14T04:00:00,10732.75,0.0,0.001564
TrendFollowing_v1.0_EURUSD_0,2026-01-14T05:00:00,10728.24,0.04,-0.000421
TrendFollowing_v1.0_EURUSD_0,2026-01-14T06:00:00,10737.34,0.0,0.000848
TrendFollowing_v1.0_EURUSD_0,2026-01-14T07:00:00,10736.69,0.01,-6e-05
TrendFollowing_v1.0_EURUSD_0,2026-01-14T08:00:00,10740.92,0.0,0.000394
TrendFollowing_v1.0_EURUSD_0,2026-01-14T09:00:00,10755.85,0.0,0.00139
TrendFollowing_v1.0_EURUSD_0,2026-01-14T10:00:00,10740.4,0.14,-0.001436
TrendFollowing_v1.0_EURUSD_0,2026-01-14T11:00:00,10787.5,0.0,0.004385
TrendFollowing_v1.0_EURUSD_0,2026-01-14T12:00:00,10767.95,0.18,-0.001812
TrendFollowing_v1.0_EURUSD_0,2026-01-14T13:00:00,10743.96,0.4,-0.002228
TrendFollowing_v1.0_EURUSD_0,2026-01-14T14:00:00,10770.99,0.15,0.002516
TrendFollowing_v1.0_EURUSD_0,2026-01-14T15:00:00,10790.2,0.0,0.001783
TrendFollowing_v1.0_EURUSD_0,2026-01-14T16:00:00,10805.82,0.0,0.001448
TrendFollowing_v1.0_EURUSD_0,2026-01-14T17:00:00,10821.57,0.0,0.001457
TrendFollowing_v1.0_EURUSD_0,2026-01-14T18:00:00,10823.46,0.0,0.000176
TrendFollowing_v1.0_EURUSD_0,2026-01-14T19:00:00,10806.21,0.16,-0.001595
TrendFollowing_v1.0_EURUSD_0,2026-01-14T20:00:00,10810.01,0.12,0.000352
TrendFollowing_v1.0_EURUSD_0,2026-01-14T21:00:00,10797.53,0.24,-0.001154
TrendFollowing_v1.0_EURUSD_0,2026-01-14T22:00:00,10820.75,0.03,0.00215
TrendFollowing_v1.0_EURUSD_0,2026-01-14T23:00:00,10819.73,0.03,-9.4e-05
TrendFollowing_v1.0_EURUSD_0,2026-01-15T00:00:00,10804.03,0.18,-0.001451
TrendFollowing_v1.0_EURUSD_0,2026-01-15T01:00:00,10799.24,0.22,-0.000443
TrendFollowing_v1.0_EURUSD_0,2026-01-15T02:00:00,10810.32,0.12,0.001026
TrendFollowing_v1.0_EURUSD_0,2026-01-15T03:00:00,10800.3,0.21,-0.000927
TrendFollowing_v1.0_EURUSD_0,2026-01-15T04:00:00,10784.7,0.36,-0.001444
TrendFollowing_v1.0_EURUSD_0,2026-01-15T05:00:00,10792.11,0.29,0.000687
TrendFollowing_v1.0_EURUSD_0,2026-01-15T06:00:00,10799.55,0.22,0.00069
TrendFollowing_v1.0_EURUSD_0,2026-01-15T07:00:00,10790.77,0.3,-0.000814
TrendFollowing_v1.0_EURUSD_0,2026-01-15T08:00:00,10782.76,0.38,-0.000742
TrendFollowing_v1.0_EURUSD_0,2026-01-15T09:00:00,10789.92,0.31,0.000664
TrendFollowing_v1.0_EURUSD_0,2026-01-15T10:00:00,10760.83,0.58,-0.002696
TrendFollowing_v1.0_EURUSD_0,2026-01-15T11:00:00,10732.69,0.84,-0.002615
TrendFollowing_v1.0_EURUSD_0,2026-01-15T12:00:00,10719.41,0.96,-0.001237
TrendFollowing_v1.0_EURUSD_0,2026-01-15T13:00:00,10716.98,0.98,-0.000227
TrendFollowing_v1.0_EURUSD_0,2026-01-15T14:00:00,10725.79,0.9,0.000822
TrendFollowing_v1.0_EURUSD_0,2026-01-15T15:00:00,10759.58,0.59,0.003151
TrendFollowing_v1.0_EURUSD_0,2026-01-15T16:00:00,10780.19,0.4,0.001915
TrendFollowing_v1.0_EURUSD_0,2026-01-15T17:00:00,10778.9,0.41,-0.00012
TrendFollowing_v1.0_EURUSD_0,2026-01-15T18:00:00,10780.64,0.4,0.000162
TrendFollowing_v1.0_EURUSD_0,2026-01-15T19:00:00,10761.18,0.58,-0.001805
TrendFollowing_v1.0_EURUSD_0,2026-01-15T20:00:00,10762.94,0.56,0.000163
TrendFollowing_v1.0_EURUSD_0,2026-01-15T21:00:00,10758.88,0.6,-0.000377
TrendFollowing_v1.0_EURUSD_0,2026-01-15T22:00:00,10767.97,0.51,0.000845
TrendFollowing_v1.0_EURUSD_0,2026-01-15T23:00:00,10752.31,0.66,-0.001454
TrendFollowing_v1.0_EURUSD_0,2026-01-16T00:00:00,10765.63,0.53,0.001239
TrendFollowing_v1.0_EURUSD_0,2026-01-16T01:00:00,10800.78,0.21,0.003265
TrendFollowing_v1.0_EURUSD_0,2026-01-16T02:00:00,10800.6,0.21,-1.8e-05
TrendFollowing_v1.0_EURUSD_0,2026-01-16T03:00:00,10811.43,0.11,0.001003
TrendFollowing_v1.0_EURUSD_0,2026-01-16T04:00:00,10828.52,0.0,0.00158
TrendFollowing_v1.0_EURUSD_0,2026-01-16T05:00:00,10821.99,0.06,-0.000602
TrendFollowing_v1.0_EURUSD_0,2026-01-16T06:00:00,10829.01,0.0,0.000648
TrendFollowing_v1.0_EURUSD_0,2026-01-16T07:00:00,10831.45,0.0,0.000225
TrendFollowing_v1.0_EURUSD_0,2026-01-16T08:00:00,10835.73,0.0,0.000395
TrendFollowing_v1.0_EURUSD_0,2026-01-16T09:00:00,10821.15,0.13,-0.001346
TrendFollowing_v1.0_EURUSD_0,2026-01-16T10:00:00,10823.84,0.11,0.000249
TrendFollowing_v1.0_EURUSD_0,2026-01-16T11:00:00,10836.78,0.0,0.001196
TrendFollowing_v1.0_EURUSD_0,2026-01-16T12:00:00,10870.4,0.0,0.003102
TrendFollowing_v1.0_EURUSD_0,2026-01-16T13:00:00,10893.43,0.0,0.002119
TrendFollowing_v1.0_EURUSD_0,2026-01-16T14:00:00,10942.52,0.0,0.004506
TrendFollowing_v1.0_EURUSD_0,2026-01-16T15:00:00,10927.92,0.13,-0.001335
TrendFollowing_v1.0_EURUSD_0,2026-01-16T16:00:00,10949.17,0.0,0.001945
TrendFollowing_v1.0_EURUSD_0,2026-01-16T17:00:00,10955.37,0.0,0.000567
TrendFollowing_v1.0_EURUSD_0,2026-01-16T18:00:00,11005.54,0.0,0.00458
TrendFollowing_v1.0_EURUSD_0,2026-01-16T19:00:00,10989.95,0.14,-0.001417
TrendFollowing_v1.0_EURUSD_0,2026-01-16T20:00:00,10973.7,0.29,-0.001479
TrendFollowing_v1.0_EURUSD_0,2026-01-16T21:00:00,10962.74,0.39,-0.000999
TrendFollowing_v1.0_EURUSD_0,2026-01-16T22:00:00,10918.36,0.79,-0.004048
TrendFollowing_v1.0_EURUSD_0,2026-01-16T23:00:00,10909.06,0.88,-0.000852
TrendFollowing_v1.0_EURUSD_0,2026-01-17T00:00:00,10894.68,1.01,-0.001318
TrendFollowing_v1.0_EURUSD_0,2026-01-17T01:00:00,10900.14,0.96,0.000501
TrendFollowing_v1.0_EURUSD_0,2026-01-17T02:00:00,10909.77,0.87,0.000884
TrendFollowing_v1.0_EURUSD_0,2026-01-17T03:00:00,10952.89,0.48,0.003952
TrendFollowing_v1.0_EURUSD_0,2026-01-17T04:00:00,10975.9,0.27,0.002101
TrendFollowing_v1.0_EURUSD_0,2026-01-17T05:00:00,10965.43,0.36,-0.000954
TrendFollowing_v1.0_EURUSD_0,2026-01-17T06:00:00,10947.92,0.52,-0.001597
TrendFollowing_v1.0_EURUSD_0,2026-01-17T07:00:00,10960.88,0.41,0.001184
TrendFollowing_v1.0_EURUSD_0,2026-01-17T08:00:00,10934.13,0.65,-0.00244
TrendFollowing_v1.0_EURUSD_0,2026-01-17T09:00:00,10976.37,0.27,0.003863
TrendFollowing_v1.0_EURUSD_0,2026-01-17T10:00:00,11004.45,0.01,0.002559
TrendFollowing_v1.0_EURUSD_0,2026-01-17T11:00:00,10996.33,0.08,-0.000738
TrendFollowing_v1.0_EURUSD_0,2026-01-17T12:00:00,10960.85,0.41,-0.003226
TrendFollowing_v1.0_EURUSD_0,2026-01-17T13:00:00,10992.72,0.12,0.002908
TrendFollowing_v1.0_EURUSD_0,2026-01-17T14:00:00,10992.4,0.12,-2.9e-05
TrendFollowing_v1.0_EURUSD_0,2026-01-17T15:00:00,11021.82,0.0,0.002676
TrendFollowing_v1.0_EURUSD_0,2026-01-17T16:00:00,10988.87,0.3,-0.002989
TrendFollowing_v1.0_EURUSD_0,2026-01-17T17:00:00,10977.9,0.4,-0.000999
TrendFollowing_v1.0_EURUSD_0,2026-01-17T18:00:00,10980.21,0.38,0.00021
TrendFollowing_v1.0_EURUSD_0,2026-01-17T19:00:00,10983.44,0.35,0.000294
TrendFollowing_v1.0_EURUSD_0,2026-01-17T20:00:00,10975.75,0.42,-0.0007
TrendFollowing_v1.0_EURUSD_0,2026-01-17T21:00:00,10991.61,0.27,0.001446
TrendFollowing_v1.0_EURUSD_0,2026-01-17T22:00:00,10970.34,0.47,-0.001935
TrendFollowing_v1.0_EURUSD_0,2026-01-17T23:00:00,10969.41,0.48,-8.5e-05
TrendFollowing_v1.0_EURUSD_0,2026-01-18T00:00:00,10974.25,0.43,0.000441
TrendFollowing_v1.0_EURUSD_0,2026-01-18T01:00:00,10987.73,0.31,0.001229
TrendFollowing_v1.0_EURUSD_0,2026-01-18T02:00:00,11005.57,0.15,0.001623
TrendFollowing_v1.0_EURUSD_0,2026-01-18T03:00:00,10983.01,0.35,-0.002049
TrendFollowing_v1.0_EURUSD_0,2026-01-18T04:00:00,10951.51,0.64,-0.002868
TrendFollowing_v1.0_EURUSD_0,2026-01-18T05:00:00,10981.69,0.36,0.002755
TrendFollowing_v1.0_EURUSD_0,2026-01-18T06:00:00,10991.18,0.28,0.000865
TrendFollowing_v1.0_EURUSD_0,2026-01-18T07:00:00,10976.93,0.41,-0.001297
TrendFollowing_v1.0_EURUSD_0,2026-01-18T08:00:00,11013.18,0.08,0.003302
TrendFollowing_v1.0_EURUSD_0,2026-01-18T09:00:00,11017.93,0.04,0.000431
TrendFollowing_v1.0_EURUSD_0,2026-01-18T10:00:00,11046.12,0.0,0.002559
TrendFollowing_v1.0_EURUSD_0,2026-01-18T11:00:00,11049.82,0.0,0.000335
TrendFollowing_v1.0_EURUSD_0,2026-01-18T12:00:00,11097.57,0.0,0.004321
TrendFollowing_v1.0_EURUSD_0,2026-01-18T13:00:00,11138.75,0.0,0.003711
TrendFollowing_v1.0_EURUSD_0,2026-01-18T14:00:00,11135.43,0.03,-0.000298
TrendFollowing_v1.0_EURUSD_0,2026-01-18T15:00:00,11159.3,0.0,0.002143
TrendFollowing_v1.0_EURUSD_0,2026-01-18T16:00:00,11175.93,0.0,0.001491
TrendFollowing_v1.0_EURUSD_0,2026-01-18T17:00:00,11208.76,0.0,0.002937
TrendFollowing_v1.0_EURUSD_0,2026-01-18T18:00:00,11189.37,0.17,-0.00173
TrendFollowing_v1.0_EURUSD_0,2026-01-18T19:00:00,11206.96,0.02,0.001572
TrendFollowing_v1.0_EURUSD_0,2026-01-18T20:00:00,11232.92,0.0,0.002317
TrendFollowing_v1.0_EURUSD_0,2026-01-18T21:00:00,11195.66,0.33,-0.003317
TrendFollowing_v1.0_EURUSD_0,2026-01-18T22:00:00,11171.4,0.55,-0.002167
TrendFollowing_v1.0_EURUSD_0,2026-01-18T23:00:00,11128.08,0.93,-0.003878
TrendFollowing_v1.0_EURUSD_0,2026-01-19T00:00:00,11124.31,0.97,-0.000339
TrendFollowing_v1.0_EURUSD_0,2026-01-19T01:00:00,11142.5,0.81,0.001635
TrendFollowing_v1.0_EURUSD_0,2026-01-19T02:00:00,11178.2,0.49,0.003205
TrendFollowing_v1.0_EURUSD_0,2026-01-19T03:00:00,11182.1,0.45,0.000348
TrendFollowing_v1.0_EURUSD_0,2026-01-19T04:00:00,11220.75,0.11,0.003457
TrendFollowing_v1.0_EURUSD_0,2026-01-19T05:00:00,11192.03,0.36,-0.00256
TrendFollowing_v1.0_EURUSD_0,2026-01-19T06:00:00,11156.14,0.68,-0.003207
TrendFollowing_v1.0_EURUSD_0,2026-01-19T07:00:00,11157.13,0.67,8.9e-05
TrendFollowing_v1.0_EURUSD_0,2026-01-19T08:00:00,11167.93,0.58,0.000968
TrendFollowing_v1.0_EURUSD_0,2026-01-19T09:00:00,11169.43,0.57,0.000135
TrendFollowing_v1.0_EURUSD_0,2026-01-19T10:00:00,11125.48,0.96,-0.003935
TrendFollowing_v1.0_EURUSD_0,2026-01-19T11:00:00,11125.73,0.95,2.2e-05
TrendFollowing_v1.0_EURUSD_0,2026-01-19T12:00:00,11098.92,1.19,-0.002409
TrendFollowing_v1.0_EURUSD_0,2026-01-19T13:00:00,11116.01,1.04,0.001539
TrendFollowing_v1.0_EURUSD_0,2026-01-19T14:00:00,11126.38,0.95,0.000933
TrendFollowing_v1.0_EURUSD_0,2026-01-19T15:00:00,11107.69,1.11,-0.00168
TrendFollowing_v1.0_EURUSD_0,2026-01-19T16:00:00,11098.5,1.2,-0.000828
TrendFollowing_v1.0_EURUSD_0,2026-01-19T17:00:00,11077.21,1.39,-0.001918
TrendFollowing_v1.0_EURUSD_0,2026-01-19T18:00:00,11078.03,1.38,7.5e-05
TrendFollowing_v1.0_EURUSD_0,2026-01-19T19:00:00,11101.41,1.17,0.00211
TrendFollowing_v1.0_EURUSD_0,2026-01-19T20:00:00,11081.75,1.35,-0.001771
TrendFollowing_v1.0_EURUSD_0,2026-01-19T21:00:00,11095.13,1.23,0.001208
TrendFollowing_v1.0_EURUSD_0,2026-01-19T22:00:00,11085.59,1.31,-0.000861
TrendFollowing_v1.0_EURUSD_0,2026-01-19T23:00:00,11070.22,1.45,-0.001386
TrendFollowing_v1.0_EURUSD_0,2026-01-20T00:00:00,11070.07,1.45,-1.4e-05
TrendFollowing_v1.0_EURUSD_0,2026-01-20T01:00:00,11049.36,1.63,-0.00187
TrendFollowing_v1.0_EURUSD_0,2026-01-20T02:00:00,11039.34,1.72,-0.000907
TrendFollowing_v1.0_EURUSD_0,2026-01-20T03:00:00,11015.1,1.94,-0.002196
TrendFollowing_v1.0_EURUSD_0,2026-01-20T04:00:00,11060.58,1.53,0.004129
TrendFollowing_v1.0_EURUSD_0,2026-01-20T05:00:00,11063.58,1.51,0.000271
TrendFollowing_v1.0_EURUSD_0,2026-01-20T06:00:00,11050.31,1.63,-0.001199
TrendFollowing_v1.0_EURUSD_0,2026-01-20T07:00:00,11057.25,1.56,0.000628
TrendFollowing_v1.0_EURUSD_0,2026-01-20T08:00:00,11056.97,1.57,-2.5e-05
TrendFollowing_v1.0_EURUSD_0,2026-01-20T09:00:00,11054.3,1.59,-0.000242
TrendFollowing_v1.0_EURUSD_0,2026-01-20T10:00:00,11070.09,1.45,0.001428
TrendFollowing_v1.0_EURUSD_0,2026-01-20T11:00:00,11089.07,1.28,0.001715
TrendFollowing_v1.0_EURUSD_0,2026-01-20T12:00:00,11079.52,1.37,-0.000861
TrendFollowing_v1.0_EURUSD_0,2026-01-20T13:00:00,11068.98,1.46,-0.000952
TrendFollowing_v1.0_EURUSD_0,2026-01-20T14:00:00,11065.11,1.49,-0.00035
TrendFollowing_v1.0_EURUSD_0,2026-01-20T15:00:00,11016.38,1.93,-0.004404
TrendFollowing_v1.0_EURUSD_0,2026-01-20T16:00:00,10985.2,2.21,-0.00283
TrendFollowing_v1.0_EURUSD_0,2026-01-20T17:00:00,11017.42,1.92,0.002934
TrendFollowing_v1.0_EURUSD_0,2026-01-20T18:00:00,11055.87,1.58,0.00349
TrendFollowing_v1.0_EURUSD_0,2026-01-20T19:00:00,11052.58,1.61,-0.000298
TrendFollowing_v1.0_EURUSD_0,2026-01-20T20:00:00,11067.53,1.47,0.001353
TrendFollowing_v1.0_EURUSD_0,2026-01-20T21:00:00,11076.64,1.39,0.000823
TrendFollowing_v1.0_EURUSD_0,2026-01-20T22:00:00,11147.06,0.76,0.006358
TrendFollowing_v1.0_EURUSD_0,2026-01-20T23:00:00,11174.25,0.52,0.002439
TrendFollowing_v1.0_EURUSD_0,2026-01-21T00:00:00,11173.63,0.53,-5.6e-05
TrendFollowing_v1.0_EURUSD_0,2026-01-21T01:00:00,11154.51,0.7,-0.001711
TrendFollowing_v1.0_EURUSD_0,2026-01-21T02:00:00,11120.9,1.0,-0.003013
TrendFollowing_v1.0_EURUSD_0,2026-01-21T03:00:00,11127.65,0.94,0.000607
TrendFollowing_v1.0_EURUSD_0,2026-01-21T04:00:00,11113.04,1.07,-0.001313
TrendFollowing_v1.0_EURUSD_0,2026-01-21T05:00:00,11083.65,1.33,-0.002645
TrendFollowing_v1.0_EURUSD_0,2026-01-21T06:00:00,11071.54,1.44,-0.001093
TrendFollowing_v1.0_EURUSD_0,2026-01-21T07:00:00,11049.8,1.63,-0.001963
TrendFollowing_v1.0_EURUSD_0,2026-01-21T08:00:00,11089.3,1.28,0.003574
TrendFollowing_v1.0_EURUSD_0,2026-01-21T09:00:00,11111.07,1.08,0.001963
TrendFollowing_v1.0_EURUSD_0,2026-01-21T10:00:00,11113.11,1.07,0.000184
TrendFollowing_v1.0_EURUSD_0,2026-01-21T11:00:00,11148.23,0.75,0.00316
TrendFollowing_v1.0_EURUSD_0,2026-01-21T12:00:00,11152.18,0.72,0.000355
TrendFollowing_v1.0_EURUSD_0,2026-01-21T13:00:00,11135.2,0.87,-0.001523
TrendFollowing_v1.0_EURUSD_0,2026-01-21T14:00:00,11171.35,0.55,0.003246
TrendFollowing_v1.0_EURUSD_0,2026-01-21T15:00:00,11185.63,0.42,0.001278
TrendFollowing_v1.0_EURUSD_0,2026-01-21T16:00:00,11164.66,0.61,-0.001874
TrendFollowing_v1.0_EURUSD_0,2026-01-21T17:00:00,11162.64,0.63,-0.000181
TrendFollowing_v1.0_EURUSD_0,2026-01-21T18:00:00,11145.33,0.78,-0.001551
TrendFollowing_v1.0_EURUSD_0,2026-01-21T19:00:00,11116.73,1.03,-0.002566
TrendFollowing_v1.0_EURUSD_0,2026-01-21T20:00:00,11139.55,0.83,0.002052
TrendFollowing_v1.0_EURUSD_0,2026-01-21T21:00:00,11184.32,0.43,0.004019
TrendFollowing_v1.0_EURUSD_0,2026-01-21T22:00:00,11155.27,0.69,-0.002597
TrendFollowing_v1.0_EURUSD_0,2026-01-21T23:00:00,11170.06,0.56,0.001326
TrendFollowing_v1.0_EURUSD_0,2026-01-22T00:00:00,11157.76,0.67,-0.001101
TrendFollowing_v1.0_EURUSD_0,2026-01-22T01:00:00,11149.12,0.75,-0.000774
TrendFollowing_v1.0_EURUSD_0,2026-01-22T02:00:00,11138.14,0.84,-0.000985
TrendFollowing_v1.0_EURUSD_0,2026-01-22T03:00:00,11121.12,1.0,-0.001528
TrendFollowing_v1.0_EURUSD_0,2026-01-22T04:00:00,11124.42,0.97,0.000297
TrendFollowing_v1.0_EURUSD_0,2026-01-22T05:00:00,11108.16,1.11,-0.001462
TrendFollowing_v1.0_EURUSD_0,2026-01-22T06:00:00,11116.39,1.04,0.000741
TrendFollowing_v1.0_EURUSD_0,2026-01-22T07:00:00,11117.5,1.03,0.0001
TrendFollowing_v1.0_EURUSD_0,2026-01-22T08:00:00,11114.41,1.06,-0.000278
TrendFollowing_v1.0_EURUSD_0,2026-01-22T09:00:00,11096.46,1.21,-0.001615
TrendFollowing_v1.0_EURUSD_0,2026-01-22T10:00:00,11085.88,1.31,-0.000954
TrendFollowing_v1.0_EURUSD_0,2026-01-22T11:00:00,11104.84,1.14,0.001711
TrendFollowing_v1.0_EURUSD_0,2026-01-22T12:00:00,11118.19,1.02,0.001202
TrendFollowing_v1.0_EURUSD_0,2026-01-22T13:00:00,11098.67,1.2,-0.001755
TrendFollowing_v1.0_EURUSD_0,2026-01-22T14:00:00,11103.1,1.16,0.000399
TrendFollowing_v1.0_EURUSD_0,2026-01-22T15:00:00,11122.01,0.99,0.001703
TrendFollowing_v1.0_EURUSD_0,2026-01-22T16:00:00,11087.1,1.3,-0.003139
TrendFollowing_v1.0_EURUSD_0,2026-01-22T17:00:00,11101.36,1.17,0.001287
TrendFollowing_v1.0_EURUSD_0,2026-01-22T18:00:00,11088.87,1.28,-0.001125
TrendFollowing_v1.0_EURUSD_0,2026-01-22T19:00:00,11103.74,1.15,0.001341
TrendFollowing_v1.0_EURUSD_0,2026-01-22T20:00:00,11089.01,1.28,-0.001327
TrendFollowing_v1.0_EURUSD_0,2026-01-22T21:00:00,11051.2,1.62,-0.00341
TrendFollowing_v1.0_EURUSD_0,2026-01-22T22:00:00,11017.44,1.92,-0.003055
TrendFollowing_v1.0_EURUSD_0,2026-01-22T23:00:00,11020.7,1.89,0.000296
TrendFollowing_v1.0_EURUSD_0,2026-01-23T00:00:00,11028.63,1.82,0.000719
TrendFollowing_v1.0_EURUSD_0,2026-01-23T01:00:00,11010.89,1.98,-0.001609
TrendFollowing_v1.0_EURUSD_0,2026-01-23T02:00:00,11027.16,1.83,0.001477
TrendFollowing_v1.0_EURUSD_0,2026-01-23T03:00:00,10992.72,2.14,-0.003123
TrendFollowing_v1.0_EURUSD_0,2026-01-23T04:00:00,10993.46,2.13,6.8e-05
TrendFollowing_v1.0_EURUSD_0,2026-01-23T05:00:00,10969.03,2.35,-0.002222
TrendFollowing_v1.0_EURUSD_0,2026-01-23T06:00:00,10956.93,2.46,-0.001104
TrendFollowing_v1.0_EURUSD_0,2026-01-23T07:00:00,10960.16,2.43,0.000295
TrendFollowing_v1.0_EURUSD_0,2026-01-23T08:00:00,10943.49,2.58,-0.001521
TrendFollowing_v1.0_EURUSD_0,2026-01-23T09:00:00,10937.26,2.63,-0.000569
TrendFollowing_v1.0_EURUSD_0,2026-01-23T10:00:00,10961.46,2.42,0.002213
TrendFollowing_v1.0_EURUSD_0,2026-01-23T11:00:00,10951.01,2.51,-0.000954
TrendFollowing_v1.0_EURUSD_0,2026-01-23T12:00:00,10971.5,2.33,0.001871
TrendFollowing_v1.0_EURUSD_0,2026-01-23T13:00:00,10948.91,2.53,-0.002059
TrendFollowing_v1.0_EURUSD_0,2026-01-23T14:00:00,10962.7,2.41,0.00126
TrendFollowing_v1.0_EURUSD_0,2026-01-23T15:00:00,10996.5,2.1,0.003083
TrendFollowing_v1.0_EURUSD_0,2026-01-23T16:00:00,10944.34,2.57,-0.004743
TrendFollowing_v1.0_EURUSD_0,2026-01-23T17:00:00,10929.08,2.7,-0.001394
TrendFollowing_v1.0_EURUSD_0,2026-01-23T18:00:00,10943.88,2.57,0.001354
TrendFollowing_v1.0_EURUSD_0,2026-01-23T19:00:00,10941.63,2.59,-0.000206
TrendFollowing_v1.0_EURUSD_0,2026-01-23T20:00:00,10951.94,2.5,0.000942
TrendFollowing_v1.0_EURUSD_0,2026-01-23T21:00:00,10940.9,2.6,-0.001008
TrendFollowing_v1.0_EURUSD_0,2026-01-23T22:00:00,10944.98,2.56,0.000373
TrendFollowing_v1.0_EURUSD_0,2026-01-23T23:00:00,10943.76,2.57,-0.000111
TrendFollowing_v1.0_EURUSD_0,2026-01-24T00:00:00,10971.51,2.33,0.002536
TrendFollowing_v1.0_EURUSD_0,2026-01-24T01:00:00,10979.29,2.26,0.000709
TrendFollowing_v1.0_EURUSD_0,2026-01-24T02:00:00,10988.9,2.17,0.000875
TrendFollowing_v1.0_EURUSD_0,2026-01-24T03:00:00,10982.04,2.23,-0.000624
TrendFollowing_v1.0_EURUSD_0,2026-01-24T04:00:00,10973.53,2.31,-0.000775
TrendFollowing_v1.0_EURUSD_0,2026-01-24T05:00:00,10966.23,2.37,-0.000665
TrendFollowing_v1.0_EURUSD_0,2026-01-24T06:00:00,10977.07,2.28,0.000989
TrendFollowing_v1.0_EURUSD_0,2026-01-24T07:00:00,10970.03,2.34,-0.000642
TrendFollowing_v1.0_EURUSD_0,2026-01-24T08:00:00,10978.58,2.26,0.00078
TrendFollowing_v1.0_EURUSD_0,2026-01-24T09:00:00,11026.35,1.84,0.004351
TrendFollowing_v1.0_EURUSD_0,2026-01-24T10:00:00,11047.76,1.65,0.001942
TrendFollowing_v1.0_EURUSD_0,2026-01-24T11:00:00,11042.77,1.69,-0.000452
TrendFollowing_v1.0_EURUSD_0,2026-01-24T12:00:00,11071.51,1.44,0.002602
TrendFollowing_v1.0_EURUSD_0,2026-01-24T13:00:00,11064.68,1.5,-0.000616
TrendFollowing_v1.0_EURUSD_0,2026-01-24T14:00:00,11021.79,1.88,-0.003876
TrendFollowing_v1.0_EURUSD_0,2026-01-24T15:00:00,11001.78,2.06,-0.001816
TrendFollowing_v1.0_EURUSD_0,2026-01-24T16:00:00,10962.81,2.4,-0.003542
TrendFollowing_v1.0_EURUSD_0,2026-01-24T17:00:00,10957.3,2.45,-0.000503
TrendFollowing_v1.0_EURUSD_0,2026-01-24T18:00:00,10959.89,2.43,0.000237
TrendFollowing_v1.0_EURUSD_0,2026-01-24T19:00:00,10998.83,2.08,0.003553
TrendFollowing_v1.0_EURUSD_0,2026-01-24T20:00:00,11008.22,2.0,0.000854
TrendFollowing_v1.0_EURUSD_0,2026-01-24T21:00:00,11005.6,2.02,-0.000238
TrendFollowing_v1.0_EURUSD_0,2026-01-24T22:00:00,11026.06,1.84,0.001859
TrendFollowing_v1.0_EURUSD_0,2026-01-24T23:00:00,10979.5,2.26,-0.004222
TrendFollowing_v1.0_EURUSD_0,2026-01-25T00:00:00,10986.87,2.19,0.000671
TrendFollowing_v1.0_EURUSD_0,2026-01-25T01:00:00,11006.01,2.02,0.001742
TrendFollowing_v1.0_EURUSD_0,2026-01-25T02:00:00,10975.66,2.29,-0.002757
TrendFollowing_v1.0_EURUSD_0,2026-01-25T03:00:00,11002.97,2.05,0.002488
TrendFollowing_v1.0_EURUSD_0,2026-01-25T04:00:00,11012.62,1.96,0.000877
TrendFollowing_v1.0_EURUSD_0,2026-01-25T05:00:00,11005.67,2.02,-0.000631
TrendFollowing_v1.0_EURUSD_0,2026-01-25T06:00:00,11021.8,1.88,0.001466
TrendFollowing_v1.0_EURUSD_0,2026-01-25T07:00:00,11074.06,1.41,0.004741
TrendFollowing_v1.0_EURUSD_0,2026-01-25T08:00:00,11080.3,1.36,0.000564
TrendFollowing_v1.0_EURUSD_0,2026-01-25T09:00:00,11088.02,1.29,0.000696
TrendFollowing_v1.0_EURUSD_0,2026-01-25T10:00:00,11080.05,1.36,-0.000719
TrendFollowing_v1.0_EURUSD_0,2026-01-25T11:00:00,11063.43,1.51,-0.0015
TrendFollowing_v1.0_EURUSD_0,2026-01-25T12:00:00,11084.02,1.33,0.001861
TrendFollowing_v1.0_EURUSD_0,2026-01-25T13:00:00,11067.26,1.47,-0.001512
TrendFollowing_v1.0_EURUSD_0,2026-01-25T14:00:00,11071.06,1.44,0.000343
TrendFollowing_v1.0_EURUSD_0,2026-01-25T15:00:00,11062.69,1.52,-0.000755
TrendFollowing_v1.0_EURUSD_0,2026-01-25T16:00:00,11075.5,1.4,0.001158
TrendFollowing_v1.0_EURUSD_0,2026-01-25T17:00:00,11085.11,1.32,0.000867
TrendFollowing_v1.0_EURUSD_0,2026-01-25T18:00:00,11110.33,1.09,0.002275
TrendFollowing_v1.0_EURUSD_0,2026-01-25T19:00:00,11101.22,1.17,-0.00082
TrendFollowing_v1.0_EURUSD_0,2026-01-25T20:00:00,11097.45,1.21,-0.00034
TrendFollowing_v1.0_EURUSD_0,2026-01-25T21:00:00,11077.94,1.38,-0.001758
TrendFollowing_v1.0_EURUSD_0,2026-01-25T22:00:00,11070.31,1.45,-0.000689
TrendFollowing_v1.0_EURUSD_0,2026-01-25T23:00:00,11080.88,1.35,0.000955
TrendFollowing_v1.0_EURUSD_0,2026-01-26T00:00:00,11099.87,1.18,0.001714
TrendFollowing_v1.0_EURUSD_0,2026-01-26T01:00:00,11081.62,1.35,-0.001644
TrendFollowing_v1.0_EURUSD_0,2026-01-26T02:00:00,11103.11,1.16,0.001939
TrendFollowing_v1.0_EURUSD_0,2026-01-26T03:00:00,11135.44,0.87,0.002911
TrendFollowing_v1.0_EURUSD_0,2026-01-26T04:00:00,11146.87,0.77,0.001027
TrendFollowing_v1.0_EURUSD_0,2026-01-26T05:00:00,11190.94,0.37,0.003954
TrendFollowing_v1.0_EURUSD_0,2026-01-26T06:00:00,11175.86,0.51,-0.001348
TrendFollowing_v1.0_EURUSD_0,2026-01-26T07:00:00,11150.28,0.74,-0.002289
TrendFollowing_v1.0_EURUSD_0,2026-01-26T08:00:00,11112.84,1.07,-0.003357
TrendFollowing_v1.0_EURUSD_0,2026-01-26T09:00:00,11148.31,0.75,0.003192
TrendFollowing_v1.0_EURUSD_0,2026-01-26T10:00:00,11165.13,0.6,0.001509
TrendFollowing_v1.0_EURUSD_0,2026-01-26T11:00:00,11166.12,0.59,8.9e-05
TrendFollowing_v1.0_EURUSD_0,2026-01-26T12:00:00,11174.61,0.52,0.00076
TrendFollowing_v1.0_EURUSD_0,2026-01-26T13:00:00,11151.69,0.72,-0.002051
TrendFollowing_v1.0_EURUSD_0,2026-01-26T14:00:00,11208.47,0.22,0.005092
TrendFollowing_v1.0_EURUSD_0,2026-01-26T15:00:00,11213.61,0.17,0.000458
TrendFollowing_v1.0_EURUSD_0,2026-01-26T16:00:00,11218.3,0.13,0.000419
TrendFollowing_v1.0_EURUSD_0,2026-01-26T17:00:00,11236.83,0.0,0.001652
TrendFollowing_v1.0_EURUSD_0,2026-01-26T18:00:00,11249.89,0.0,0.001162
TrendFollowing_v1.0_EURUSD_0,2026-01-26T19:00:00,11257.18,0.0,0.000648
TrendFollowing_v1.0_EURUSD_0,2026-01-26T20:00:00,11241.63,0.14,-0.001381
TrendFollowing_v1.0_EURUSD_0,2026-01-26T21:00:00,11254.48,0.02,0.001143
TrendFollowing_v1.0_EURUSD_0,2026-01-26T22:00:00,11299.09,0.0,0.003964
TrendFollowing_v1.0_EURUSD_0,2026-01-26T23:00:00,11331.76,0.0,0.002891
TrendFollowing_v1.0_EURUSD_0,2026-01-27T00:00:00,11370.13,0.0,0.003386
TrendFollowing_v1.0_EURUSD_0,2026-01-27T01:00:00,11360.78,0.08,-0.000822
TrendFollowing_v1.0_EURUSD_0,2026-01-27T02:00:00,11340.57,0.26,-0.001779
TrendFollowing_v1.0_EURUSD_0,2026-01-27T03:00:00,11339.98,0.27,-5.2e-05
TrendFollowing_v1.0_EURUSD_0,2026-01-27T04:00:00,11343.51,0.23,0.000311
TrendFollowing_v1.0_EURUSD_0,2026-01-27T05:00:00,11370.61,0.0,0.002388
TrendFollowing_v1.0_EURUSD_0,2026-01-27T06:00:00,11334.39,0.32,-0.003185
TrendFollowing_v1.0_EURUSD_0,2026-01-27T07:00:00,11371.33,0.0,0.003259
TrendFollowing_v1.0_EURUSD_0,2026-01-27T08:00:00,11370.01,0.01,-0.000116
TrendFollowing_v1.0_EURUSD_0,2026-01-27T09:00:00,11362.58,0.08,-0.000654
TrendFollowing_v1.0_EURUSD_0,2026-01-27T10:00:00,11341.85,0.26,-0.001824
TrendFollowing_v1.0_EURUSD_0,2026-01-27T11:00:00,11306.58,0.57,-0.00311
TrendFollowing_v1.0_EURUSD_0,2026-01-27T12:00:00,11327.46,0.39,0.001846
TrendFollowing_v1.0_EURUSD_0,2026-01-27T13:00:00,11331.38,0.35,0.000347
TrendFollowing_v1.0_EURUSD_0,2026-01-27T14:00:00,11304.42,0.59,-0.00238
TrendFollowing_v1.0_EURUSD_0,2026-01-27T15:00:00,11277.4,0.83,-0.00239
TrendFollowing_v1.0_EURUSD_0,2026-01-27T16:00:00,11272.08,0.87,-0.000472
TrendFollowing_v1.0_EURUSD_0,2026-01-27T17:00:00,11311.96,0.52,0.003538
TrendFollowing_v1.0_EURUSD_0,2026-01-27T18:00:00,11308.35,0.55,-0.000319
TrendFollowing_v1.0_EURUSD_0,2026-01-27T19:00:00,11276.61,0.83,-0.002806
TrendFollowing_v1.0_EURUSD_0,2026-01-27T20:00:00,11273.33,0.86,-0.000291
TrendFollowing_v1.0_EURUSD_0,2026-01-27T21:00:00,11269.43,0.9,-0.000345
TrendFollowing_v1.0_EURUSD_0,2026-01-27T22:00:00,11210.9,1.41,-0.005194
TrendFollowing_v1.0_EURUSD_0,2026-01-27T23:00:00,11211.93,1.4,9.1e-05
TrendFollowing_v1.0_EURUSD_0,2026-01-28T00:00:00,11208.99,1.43,-0.000262
TrendFollowing_v1.0_EURUSD_0,2026-01-28T01:00:00,11226.84,1.27,0.001592
TrendFollowing_v1.0_EURUSD_0,2026-01-28T02:00:00,11270.6,0.89,0.003898
TrendFollowing_v1.0_EURUSD_0,2026-01-28T03:00:00,11298.25,0.64,0.002453
TrendFollowing_v1.0_EURUSD_0,2026-01-28T04:00:00,11294.43,0.68,-0.000338
TrendFollowing_v1.0_EURUSD_0,2026-01-28T05:00:00,11271.7,0.88,-0.002013
TrendFollowing_v1.0_EURUSD_0,2026-01-28T06:00:00,11331.96,0.35,0.005347
TrendFollowing_v1.0_EURUSD_0,2026-01-28T07:00:00,11335.57,0.31,0.000318
TrendFollowing_v1.0_EURUSD_0,2026-01-28T08:00:00,11338.15,0.29,0.000228
TrendFollowing_v1.0_EURUSD_0,2026-01-28T09:00:00,11339.88,0.28,0.000152
TrendFollowing_v1.0_EURUSD_0,2026-01-28T10:00:00,11346.64,0.22,0.000596
TrendFollowing_v1.0_EURUSD_0,2026-01-28T11:00:00,11345.63,0.23,-8.9e-05
TrendFollowing_v1.0_EURUSD_0,2026-01-28T12:00:00,11334.88,0.32,-0.000947
TrendFollowing_v1.0_EURUSD_0,2026-01-28T13:00:00,11324.75,0.41,-0.000894
TrendFollowing_v1.0_EURUSD_0,2026-01-28T14:00:00,11326.27,0.4,0.000134
TrendFollowing_v1.0_EURUSD_0,2026-01-28T15:00:00,11316.23,0.48,-0.000887
TrendFollowing_v1.0_EURUSD_0,2026-01-28T16:00:00,11302.36,0.61,-0.001226
TrendFollowing_v1.0_EURUSD_0,2026-01-28T17:00:00,11307.03,0.57,0.000413
TrendFollowing_v1.0_EURUSD_0,2026-01-28T18:00:00,11303.52,0.6,-0.00031
TrendFollowing_v1.0_EURUSD_0,2026-01-28T19:00:00,11339.78,0.28,0.003208
TrendFollowing_v1.0_EURUSD_0,2026-01-28T20:00:00,11281.93,0.79,-0.005102
TrendFollowing_v1.0_EURUSD_0,2026-01-28T21:00:00,11308.81,0.55,0.002383
TrendFollowing_v1.0_EURUSD_0,2026-01-28T22:00:00,11339.26,0.28,0.002692
TrendFollowing_v1.0_EURUSD_0,2026-01-28T23:00:00,11294.5,0.68,-0.003947
TrendFollowing_v1.0_EURUSD_0,2026-01-29T00:00:00,11289.02,0.72,-0.000485
TrendFollowing_v1.0_EURUSD_0,2026-01-29T01:00:00,11282.89,0.78,-0.000543
TrendFollowing_v1.0_EURUSD_0,2026-01-29T02:00:00,11253.39,1.04,-0.002615
TrendFollowing_v1.0_EURUSD_0,2026-01-29T03:00:00,11238.13,1.17,-0.001356
TrendFollowing_v1.0_EURUSD_0,2026-01-29T04:00:00,11215.42,1.37,-0.002021
TrendFollowing_v1.0_EURUSD_0,2026-01-29T05:00:00,11256.97,1.01,0.003705
TrendFollowing_v1.0_EURUSD_0,2026-01-29T06:00:00,11280.28,0.8,0.002071
TrendFollowing_v1.0_EURUSD_0,2026-01-29T07:00:00,11311.23,0.53,0.002743
TrendFollowing_v1.0_EURUSD_0,2026-01-29T08:00:00,11329.82,0.37,0.001643
TrendFollowing_v1.0_EURUSD_0,2026-01-29T09:00:00,11306.5,0.57,-0.002058
TrendFollowing_v1.0_EURUSD_0,2026-01-29T10:00:00,11296.9,0.65,-0.000849
TrendFollowing_v1.0_EURUSD_0,2026-01-29T11:00:00,11310.21,0.54,0.001179
TrendFollowing_v1.0_EURUSD_0,2026-01-29T12:00:00,11284.83,0.76,-0.002244
TrendFollowing_v1.0_EURUSD_0,2026-01-29T13:00:00,11303.18,0.6,0.001626
TrendFollowing_v1.0_EURUSD_0,2026-01-29T14:00:00,11300.01,0.63,-0.000281
TrendFollowing_v1.0_EURUSD_0,2026-01-29T15:00:00,11293.8,0.68,-0.00055
TrendFollowing_v1.0_EURUSD_0,2026-01-29T16:00:00,11312.11,0.52,0.001622
TrendFollowing_v1.0_EURUSD_0,2026-01-29T17:00:00,11324.43,0.41,0.001089
TrendFollowing_v1.0_EURUSD_0,2026-01-29T18:00:00,11318.52,0.46,-0.000522
TrendFollowing_v1.0_EURUSD_0,2026-01-29T19:00:00,11347.02,0.21,0.002519
TrendFollowing_v1.0_EURUSD_0,2026-01-29T20:00:00,11324.76,0.41,-0.001962
TrendFollowing_v1.0_EURUSD_0,2026-01-29T21:00:00,11340.98,0.27,0.001432
TrendFollowing_v1.0_EURUSD_0,2026-01-29T22:00:00,11356.7,0.13,0.001386
TrendFollowing_v1.0_EURUSD_0,2026-01-29T23:00:00,11351.94,0.17,-0.000419
TrendFollowing_v1.0_EURUSD_0,2026-01-30T00:00:00,11361.61,0.09,0.000852
TrendFollowing_v1.0_EURUSD_0,2026-01-30T01:00:00,11335.46,0.32,-0.002302
TrendFollowing_v1.0_EURUSD_0,2026-01-30T02:00:00,11358.67,0.11,0.002048
TrendFollowing_v1.0_EURUSD_0,2026-01-30T03:00:00,11356.74,0.13,-0.00017
TrendFollowing_v1.0_EURUSD_0,2026-01-30T04:00:00,11347.14,0.21,-0.000845
TrendFollowing_v1.0_EURUSD_0,2026-01-30T05:00:00,11373.22,0.0,0.002298
TrendFollowing_v1.0_EURUSD_0,2026-01-30T06:00:00,11359.47,0.12,-0.001209
TrendFollowing_v1.0_EURUSD_0,2026-01-30T07:00:00,11329.74,0.38,-0.002617
TrendFollowing_v1.0_EURUSD_0,2026-01-30T08:00:00,11296.74,0.67,-0.002913
TrendFollowing_v1.0_EURUSD_0,2026-01-30T09:00:00,11312.69,0.53,0.001412
TrendFollowing_v1.0_EURUSD_0,2026-01-30T10:00:00,11285.98,0.77,-0.002361
TrendFollowing_v1.0_EURUSD_0,2026-01-30T11:00:00,11327.85,0.4,0.00371
TrendFollowing_v1.0_EURUSD_0,2026-01-30T12:00:00,11282.94,0.79,-0.003964
TrendFollowing_v1.0_EURUSD_0,2026-01-30T13:00:00,11323.48,0.44,0.003593
TrendFollowing_v1.0_EURUSD_0,2026-01-30T14:00:00,11330.53,0.38,0.000622
TrendFollowing_v1.0_EURUSD_0,2026-01-30T15:00:00,11330.6,0.37,7e-06
TrendFollowing_v1.0_EURUSD_0,2026-01-30T16:00:00,11320.52,0.46,-0.00089
TrendFollowing_v1.0_EURUSD_0,2026-01-30T17:00:00,11331.82,0.36,0.000998
TrendFollowing_v1.0_EURUSD_0,2026-01-30T18:00:00,11333.23,0.35,0.000125
TrendFollowing_v1.0_EURUSD_0,2026-01-30T19:00:00,11360.51,0.11,0.002407
TrendFollowing_v1.0_EURUSD_0,2026-01-30T20:00:00,11365.38,0.07,0.000428
TrendFollowing_v1.0_EURUSD_0,2026-01-30T21:00:00,11371.06,0.02,0.000501
TrendFollowing_v1.0_EURUSD_0,2026-01-30T22:00:00,11365.07,0.07,-0.000527
TrendFollowing_v1.0_EURUSD_0,2026-01-30T23:00:00,11366.05,0.06,8.6e-05
TrendFollowing_v2.0_EURUSD_1,2026-01-01T00:00:00,9977.83,0.22,-0.002217
TrendFollowing_v2.0_EURUSD_1,2026-01-01T01:00:00,9973.45,0.27,-0.000439
TrendFollowing_v2.0_EURUSD_1,2026-01-01T02:00:00,9958.48,0.42,-0.001501
TrendFollowing_v2.0_EURUSD_1,2026-01-01T03:00:00,10000.38,0.0,0.004208
TrendFollowing_v2.0_EURUSD_1,2026-01-01T04:00:00,10027.45,0.0,0.002706
TrendFollowing_v2.0_EURUSD_1,2026-01-01T05:00:00,10055.55,0.0,0.002803
TrendFollowing_v2.0_EURUSD_1,2026-01-01T06:00:00,10063.01,0.0,0.000741
TrendFollowing_v2.0_EURUSD_1,2026-01-01T07:00:00,10094.44,0.0,0.003124
TrendFollowing_v2.0_EURUSD_1,2026-01-01T08:00:00,10099.32,0.0,0.000484
TrendFollowing_v2.0_EURUSD_1,2026-01-01T09:00:00,10131.83,0.0,0.003218
TrendFollowing_v2.0_EURUSD_1,2026-01-01T10:00:00,10133.88,0.0,0.000203
TrendFollowing_v2.0_EURUSD_1,2026-01-01T11:00:00,10125.18,0.09,-0.000858
TrendFollowing_v2.0_EURUSD_1,2026-01-01T12:00:00,10166.92,0.0,0.004122
TrendFollowing_v2.0_EURUSD_1,2026-01-01T13:00:00,10171.58,0.0,0.000458
TrendFollowing_v2.0_EURUSD_1,2026-01-01T14:00:00,10158.38,0.13,-0.001298
TrendFollowing_v2.0_EURUSD_1,2026-01-01T15:00:00,10144.97,0.26,-0.001319
TrendFollowing_v2.0_EURUSD_1,2026-01-01T16:00:00,10131.65,0.39,-0.001313
TrendFollowing_v2.0_EURUSD_1,2026-01-01T17:00:00,10153.83,0.17,0.002189
TrendFollowing_v2.0_EURUSD_1,2026-01-01T18:00:00,10156.9,0.14,0.000302
TrendFollowing_v2.0_EURUSD_1,2026-01-01T19:00:00,10208.66,0.0,0.005096
TrendFollowing_v2.0_EURUSD_1,2026-01-01T20:00:00,10237.98,0.0,0.002872
TrendFollowing_v2.0_EURUSD_1,2026-01-01T21:00:00,10248.36,0.0,0.001014
TrendFollowing_v2.0_EURUSD_1,2026-01-01T22:00:00,10282.26,0.0,0.003308
TrendFollowing_v2.0_EURUSD_1,2026-01-01T23:00:00,10277.22,0.05,-0.000491
TrendFollowing_v2.0_EURUSD_1,2026-01-02T00:00:00,10244.23,0.37,-0.00321
TrendFollowing_v2.0_EURUSD_1,2026-01-02T01:00:00,10229.08,0.52,-0.001479
TrendFollowing_v2.0_EURUSD_1,2026-01-02T02:00:00,10237.2,0.44,0.000794
TrendFollowing_v2.0_EURUSD_1,2026-01-02T03:00:00,10237.77,0.43,5.5e-05
TrendFollowing_v2.0_EURUSD_1,2026-01-02T04:00:00,10259.76,0.22,0.002149
TrendFollowing_v2.0_EURUSD_1,2026-01-02T05:00:00,10262.34,0.19,0.000251
TrendFollowing_v2.0_EURUSD_1,2026-01-02T06:00:00,10282.82,0.0,0.001996
TrendFollowing_v2.0_EURUSD_1,2026-01-02T07:00:00,10318.83,0.0,0.003502
TrendFollowing_v2.0_EURUSD_1,2026-01-02T08:00:00,10321.36,0.0,0.000245
TrendFollowing_v2.0_EURUSD_1,2026-01-02T09:00:00,10337.98,0.0,0.00161
TrendFollowing_v2.0_EURUSD_1,2026-01-02T10:00:00,10306.86,0.3,-0.00301
TrendFollowing_v2.0_EURUSD_1,2026-01-02T11:00:00,10309.46,0.28,0.000252
TrendFollowing_v2.0_EURUSD_1,2026-01-02T12:00:00,10289.22,0.47,-0.001964
TrendFollowing_v2.0_EURUSD_1,2026-01-02T13:00:00,10297.35,0.39,0.00079
TrendFollowing_v2.0_EURUSD_1,2026-01-02T14:00:00,10307.36,0.3,0.000972
TrendFollowing_v2.0_EURUSD_1,2026-01-02T15:00:00,10317.31,0.2,0.000965
TrendFollowing_v2.0_EURUSD_1,2026-01-02T16:00:00,10312.56,0.25,-0.00046
TrendFollowing_v2.0_EURUSD_1,2026-01-02T17:00:00,10365.12,0.0,0.005097
TrendFollowing_v2.0_EURUSD_1,2026-01-02T18:00:00,10344.02,0.2,-0.002036
TrendFollowing_v2.0_EURUSD_1,2026-01-02T19:00:00,10321.69,0.42,-0.002158
TrendFollowing_v2.0_EURUSD_1,2026-01-02T20:00:00,10361.02,0.04,0.00381
TrendFollowing_v2.0_EURUSD_1,2026-01-02T21:00:00,10351.6,0.13,-0.000909
TrendFollowing_v2.0_EURUSD_1,2026-01-02T22:00:00,10337.22,0.27,-0.001389
TrendFollowing_v2.0_EURUSD_1,2026-01-02T23:00:00,10390.0,0.0,0.005106
TrendFollowing_v2.0_EURUSD_1,2026-01-03T00:00:00,10415.68,0.0,0.002471
TrendFollowing_v2.0_EURUSD_1,2026-01-03T01:00:00,10408.51,0.07,-0.000689
TrendFollowing_v2.0_EURUSD_1,2026-01-03T02:00:00,10418.24,0.0,0.000935
TrendFollowing_v2.0_EURUSD_1,2026-01-03T03:00:00,10463.99,0.0,0.004392
TrendFollowing_v2.0_EURUSD_1,2026-01-03T04:00:00,10483.7,0.0,0.001883
TrendFollowing_v2.0_EURUSD_1,2026-01-03T05:00:00,10515.91,0.0,0.003072
TrendFollowing_v2.0_EURUSD_1,2026-01-03T06:00:00,10538.09,0.0,0.00211
TrendFollowing_v2.0_EURUSD_1,2026-01-03T07:00:00,10562.97,0.0,0.002361
TrendFollowing_v2.0_EURUSD_1,2026-01-03T08:00:00,10569.09,0.0,0.000579
TrendFollowing_v2.0_EURUSD_1,2026-01-03T09:00:00,10574.61,0.0,0.000523
TrendFollowing_v2.0_EURUSD_1,2026-01-03T10:00:00,10585.55,0.0,0.001034
TrendFollowing_v2.0_EURUSD_1,2026-01-03T11:00:00,10606.39,0.0,0.001969
TrendFollowing_v2.0_EURUSD_1,2026-01-03T12:00:00,10605.68,0.01,-6.7e-05
TrendFollowing_v2.0_EURUSD_1,2026-01-03T13:00:00,10613.57,0.0,0.000744
TrendFollowing_v2.0_EURUSD_1,2026-01-03T14:00:00,10612.29,0.01,-0.000121
TrendFollowing_v2.0_EURUSD_1,2026-01-03T15:00:00,10620.05,0.0,0.000731
TrendFollowing_v2.0_EURUSD_1,2026-01-03T16:00:00,10598.79,0.2,-0.002002
TrendFollowing_v2.0_EURUSD_1,2026-01-03T17:00:00,10659.33,0.0,0.005712
TrendFollowing_v2.0_EURUSD_1,2026-01-03T18:00:00,10649.04,0.1,-0.000966
TrendFollowing_v2.0_EURUSD_1,2026-01-03T19:00:00,10646.66,0.12,-0.000223
TrendFollowing_v2.0_EURUSD_1,2026-01-03T20:00:00,10634.54,0.23,-0.001139
TrendFollowing_v2.0_EURUSD_1,2026-01-03T21:00:00,10652.96,0.06,0.001731
TrendFollowing_v2.0_EURUSD_1,2026-01-03T22:00:00,10654.11,0.05,0.000108
TrendFollowing_v2.0_EURUSD_1,2026-01-03T23:00:00,10638.9,0.19,-0.001428
TrendFollowing_v2.0_EURUSD_1,2026-01-04T00:00:00,10658.19,0.01,0.001814
TrendFollowing_v2.0_EURUSD_1,2026-01-04T01:00:00,10680.4,0.0,0.002083
TrendFollowing_v2.0_EURUSD_1,2026-01-04T02:00:00,10684.31,0.0,0.000366
TrendFollowing_v2.0_EURUSD_1,2026-01-04T03:00:00,10675.47,0.08,-0.000827
TrendFollowing_v2.0_EURUSD_1,2026-01-04T04:00:00,10727.59,0.0,0.004882
TrendFollowing_v2.0_EURUSD_1,2026-01-04T05:00:00,10740.25,0.0,0.00118
TrendFollowing_v2.0_EURUSD_1,2026-01-04T06:00:00,10718.25,0.2,-0.002048
TrendFollowing_v2.0_EURUSD_1,2026-01-04T07:00:00,10753.92,0.0,0.003328
TrendFollowing_v2.0_EURUSD_1,2026-01-04T08:00:00,10740.89,0.12,-0.001212
TrendFollowing_v2.0_EURUSD_1,2026-01-04T09:00:00,10805.16,0.0,0.005984
TrendFollowing_v2.0_EURUSD_1,2026-01-04T10:00:00,10812.29,0.0,0.000659
TrendFollowing_v2.0_EURUSD_1,2026-01-04T11:00:00,10839.61,0.0,0.002527
TrendFollowing_v2.0_EURUSD_1,2026-01-04T12:00:00,10799.93,0.37,-0.00366
TrendFollowing_v2.0_EURUSD_1,2026-01-04T13:00:00,10777.6,0.57,-0.002068
TrendFollowing_v2.0_EURUSD_1,2026-01-04T14:00:00,10811.74,0.26,0.003168
TrendFollowing_v2.0_EURUSD_1,2026-01-04T15:00:00,10824.01,0.14,0.001136
TrendFollowing_v2.0_EURUSD_1,2026-01-04T16:00:00,10873.64,0.0,0.004585
TrendFollowing_v2.0_EURUSD_1,2026-01-04T17:00:00,10889.63,0.0,0.00147
TrendFollowing_v2.0_EURUSD_1,2026-01-04T18:00:00,10898.24,0.0,0.000791
TrendFollowing_v2.0_EURUSD_1,2026-01-04T19:00:00,10941.04,0.0,0.003927
TrendFollowing_v2.0_EURUSD_1,2026-01-04T20:00:00,10968.61,0.0,0.00252
TrendFollowing_v2.0_EURUSD_1,2026-01-04T21:00:00,10969.79,0.0,0.000107
TrendFollowing_v2.0_EURUSD_1,2026-01-04T22:00:00,10951.27,0.17,-0.001688
TrendFollowing_v2.0_EURUSD_1,2026-01-04T23:00:00,10904.8,0.59,-0.004243
TrendFollowing_v2.0_EURUSD_1,2026-01-05T00:00:00,10900.71,0.63,-0.000375
TrendFollowing_v2.0_EURUSD_1,2026-01-05T01:00:00,10880.3,0.82,-0.001873
TrendFollowing_v2.0_EURUSD_1,2026-01-05T02:00:00,10942.26,0.25,0.005695
TrendFollowing_v2.0_EURUSD_1,2026-01-05T03:00:00,10933.5,0.33,-0.000801
TrendFollowing_v2.0_EURUSD_1,2026-01-05T04:00:00,10924.15,0.42,-0.000855
TrendFollowing_v2.0_EURUSD_1,2026-01-05T05:00:00,10896.37,0.67,-0.002542
TrendFollowing_v2.0_EURUSD_1,2026-01-05T06:00:00,10896.02,0.67,-3.3e-05
TrendFollowing_v2.0_EURUSD_1,2026-01-05T07:00:00,10886.99,0.75,-0.000829
TrendFollowing_v2.0_EURUSD_1,2026-01-05T08:00:00,10930.27,0.36,0.003975
TrendFollowing_v2.0_EURUSD_1,2026-01-05T09:00:00,10939.41,0.28,0.000837
TrendFollowing_v2.0_EURUSD_1,2026-01-05T10:00:00,10944.69,0.23,0.000482
TrendFollowing_v2.0_EURUSD_1,2026-01-05T11:00:00,10947.21,0.21,0.000231
TrendFollowing_v2.0_EURUSD_1,2026-01-05T12:00:00,10969.9,0.0,0.002072
TrendFollowing_v2.0_EURUSD_1,2026-01-05T13:00:00,10965.46,0.04,-0.000405
TrendFollowing_v2.0_EURUSD_1,2026-01-05T14:00:00,10985.58,0.0,0.001834
TrendFollowing_v2.0_EURUSD_1,2026-01-05T15:00:00,11026.53,0.0,0.003728
TrendFollowing_v2.0_EURUSD_1,2026-01-05T16:00:00,11042.19,0.0,0.00142
TrendFollowing_v2.0_EURUSD_1,2026-01-05T17:00:00,11042.2,0.0,1e-06
TrendFollowing_v2.0_EURUSD_1,2026-01-05T18:00:00,11026.66,0.14,-0.001407
TrendFollowing_v2.0_EURUSD_1,2026-01-05T19:00:00,11026.11,0.15,-5e-05
TrendFollowing_v2.0_EURUSD_1,2026-01-05T20:00:00,11044.04,0.0,0.001626
TrendFollowing_v2.0_EURUSD_1,2026-01-05T21:00:00,11015.71,0.26,-0.002565
TrendFollowing_v2.0_EURUSD_1,2026-01-05T22:00:00,11039.54,0.04,0.002163
TrendFollowing_v2.0_EURUSD_1,2026-01-05T23:00:00,11049.64,0.0,0.000915
TrendFollowing_v2.0_EURUSD_1,2026-01-06T00:00:00,11051.87,0.0,0.000202
TrendFollowing_v2.0_EURUSD_1,2026-01-06T01:00:00,11042.82,0.08,-0.000819
TrendFollowing_v2.0_EURUSD_1,2026-01-06T02:00:00,11037.82,0.13,-0.000453
TrendFollowing_v2.0_EURUSD_1,2026-01-06T03:00:00,11056.52,0.0,0.001695
TrendFollowing_v2.0_EURUSD_1,2026-01-06T04:00:00,11059.22,0.0,0.000244
TrendFollowing_v2.0_EURUSD_1,2026-01-06T05:00:00,11053.66,0.05,-0.000502
TrendFollowing_v2.0_EURUSD_1,2026-01-06T06:00:00,11069.55,0.0,0.001437
TrendFollowing_v2.0_EURUSD_1,2026-01-06T07:00:00,11086.33,0.0,0.001516
TrendFollowing_v2.0_EURUSD_1,2026-01-06T08:00:00,11064.18,0.2,-0.001998
TrendFollowing_v2.0_EURUSD_1,2026-01-06T09:00:00,11082.36,0.04,0.001643
TrendFollowing_v2.0_EURUSD_1,2026-01-06T10:00:00,11143.35,0.0,0.005503
TrendFollowing_v2.0_EURUSD_1,2026-01-06T11:00:00,11159.38,0.0,0.001439
TrendFollowing_v2.0_EURUSD_1,2026-01-06T12:00:00,11127.04,0.29,-0.002898
TrendFollowing_v2.0_EURUSD_1,2026-01-06T13:00:00,11136.56,0.2,0.000855
TrendFollowing_v2.0_EURUSD_1,2026-01-06T14:00:00,11101.35,0.52,-0.003162
TrendFollowing_v2.0_EURUSD_1,2026-01-06T15:00:00,11177.22,0.0,0.006835
TrendFollowing_v2.0_EURUSD_1,2026-01-06T16:00:00,11232.79,0.0,0.004971
TrendFollowing_v2.0_EURUSD_1,2026-01-06T17:00:00,11223.44,0.08,-0.000832
TrendFollowing_v2.0_EURUSD_1,2026-01-06T18:00:00,11178.65,0.48,-0.003991
TrendFollowing_v2.0_EURUSD_1,2026-01-06T19:00:00,11164.6,0.61,-0.001257
TrendFollowing_v2.0_EURUSD_1,2026-01-06T20:00:00,11166.14,0.59,0.000138
TrendFollowing_v2.0_EURUSD_1,2026-01-06T21:00:00,11132.37,0.89,-0.003024
TrendFollowing_v2.0_EURUSD_1,2026-01-06T22:00:00,11136.4,0.86,0.000362
TrendFollowing_v2.0_EURUSD_1,2026-01-06T23:00:00,11137.79,0.85,0.000125
TrendFollowing_v2.0_EURUSD_1,2026-01-07T00:00:00,11146.15,0.77,0.00075
TrendFollowing_v2.0_EURUSD_1,2026-01-07T01:00:00,11156.84,0.68,0.000959
TrendFollowing_v2.0_EURUSD_1,2026-01-07T02:00:00,11140.88,0.82,-0.001431
TrendFollowing_v2.0_EURUSD_1,2026-01-07T03:00:00,11127.43,0.94,-0.001207
TrendFollowing_v2.0_EURUSD_1,2026-01-07T04:00:00,11134.01,0.88,0.000591
TrendFollowing_v2.0_EURUSD_1,2026-01-07T05:00:00,11125.52,0.95,-0.000762
TrendFollowing_v2.0_EURUSD_1,2026-01-07T06:00:00,11151.28,0.73,0.002315
TrendFollowing_v2.0_EURUSD_1,2026-01-07T07:00:00,11157.66,0.67,0.000572
TrendFollowing_v2.0_EURUSD_1,2026-01-07T08:00:00,11204.85,0.25,0.00423
TrendFollowing_v2.0_EURUSD_1,2026-01-07T09:00:00,11228.84,0.04,0.002141
TrendFollowing_v2.0_EURUSD_1,2026-01-07T10:00:00,11259.24,0.0,0.002707
TrendFollowing_v2.0_EURUSD_1,2026-01-07T11:00:00,11267.86,0.0,0.000765
TrendFollowing_v2.0_EURUSD_1,2026-01-07T12:00:00,11277.04,0.0,0.000815
TrendFollowing_v2.0_EURUSD_1,2026-01-07T13:00:00,11321.73,0.0,0.003963
TrendFollowing_v2.0_EURUSD_1,2026-01-07T14:00:00,11318.82,0.03,-0.000257
TrendFollowing_v2.0_EURUSD_1,2026-01-07T15:00:00,11336.86,0.0,0.001594
TrendFollowing_v2.0_EURUSD_1,2026-01-07T16:00:00,11336.49,0.0,-3.2e-05
TrendFollowing_v2.0_EURUSD_1,2026-01-07T17:00:00,11336.07,0.01,-3.7e-05
TrendFollowing_v2.0_EURUSD_1,2026-01-07T18:00:00,11315.23,0.19,-0.001838
TrendFollowing_v2.0_EURUSD_1,2026-01-07T19:00:00,11304.09,0.29,-0.000985
TrendFollowing_v2.0_EURUSD_1,2026-01-07T20:00:00,11288.75,0.42,-0.001357
TrendFollowing_v2.0_EURUSD_1,2026-01-07T21:00:00,11307.82,0.26,0.001689
TrendFollowing_v2.0_EURUSD_1,2026-01-07T22:00:00,11337.0,0.0,0.00258
TrendFollowing_v2.0_EURUSD_1,2026-01-07T23:00:00,11340.52,0.0,0.00031
TrendFollowing_v2.0_EURUSD_1,2026-01-08T00:00:00,11351.39,0.0,0.000959
TrendFollowing_v2.0_EURUSD_1,2026-01-08T01:00:00,11353.61,0.0,0.000195
TrendFollowing_v2.0_EURUSD_1,2026-01-08T02:00:00,11340.87,0.11,-0.001122
TrendFollowing_v2.0_EURUSD_1,2026-01-08T03:00:00,11366.1,0.0,0.002225
TrendFollowing_v2.0_EURUSD_1,2026-01-08T04:00:00,11386.62,0.0,0.001805
TrendFollowing_v2.0_EURUSD_1,2026-01-08T05:00:00,11349.21,0.33,-0.003285
TrendFollowing_v2.0_EURUSD_1,2026-01-08T06:00:00,11348.46,0.34,-6.6e-05
TrendFollowing_v2.0_EURUSD_1,2026-01-08T07:00:00,11334.12,0.46,-0.001264
TrendFollowing_v2.0_EURUSD_1,2026-01-08T08:00:00,11330.92,0.49,-0.000282
TrendFollowing_v2.0_EURUSD_1,2026-01-08T09:00:00,11321.39,0.57,-0.000841
TrendFollowing_v2.0_EURUSD_1,2026-01-08T10:00:00,11326.0,0.53,0.000407
TrendFollowing_v2.0_EURUSD_1,2026-01-08T11:00:00,11324.19,0.55,-0.00016
TrendFollowing_v2.0_EURUSD_1,2026-01-08T12:00:00,11321.9,0.57,-0.000202
TrendFollowing_v2.0_EURUSD_1,2026-01-08T13:00:00,11352.64,0.3,0.002715
TrendFollowing_v2.0_EURUSD_1,2026-01-08T14:00:00,11370.97,0.14,0.001614
TrendFollowing_v2.0_EURUSD_1,2026-01-08T15:00:00,11360.64,0.23,-0.000908
TrendFollowing_v2.0_EURUSD_1,2026-01-08T16:00:00,11353.7,0.29,-0.000611
TrendFollowing_v2.0_EURUSD_1,2026-01-08T17:00:00,11370.55,0.14,0.001484
TrendFollowing_v2.0_EURUSD_1,2026-01-08T18:00:00,11387.38,0.0,0.001481
TrendFollowing_v2.0_EURUSD_1,2026-01-08T19:00:00,11379.33,0.07,-0.000708
TrendFollowing_v2.0_EURUSD_1,2026-01-08T20:00:00,11379.69,0.07,3.2e-05
TrendFollowing_v2.0_EURUSD_1,2026-01-08T21:00:00,11427.41,0.0,0.004194
TrendFollowing_v2.0_EURUSD_1,2026-01-08T22:00:00,11419.72,0.07,-0.000673
TrendFollowing_v2.0_EURUSD_1,2026-01-08T23:00:00,11469.07,0.0,0.004322
TrendFollowing_v2.0_EURUSD_1,2026-01-09T00:00:00,11500.12,0.0,0.002707
TrendFollowing_v2.0_EURUSD_1,2026-01-09T01:00:00,11545.56,0.0,0.003951
TrendFollowing_v2.0_EURUSD_1,2026-01-09T02:00:00,11536.81,0.08,-0.000758
TrendFollowing_v2.0_EURUSD_1,2026-01-09T03:00:00,11538.68,0.06,0.000163
TrendFollowing_v2.0_EURUSD_1,2026-01-09T04:00:00,11534.09,0.1,-0.000398
TrendFollowing_v2.0_EURUSD_1,2026-01-09T05:00:00,11565.85,0.0,0.002754
TrendFollowing_v2.0_EURUSD_1,2026-01-09T06:00:00,11558.5,0.06,-0.000635
TrendFollowing_v2.0_EURUSD_1,2026-01-09T07:00:00,11581.18,0.0,0.001962
TrendFollowing_v2.0_EURUSD_1,2026-01-09T08:00:00,11602.68,0.0,0.001857
TrendFollowing_v2.0_EURUSD_1,2026-01-09T09:00:00,11607.37,0.0,0.000404
TrendFollowing_v2.0_EURUSD_1,2026-01-09T10:00:00,11643.32,0.0,0.003097
TrendFollowing_v2.0_EURUSD_1,2026-01-09T11:00:00,11651.65,0.0,0.000715
TrendFollowing_v2.0_EURUSD_1,2026-01-09T12:00:00,11676.91,0.0,0.002168
TrendFollowing_v2.0_EURUSD_1,2026-01-09T13:00:00,11671.2,0.05,-0.000489
TrendFollowing_v2.0_EURUSD_1,2026-01-09T14:00:00,11660.15,0.14,-0.000947
TrendFollowing_v2.0_EURUSD_1,2026-01-09T15:00:00,11683.03,0.0,0.001962
TrendFollowing_v2.0_EURUSD_1,2026-01-09T16:00:00,11698.94,0.0,0.001362
TrendFollowing_v2.0_EURUSD_1,2026-01-09T17:00:00,11710.48,0.0,0.000987
TrendFollowing_v2.0_EURUSD_1,2026-01-09T18:00:00,11708.29,0.02,-0.000187
TrendFollowing_v2.0_EURUSD_1,2026-01-09T19:00:00,11750.42,0.0,0.003598
TrendFollowing_v2.0_EURUSD_1,2026-01-09T20:00:00,11730.05,0.17,-0.001733
TrendFollowing_v2.0_EURUSD_1,2026-01-09T21:00:00,11708.44,0.36,-0.001843
TrendFollowing_v2.0_EURUSD_1,2026-01-09T22:00:00,11736.35,0.12,0.002384
TrendFollowing_v2.0_EURUSD_1,2026-01-09T23:00:00,11762.41,0.0,0.00222
TrendFollowing_v2.0_EURUSD_1,2026-01-10T00:00:00,11776.61,0.0,0.001208
TrendFollowing_v2.0_EURUSD_1,2026-01-10T01:00:00,11775.72,0.01,-7.6e-05
TrendFollowing_v2.0_EURUSD_1,2026-01-10T02:00:00,11793.44,0.0,0.001505
TrendFollowing_v2.0_EURUSD_1,2026-01-10T03:00:00,11839.93,0.0,0.003942
TrendFollowing_v2.0_EURUSD_1,2026-01-10T04:00:00,11905.41,0.0,0.005531
TrendFollowing_v2.0_EURUSD_1,2026-01-10T05:00:00,11871.93,0.28,-0.002813
TrendFollowing_v2.0_EURUSD_1,2026-01-10T06:00:00,11867.91,0.31,-0.000338
TrendFollowing_v2.0_EURUSD_1,2026-01-10T07:00:00,11862.41,0.36,-0.000464
TrendFollowing_v2.0_EURUSD_1,2026-01-10T08:00:00,11906.93,0.0,0.003753
TrendFollowing_v2.0_EURUSD_1,2026-01-10T09:00:00,11853.8,0.45,-0.004463
TrendFollowing_v2.0_EURUSD_1,2026-01-10T10:00:00,11871.91,0.29,0.001528
TrendFollowing_v2.0_EURUSD_1,2026-01-10T11:00:00,11871.74,0.3,-1.4e-05
TrendFollowing_v2.0_EURUSD_1,2026-01-10T12:00:00,11916.58,0.0,0.003776
TrendFollowing_v2.0_EURUSD_1,2026-01-10T13:00:00,11958.31,0.0,0.003502
TrendFollowing_v2.0_EURUSD_1,2026-01-10T14:00:00,11973.03,0.0,0.001231
TrendFollowing_v2.0_EURUSD_1,2026-01-10T15:00:00,11941.19,0.27,-0.002659
TrendFollowing_v2.0_EURUSD_1,2026-01-10T16:00:00,11933.45,0.33,-0.000648
TrendFollowing_v2.0_EURUSD_1,2026-01-10T17:00:00,11928.34,0.37,-0.000429
TrendFollowing_v2.0_EURUSD_1,2026-01-10T18:00:00,11902.65,0.59,-0.002153
TrendFollowing_v2.0_EURUSD_1,2026-01-10T19:00:00,11936.09,0.31,0.002809
TrendFollowing_v2.0_EURUSD_1,2026-01-10T20:00:00,11907.36,0.55,-0.002407
TrendFollowing_v2.0_EURUSD_1,2026-01-10T21:00:00,11960.12,0.11,0.004431
TrendFollowing_v2.0_EURUSD_1,2026-01-10T22:00:00,12013.05,0.0,0.004426
TrendFollowing_v2.0_EURUSD_1,2026-01-10T23:00:00,12009.81,0.03,-0.00027
TrendFollowing_v2.0_EURUSD_1,2026-01-11T00:00:00,12023.7,0.0,0.001157
TrendFollowing_v2.0_EURUSD_1,2026-01-11T01:00:00,12027.98,0.0,0.000355
TrendFollowing_v2.0_EURUSD_1,2026-01-11T02:00:00,12055.68,0.0,0.002304
TrendFollowing_v2.0_EURUSD_1,2026-01-11T03:00:00,12092.45,0.0,0.003049
TrendFollowing_v2.0_EURUSD_1,2026-01-11T04:00:00,12104.73,0.0,0.001016
TrendFollowing_v2.0_EURUSD_1,2026-01-11T05:00:00,12122.14,0.0,0.001438
TrendFollowing_v2.0_EURUSD_1,2026-01-11T06:00:00,12113.16,0.07,-0.000741
TrendFollowing_v2.0_EURUSD_1,2026-01-11T07:00:00,12129.79,0.0,0.001373
TrendFollowing_v2.0_EURUSD_1,2026-01-11T08:00:00,12139.81,0.0,0.000826
TrendFollowing_v2.0_EURUSD_1,2026-01-11T09:00:00,12123.74,0.13,-0.001324
TrendFollowing_v2.0_EURUSD_1,2026-01-11T10:00:00,12129.46,0.09,0.000472
TrendFollowing_v2.0_EURUSD_1,2026-01-11T11:00:00,12126.23,0.11,-0.000266
TrendFollowing_v2.0_EURUSD_1,2026-01-11T12:00:00,12117.51,0.18,-0.000719
TrendFollowing_v2.0_EURUSD_1,2026-01-11T13:00:00,12095.78,0.36,-0.001793
TrendFollowing_v2.0_EURUSD_1,2026-01-11T14:00:00,12103.34,0.3,0.000625
TrendFollowing_v2.0_EURUSD_1,2026-01-11T15:00:00,12090.5,0.41,-0.001061
TrendFollowing_v2.0_EURUSD_1,2026-01-11T16:00:00,12085.16,0.45,-0.000442
TrendFollowing_v2.0_EURUSD_1,2026-01-11T17:00:00,12117.18,0.19,0.00265
TrendFollowing_v2.0_EURUSD_1,2026-01-11T18:00:00,12138.56,0.01,0.001764
TrendFollowing_v2.0_EURUSD_1,2026-01-11T19:00:00,12120.87,0.16,-0.001458
TrendFollowing_v2.0_EURUSD_1,2026-01-11T20:00:00,12135.46,0.04,0.001204
TrendFollowing_v2.0_EURUSD_1,2026-01-11T21:00:00,12144.75,0.0,0.000766
TrendFollowing_v2.0_EURUSD_1,2026-01-11T22:00:00,12192.16,0.0,0.003903
TrendFollowing_v2.0_EURUSD_1,2026-01-11T23:00:00,12231.98,0.0,0.003266
TrendFollowing_v2.0_EURUSD_1,2026-01-12T00:00:00,12200.57,0.26,-0.002567
TrendFollowing_v2.0_EURUSD_1,2026-01-12T01:00:00,12227.69,0.04,0.002222
TrendFollowing_v2.0_EURUSD_1,2026-01-12T02:00:00,12264.74,0.0,0.00303
TrendFollowing_v2.0_EURUSD_1,2026-01-12T03:00:00,12284.59,0.0,0.001619
TrendFollowing_v2.0_EURUSD_1,2026-01-12T04:00:00,12282.5,0.02,-0.000171
TrendFollowing_v2.0_EURUSD_1,2026-01-12T05:00:00,12347.92,0.0,0.005327
TrendFollowing_v2.0_EURUSD_1,2026-01-12T06:00:00,12370.18,0.0,0.001803
TrendFollowing_v2.0_EURUSD_1,2026-01-12T07:00:00,12425.27,0.0,0.004453
TrendFollowing_v2.0_EURUSD_1,2026-01-12T08:00:00,12465.07,0.0,0.003203
TrendFollowing_v2.0_EURUSD_1,2026-01-12T09:00:00,12482.87,0.0,0.001428
TrendFollowing_v2.0_EURUSD_1,2026-01-12T10:00:00,12474.64,0.07,-0.000659
TrendFollowing_v2.0_EURUSD_1,2026-01-12T11:00:00,12480.27,0.02,0.000452
TrendFollowing_v2.0_EURUSD_1,2026-01-12T12:00:00,12480.98,0.02,5.6e-05
TrendFollowing_v2.0_EURUSD_1,2026-01-12T13:00:00,12456.9,0.21,-0.001929
TrendFollowing_v2.0_EURUSD_1,2026-01-12T14:00:00,12479.33,0.03,0.001801
TrendFollowing_v2.0_EURUSD_1,2026-01-12T15:00:00,12524.69,0.0,0.003635
TrendFollowing_v2.0_EURUSD_1,2026-01-12T16:00:00,12523.48,0.01,-9.7e-05
TrendFollowing_v2.0_EURUSD_1,2026-01-12T17:00:00,12583.93,0.0,0.004827
TrendFollowing_v2.0_EURUSD_1,2026-01-12T18:00:00,12551.02,0.26,-0.002615
TrendFollowing_v2.0_EURUSD_1,2026-01-12T19:00:00,12583.77,0.0,0.002609
TrendFollowing_v2.0_EURUSD_1,2026-01-12T20:00:00,12632.13,0.0,0.003843
TrendFollowing_v2.0_EURUSD_1,2026-01-12T21:00:00,12633.29,0.0,9.2e-05
TrendFollowing_v2.0_EURUSD_1,2026-01-12T22:00:00,12634.9,0.0,0.000128
TrendFollowing_v2.0_EURUSD_1,2026-01-12T23:00:00,12667.57,0.0,0.002586
TrendFollowing_v2.0_EURUSD_1,2026-01-13T00:00:00,12686.72,0.0,0.001512
TrendFollowing_v2.0_EURUSD_1,2026-01-13T01:00:00,12642.39,0.35,-0.003495
TrendFollowing_v2.0_EURUSD_1,2026-01-13T02:00:00,12627.38,0.47,-0.001187
TrendFollowing_v2.0_EURUSD_1,2026-01-13T03:00:00,12633.35,0.42,0.000473
TrendFollowing_v2.0_EURUSD_1,2026-01-13T04:00:00,12605.06,0.64,-0.002239
TrendFollowing_v2.0_EURUSD_1,2026-01-13T05:00:00,12599.41,0.69,-0.000448
TrendFollowing_v2.0_EURUSD_1,2026-01-13T06:00:00,12571.83,0.91,-0.002189
TrendFollowing_v2.0_EURUSD_1,2026-01-13T07:00:00,12568.8,0.93,-0.00024
TrendFollowing_v2.0_EURUSD_1,2026-01-13T08:00:00,12566.63,0.95,-0.000173
TrendFollowing_v2.0_EURUSD_1,2026-01-13T09:00:00,12581.75,0.83,0.001204
TrendFollowing_v2.0_EURUSD_1,2026-01-13T10:00:00,12585.73,0.8,0.000316
TrendFollowing_v2.0_EURUSD_1,2026-01-13T11:00:00,12604.68,0.65,0.001506
TrendFollowing_v2.0_EURUSD_1,2026-01-13T12:00:00,12620.65,0.52,0.001267
TrendFollowing_v2.0_EURUSD_1,2026-01-13T13:00:00,12653.0,0.27,0.002563
TrendFollowing_v2.0_EURUSD_1,2026-01-13T14:00:00,12681.43,0.04,0.002248
TrendFollowing_v2.0_EURUSD_1,2026-01-13T15:00:00,12707.26,0.0,0.002036
TrendFollowing_v2.0_EURUSD_1,2026-01-13T16:00:00,12792.52,0.0,0.00671
TrendFollowing_v2.0_EURUSD_1,2026-01-13T17:00:00,12807.8,0.0,0.001195
TrendFollowing_v2.0_EURUSD_1,2026-01-13T18:00:00,12880.64,0.0,0.005687
TrendFollowing_v2.0_EURUSD_1,2026-01-13T19:00:00,12897.7,0.0,0.001324
TrendFollowing_v2.0_EURUSD_1,2026-01-13T20:00:00,12902.02,0.0,0.000334
TrendFollowing_v2.0_EURUSD_1,2026-01-13T21:00:00,12898.84,0.02,-0.000246
TrendFollowing_v2.0_EURUSD_1,2026-01-13T22:00:00,12944.23,0.0,0.003519
TrendFollowing_v2.0_EURUSD_1,2026-01-13T23:00:00,12993.18,0.0,0.003781
TrendFollowing_v2.0_EURUSD_1,2026-01-14T00:00:00,13015.26,0.0,0.0017
TrendFollowing_v2.0_EURUSD_1,2026-01-14T01:00:00,13051.27,0.0,0.002767
TrendFollowing_v2.0_EURUSD_1,2026-01-14T02:00:00,13024.46,0.21,-0.002054
TrendFollowing_v2.0_EURUSD_1,2026-01-14T03:00:00,12990.63,0.46,-0.002598
TrendFollowing_v2.0_EURUSD_1,2026-01-14T04:00:00,13029.5,0.17,0.002993
TrendFollowing_v2.0_EURUSD_1,2026-01-14T05:00:00,13032.71,0.14,0.000246
TrendFollowing_v2.0_EURUSD_1,2026-01-14T06:00:00,13058.76,0.0,0.001999
TrendFollowing_v2.0_EURUSD_1,2026-01-14T07:00:00,13046.56,0.09,-0.000935
TrendFollowing_v2.0_EURUSD_1,2026-01-14T08:00:00,13096.32,0.0,0.003814
TrendFollowing_v2.0_EURUSD_1,2026-01-14T09:00:00,13062.52,0.26,-0.002581
TrendFollowing_v2.0_EURUSD_1,2026-01-14T10:00:00,13032.85,0.48,-0.002271
TrendFollowing_v2.0_EURUSD_1,2026-01-14T11:00:00,13077.01,0.15,0.003389
TrendFollowing_v2.0_EURUSD_1,2026-01-14T12:00:00,13015.29,0.62,-0.00472
TrendFollowing_v2.0_EURUSD_1,2026-01-14T13:00:00,13031.66,0.49,0.001257
TrendFollowing_v2.0_EURUSD_1,2026-01-14T14:00:00,13035.37,0.47,0.000285
TrendFollowing_v2.0_EURUSD_1,2026-01-14T15:00:00,13022.71,0.56,-0.000972
TrendFollowing_v2.0_EURUSD_1,2026-01-14T16:00:00,13024.01,0.55,0.0001
TrendFollowing_v2.0_EURUSD_1,2026-01-14T17:00:00,13008.45,0.67,-0.001195
TrendFollowing_v2.0_EURUSD_1,2026-01-14T18:00:00,13055.07,0.31,0.003585
TrendFollowing_v2.0_EURUSD_1,2026-01-14T19:00:00,13108.72,0.0,0.004109
TrendFollowing_v2.0_EURUSD_1,2026-01-14T20:00:00,13097.29,0.09,-0.000871
TrendFollowing_v2.0_EURUSD_1,2026-01-14T21:00:00,13111.06,0.0,0.001051
TrendFollowing_v2.0_EURUSD_1,2026-01-14T22:00:00,13082.87,0.22,-0.00215
TrendFollowing_v2.0_EURUSD_1,2026-01-14T23:00:00,13117.49,0.0,0.002646
TrendFollowing_v2.0_EURUSD_1,2026-01-15T00:00:00,13151.51,0.0,0.002594
TrendFollowing_v2.0_EURUSD_1,2026-01-15T01:00:00,13150.32,0.01,-9.1e-05
TrendFollowing_v2.0_EURUSD_1,2026-01-15T02:00:00,13157.34,0.0,0.000534
TrendFollowing_v2.0_EURUSD_1,2026-01-15T03:00:00,13161.45,0.0,0.000312
TrendFollowing_v2.0_EURUSD_1,2026-01-15T04:00:00,13125.43,0.27,-0.002737
TrendFollowing_v2.0_EURUSD_1,2026-01-15T05:00:00,13172.58,0.0,0.003592
TrendFollowing_v2.0_EURUSD_1,2026-01-15T06:00:00,13158.96,0.1,-0.001034
TrendFollowing_v2.0_EURUSD_1,2026-01-15T07:00:00,13145.53,0.21,-0.00102
TrendFollowing_v2.0_EURUSD_1,2026-01-15T08:00:00,13148.15,0.19,0.000199
TrendFollowing_v2.0_EURUSD_1,2026-01-15T09:00:00,13180.91,0.0,0.002491
TrendFollowing_v2.0_EURUSD_1,2026-01-15T10:00:00,13171.91,0.07,-0.000683
TrendFollowing_v2.0_EURUSD_1,2026-01-15T11:00:00,13127.07,0.41,-0.003404
TrendFollowing_v2.0_EURUSD_1,2026-01-15T12:00:00,13110.34,0.54,-0.001274
TrendFollowing_v2.0_EURUSD_1,2026-01-15T13:00:00,13128.02,0.4,0.001348
TrendFollowing_v2.0_EURUSD_1,2026-01-15T14:00:00,13192.08,0.0,0.00488
TrendFollowing_v2.0_EURUSD_1,2026-01-15T15:00:00,13165.43,0.2,-0.00202
TrendFollowing_v2.0_EURUSD_1,2026-01-15T16:00:00,13137.88,0.41,-0.002093
TrendFollowing_v2.0_EURUSD_1,2026-01-15T17:00:00,13104.7,0.66,-0.002525
TrendFollowing_v2.0_EURUSD_1,2026-01-15T18:00:00,13068.35,0.94,-0.002773
TrendFollowing_v2.0_EURUSD_1,2026-01-15T19:00:00,13106.4,0.65,0.002911
TrendFollowing_v2.0_EURUSD_1,2026-01-15T20:00:00,13152.13,0.3,0.003489
TrendFollowing_v2.0_EURUSD_1,2026-01-15T21:00:00,13163.39,0.22,0.000856
TrendFollowing_v2.0_EURUSD_1,2026-01-15T22:00:00,13157.65,0.26,-0.000435
TrendFollowing_v2.0_EURUSD_1,2026-01-15T23:00:00,13211.37,0.0,0.004082
TrendFollowing_v2.0_EURUSD_1,2026-01-16T00:00:00,13222.57,0.0,0.000848
TrendFollowing_v2.0_EURUSD_1,2026-01-16T01:00:00,13257.99,0.0,0.002679
TrendFollowing_v2.0_EURUSD_1,2026-01-16T02:00:00,13250.93,0.05,-0.000533
TrendFollowing_v2.0_EURUSD_1,2026-01-16T03:00:00,13258.72,0.0,0.000588
TrendFollowing_v2.0_EURUSD_1,2026-01-16T04:00:00,13232.54,0.2,-0.001975
TrendFollowing_v2.0_EURUSD_1,2026-01-16T05:00:00,13255.81,0.02,0.001758
TrendFollowing_v2.0_EURUSD_1,2026-01-16T06:00:00,13267.5,0.0,0.000882
TrendFollowing_v2.0_EURUSD_1,2026-01-16T07:00:00,13250.4,0.13,-0.001289
TrendFollowing_v2.0_EURUSD_1,2026-01-16T08:00:00,13233.67,0.25,-0.001262
TrendFollowing_v2.0_EURUSD_1,2026-01-16T09:00:00,13283.06,0.0,0.003732
TrendFollowing_v2.0_EURUSD_1,2026-01-16T10:00:00,13342.08,0.0,0.004443
TrendFollowing_v2.0_EURUSD_1,2026-01-16T11:00:00,13343.06,0.0,7.4e-05
TrendFollowing_v2.0_EURUSD_1,2026-01-16T12:00:00,13351.54,0.0,0.000636
TrendFollowing_v2.0_EURUSD_1,2026-01-16T13:00:00,13368.9,0.0,0.0013
TrendFollowing_v2.0_EURUSD_1,2026-01-16T14:00:00,13379.55,0.0,0.000796
TrendFollowing_v2.0_EURUSD_1,2026-01-16T15:00:00,13341.43,0.28,-0.002849
TrendFollowing_v2.0_EURUSD_1,2026-01-16T16:00:00,13359.52,0.15,0.001356
TrendFollowing_v2.0_EURUSD_1,2026-01-16T17:00:00,13310.41,0.52,-0.003676
TrendFollowing_v2.0_EURUSD_1,2026-01-16T18:00:00,13297.57,0.61,-0.000965
TrendFollowing_v2.0_EURUSD_1,2026-01-16T19:00:00,13317.66,0.46,0.001511
TrendFollowing_v2.0_EURUSD_1,2026-01-16T20:00:00,13340.3,0.29,0.0017
TrendFollowing_v2.0_EURUSD_1,2026-01-16T21:00:00,13325.35,0.41,-0.00112
TrendFollowing_v2.0_EURUSD_1,2026-01-16T22:00:00,13319.8,0.45,-0.000417
TrendFollowing_v2.0_EURUSD_1,2026-01-16T23:00:00,13310.64,0.52,-0.000688
TrendFollowing_v2.0_EURUSD_1,2026-01-17T00:00:00,13314.56,0.49,0.000294
TrendFollowing_v2.0_EURUSD_1,2026-01-17T01:00:00,13320.5,0.44,0.000446
TrendFollowing_v2.0_EURUSD_1,2026-01-17T02:00:00,13344.97,0.26,0.001837
TrendFollowing_v2.0_EURUSD_1,2026-01-17T03:00:00,13337.84,0.31,-0.000534
TrendFollowing_v2.0_EURUSD_1,2026-01-17T04:00:00,13354.47,0.19,0.001247
TrendFollowing_v2.0_EURUSD_1,2026-01-17T05:00:00,13374.69,0.04,0.001514
TrendFollowing_v2.0_EURUSD_1,2026-01-17T06:00:00,13386.68,0.0,0.000897
TrendFollowing_v2.0_EURUSD_1,2026-01-17T07:00:00,13386.43,0.0,-1.9e-05
TrendFollowing_v2.0_EURUSD_1,2026-01-17T08:00:00,13397.96,0.0,0.000861
TrendFollowing_v2.0_EURUSD_1,2026-01-17T09:00:00,13424.8,0.0,0.002003
TrendFollowing_v2.0_EURUSD_1,2026-01-17T10:00:00,13454.04,0.0,0.002178
TrendFollowing_v2.0_EURUSD_1,2026-01-17T11:00:00,13509.62,0.0,0.004131
TrendFollowing_v2.0_EURUSD_1,2026-01-17T12:00:00,13489.62,0.15,-0.00148
TrendFollowing_v2.0_EURUSD_1,2026-01-17T13:00:00,13484.5,0.19,-0.00038
TrendFollowing_v2.0_EURUSD_1,2026-01-17T14:00:00,13447.73,0.46,-0.002727
TrendFollowing_v2.0_EURUSD_1,2026-01-17T15:00:00,13479.49,0.22,0.002362
TrendFollowing_v2.0_EURUSD_1,2026-01-17T16:00:00,13477.21,0.24,-0.000169
TrendFollowing_v2.0_EURUSD_1,2026-01-17T17:00:00,13489.51,0.15,0.000912
TrendFollowing_v2.0_EURUSD_1,2026-01-17T18:00:00,13479.95,0.22,-0.000709
TrendFollowing_v2.0_EURUSD_1,2026-01-17T19:00:00,13477.88,0.23,-0.000153
TrendFollowing_v2.0_EURUSD_1,2026-01-17T20:00:00,13517.59,0.0,0.002946
TrendFollowing_v2.0_EURUSD_1,2026-01-17T21:00:00,13543.12,0.0,0.001888
TrendFollowing_v2.0_EURUSD_1,2026-01-17T22:00:00,13546.87,0.0,0.000277
TrendFollowing_v2.0_EURUSD_1,2026-01-17T23:00:00,13574.45,0.0,0.002036
TrendFollowing_v2.0_EURUSD_1,2026-01-18T00:00:00,13602.68,0.0,0.00208
TrendFollowing_v2.0_EURUSD_1,2026-01-18T01:00:00,13598.83,0.03,-0.000283
TrendFollowing_v2.0_EURUSD_1,2026-01-18T02:00:00,13565.68,0.27,-0.002438
TrendFollowing_v2.0_EURUSD_1,2026-01-18T03:00:00,13548.06,0.4,-0.001298
TrendFollowing_v2.0_EURUSD_1,2026-01-18T04:00:00,13518.51,0.62,-0.002181
TrendFollowing_v2.0_EURUSD_1,2026-01-18T05:00:00,13556.76,0.34,0.002829
TrendFollowing_v2.0_EURUSD_1,2026-01-18T06:00:00,13599.81,0.02,0.003176
TrendFollowing_v2.0_EURUSD_1,2026-01-18T07:00:00,13649.76,0.0,0.003673
TrendFollowing_v2.0_EURUSD_1,2026-01-18T08:00:00,13601.46,0.35,-0.003539
TrendFollowing_v2.0_EURUSD_1,2026-01-18T09:00:00,13637.4,0.09,0.002643
TrendFollowing_v2.0_EURUSD_1,2026-01-18T10:00:00,13704.56,0.0,0.004924
TrendFollowing_v2.0_EURUSD_1,2026-01-18T11:00:00,13741.89,0.0,0.002724
TrendFollowing_v2.0_EURUSD_1,2026-01-18T12:00:00,13689.64,0.38,-0.003802
TrendFollowing_v2.0_EURUSD_1,2026-01-18T13:00:00,13744.89,0.0,0.004037
TrendFollowing_v2.0_EURUSD_1,2026-01-18T14:00:00,13752.91,0.0,0.000583
TrendFollowing_v2.0_EURUSD_1,2026-01-18T15:00:00,13753.4,0.0,3.5e-05
TrendFollowing_v2.0_EURUSD_1,2026-01-18T16:00:00,13772.68,0.0,0.001402
TrendFollowing_v2.0_EURUSD_1,2026-01-18T17:00:00,13750.67,0.16,-0.001598
TrendFollowing_v2.0_EURUSD_1,2026-01-18T18:00:00,13757.63,0.11,0.000506
TrendFollowing_v2.0_EURUSD_1,2026-01-18T19:00:00,13809.09,0.0,0.003741
TrendFollowing_v2.0_EURUSD_1,2026-01-18T20:00:00,13833.18,0.0,0.001745
TrendFollowing_v2.0_EURUSD_1,2026-01-18T21:00:00,13841.72,0.0,0.000617
TrendFollowing_v2.0_EURUSD_1,2026-01-18T22:00:00,13851.12,0.0,0.000679
TrendFollowing_v2.0_EURUSD_1,2026-01-18T23:00:00,13825.32,0.19,-0.001863
TrendFollowing_v2.0_EURUSD_1,2026-01-19T00:00:00,13828.08,0.17,0.0002
TrendFollowing_v2.0_EURUSD_1,2026-01-19T01:00:00,13789.8,0.44,-0.002769
TrendFollowing_v2.0_EURUSD_1,2026-01-19T02:00:00,13824.89,0.19,0.002545
TrendFollowing_v2.0_EURUSD_1,2026-01-19T03:00:00,13771.37,0.58,-0.003871
TrendFollowing_v2.0_EURUSD_1,2026-01-19T04:00:00,13801.8,0.36,0.00221
TrendFollowing_v2.0_EURUSD_1,2026-01-19T05:00:00,13835.74,0.11,0.002459
TrendFollowing_v2.0_EURUSD_1,2026-01-19T06:00:00,13879.15,0.0,0.003138
TrendFollowing_v2.0_EURUSD_1,2026-01-19T07:00:00,13888.5,0.0,0.000674
TrendFollowing_v2.0_EURUSD_1,2026-01-19T08:00:00,13920.9,0.0,0.002333
TrendFollowing_v2.0_EURUSD_1,2026-01-19T09:00:00,13923.42,0.0,0.000181
TrendFollowing_v2.0_EURUSD_1,2026-01-19T10:00:00,13897.33,0.19,-0.001873
TrendFollowing_v2.0_EURUSD_1,2026-01-19T11:00:00,13946.83,0.0,0.003561
TrendFollowing_v2.0_EURUSD_1,2026-01-19T12:00:00,13951.1,0.0,0.000306
TrendFollowing_v2.0_EURUSD_1,2026-01-19T13:00:00,13918.75,0.23,-0.002319
TrendFollowing_v2.0_EURUSD_1,2026-01-19T14:00:00,13912.71,0.28,-0.000434
TrendFollowing_v2.0_EURUSD_1,2026-01-19T15:00:00,13907.78,0.31,-0.000355
TrendFollowing_v2.0_EURUSD_1,2026-01-19T16:00:00,13927.57,0.17,0.001423
TrendFollowing_v2.0_EURUSD_1,2026-01-19T17:00:00,13999.91,0.0,0.005194
TrendFollowing_v2.0_EURUSD_1,2026-01-19T18:00:00,14021.54,0.0,0.001545
TrendFollowing_v2.0_EURUSD_1,2026-01-19T19:00:00,14034.35,0.0,0.000914
TrendFollowing_v2.0_EURUSD_1,2026-01-19T20:00:00,14110.3,0.0,0.005412
TrendFollowing_v2.0_EURUSD_1,2026-01-19T21:00:00,14144.98,0.0,0.002458
TrendFollowing_v2.0_EURUSD_1,2026-01-19T22:00:00,14159.24,0.0,0.001008
TrendFollowing_v2.0_EURUSD_1,2026-01-19T23:00:00,14152.75,0.05,-0.000459
TrendFollowing_v2.0_EURUSD_1,2026-01-20T00:00:00,14168.77,0.0,0.001132
TrendFollowing_v2.0_EURUSD_1,2026-01-20T01:00:00,14173.98,0.0,0.000367
TrendFollowing_v2.0_EURUSD_1,2026-01-20T02:00:00,14183.66,0.0,0.000683
TrendFollowing_v2.0_EURUSD_1,2026-01-20T03:00:00,14228.03,0.0,0.003129
TrendFollowing_v2.0_EURUSD_1,2026-01-20T04:00:00,14219.77,0.06,-0.000581
TrendFollowing_v2.0_EURUSD_1,2026-01-20T05:00:00,14241.49,0.0,0.001527
TrendFollowing_v2.0_EURUSD_1,2026-01-20T06:00:00,14275.64,0.0,0.002398
TrendFollowing_v2.0_EURUSD_1,2026-01-20T07:00:00,14263.87,0.08,-0.000824
TrendFollowing_v2.0_EURUSD_1,2026-01-20T08:00:00,14247.54,0.2,-0.001145
TrendFollowing_v2.0_EURUSD_1,2026-01-20T09:00:00,14250.37,0.18,0.000199
TrendFollowing_v2.0_EURUSD_1,2026-01-20T10:00:00,14244.34,0.22,-0.000423
TrendFollowing_v2.0_EURUSD_1,2026-01-20T11:00:00,14284.29,0.0,0.002805
TrendFollowing_v2.0_EURUSD_1,2026-01-20T12:00:00,14262.82,0.15,-0.001504
TrendFollowing_v2.0_EURUSD_1,2026-01-20T13:00:00,14271.9,0.09,0.000637
TrendFollowing_v2.0_EURUSD_1,2026-01-20T14:00:00,14351.71,0.0,0.005592
TrendFollowing_v2.0_EURUSD_1,2026-01-20T15:00:00,14370.74,0.0,0.001326
TrendFollowing_v2.0_EURUSD_1,2026-01-20T16:00:00,14394.58,0.0,0.001659
TrendFollowing_v2.0_EURUSD_1,2026-01-20T17:00:00,14435.19,0.0,0.002821
TrendFollowing_v2.0_EURUSD_1,2026-01-20T18:00:00,14429.04,0.04,-0.000426
TrendFollowing_v2.0_EURUSD_1,2026-01-20T19:00:00,14405.05,0.21,-0.001663
TrendFollowing_v2.0_EURUSD_1,2026-01-20T20:00:00,14417.34,0.12,0.000853
TrendFollowing_v2.0_EURUSD_1,2026-01-20T21:00:00,14432.2,0.02,0.001031
TrendFollowing_v2.0_EURUSD_1,2026-01-20T22:00:00,14392.71,0.29,-0.002736
TrendFollowing_v2.0_EURUSD_1,2026-01-20T23:00:00,14410.7,0.17,0.00125
TrendFollowing_v2.0_EURUSD_1,2026-01-21T00:00:00,14448.74,0.0,0.00264
TrendFollowing_v2.0_EURUSD_1,2026-01-21T01:00:00,14429.58,0.13,-0.001326
TrendFollowing_v2.0_EURUSD_1,2026-01-21T02:00:00,14449.37,0.0,0.001371
TrendFollowing_v2.0_EURUSD_1,2026-01-21T03:00:00,14482.38,0.0,0.002285
TrendFollowing_v2.0_EURUSD_1,2026-01-21T04:00:00,14506.61,0.0,0.001673
TrendFollowing_v2.0_EURUSD_1,2026-01-21T05:00:00,14533.62,0.0,0.001862
TrendFollowing_v2.0_EURUSD_1,2026-01-21T06:00:00,14533.77,0.0,1e-05
TrendFollowing_v2.0_EURUSD_1,2026-01-21T07:00:00,14508.27,0.18,-0.001755
TrendFollowing_v2.0_EURUSD_1,2026-01-21T08:00:00,14502.55,0.21,-0.000394
TrendFollowing_v2.0_EURUSD_1,2026-01-21T09:00:00,14492.8,0.28,-0.000672
TrendFollowing_v2.0_EURUSD_1,2026-01-21T10:00:00,14497.72,0.25,0.000339
TrendFollowing_v2.0_EURUSD_1,2026-01-21T11:00:00,14536.67,0.0,0.002687
TrendFollowing_v2.0_EURUSD_1,2026-01-21T12:00:00,14505.8,0.21,-0.002124
TrendFollowing_v2.0_EURUSD_1,2026-01-21T13:00:00,14517.23,0.13,0.000789
TrendFollowing_v2.0_EURUSD_1,2026-01-21T14:00:00,14493.62,0.3,-0.001627
TrendFollowing_v2.0_EURUSD_1,2026-01-21T15:00:00,14479.41,0.39,-0.00098
TrendFollowing_v2.0_EURUSD_1,2026-01-21T16:00:00,14502.83,0.23,0.001617
TrendFollowing_v2.0_EURUSD_1,2026-01-21T17:00:00,14475.57,0.42,-0.00188
TrendFollowing_v2.0_EURUSD_1,2026-01-21T18:00:00,14504.06,0.22,0.001968
TrendFollowing_v2.0_EURUSD_1,2026-01-21T19:00:00,14472.09,0.44,-0.002204
TrendFollowing_v2.0_EURUSD_1,2026-01-21T20:00:00,14498.63,0.26,0.001834
TrendFollowing_v2.0_EURUSD_1,2026-01-21T21:00:00,14460.95,0.52,-0.002599
TrendFollowing_v2.0_EURUSD_1,2026-01-21T22:00:00,14450.31,0.59,-0.000736
TrendFollowing_v2.0_EURUSD_1,2026-01-21T23:00:00,14512.35,0.17,0.004293
TrendFollowing_v2.0_EURUSD_1,2026-01-22T00:00:00,14569.19,0.0,0.003917
TrendFollowing_v2.0_EURUSD_1,2026-01-22T01:00:00,14564.46,0.03,-0.000325
TrendFollowing_v2.0_EURUSD_1,2026-01-22T02:00:00,14583.1,0.0,0.00128
TrendFollowing_v2.0_EURUSD_1,2026-01-22T03:00:00,14625.51,0.0,0.002908
TrendFollowing_v2.0_EURUSD_1,2026-01-22T04:00:00,14652.75,0.0,0.001863
TrendFollowing_v2.0_EURUSD_1,2026-01-22T05:00:00,14652.06,0.0,-4.7e-05
TrendFollowing_v2.0_EURUSD_1,2026-01-22T06:00:00,14637.45,0.1,-0.000997
TrendFollowing_v2.0_EURUSD_1,2026-01-22T07:00:00,14670.18,0.0,0.002236
TrendFollowing_v2.0_EURUSD_1,2026-01-22T08:00:00,14710.69,0.0,0.002761
TrendFollowing_v2.0_EURUSD_1,2026-01-22T09:00:00,14768.53,0.0,0.003931
TrendFollowing_v2.0_EURUSD_1,2026-01-22T10:00:00,14726.07,0.29,-0.002874
TrendFollowing_v2.0_EURUSD_1,2026-01-22T11:00:00,14696.53,0.49,-0.002006
TrendFollowing_v2.0_EURUSD_1,2026-01-22T12:00:00,14738.03,0.21,0.002824
TrendFollowing_v2.0_EURUSD_1,2026-01-22T13:00:00,14699.67,0.47,-0.002603
TrendFollowing_v2.0_EURUSD_1,2026-01-22T14:00:00,14743.43,0.17,0.002977
TrendFollowing_v2.0_EURUSD_1,2026-01-22T15:00:00,14744.46,0.16,7e-05
TrendFollowing_v2.0_EURUSD_1,2026-01-22T16:00:00,14736.47,0.22,-0.000542
TrendFollowing_v2.0_EURUSD_1,2026-01-22T17:00:00,14749.9,0.13,0.000911
TrendFollowing_v2.0_EURUSD_1,2026-01-22T18:00:00,14717.58,0.34,-0.002191
TrendFollowing_v2.0_EURUSD_1,2026-01-22T19:00:00,14749.2,0.13,0.002148
TrendFollowing_v2.0_EURUSD_1,2026-01-22T20:00:00,14806.41,0.0,0.003879
TrendFollowing_v2.0_EURUSD_1,2026-01-22T21:00:00,14839.6,0.0,0.002241
TrendFollowing_v2.0_EURUSD_1,2026-01-22T22:00:00,14839.7,0.0,7e-06
TrendFollowing_v2.0_EURUSD_1,2026-01-22T23:00:00,14801.47,0.26,-0.002576
TrendFollowing_v2.0_EURUSD_1,2026-01-23T00:00:00,14764.48,0.51,-0.002499
TrendFollowing_v2.0_EURUSD_1,2026-01-23T01:00:00,14732.6,0.72,-0.002159
TrendFollowing_v2.0_EURUSD_1,2026-01-23T02:00:00,14739.61,0.67,0.000475
TrendFollowing_v2.0_EURUSD_1,2026-01-23T03:00:00,14750.32,0.6,0.000727
TrendFollowing_v2.0_EURUSD_1,2026-01-23T04:00:00,14783.31,0.38,0.002237
TrendFollowing_v2.0_EURUSD_1,2026-01-23T05:00:00,14737.6,0.69,-0.003092
TrendFollowing_v2.0_EURUSD_1,2026-01-23T06:00:00,14783.62,0.38,0.003122
TrendFollowing_v2.0_EURUSD_1,2026-01-23T07:00:00,14811.54,0.19,0.001889
TrendFollowing_v2.0_EURUSD_1,2026-01-23T08:00:00,14809.27,0.21,-0.000154
TrendFollowing_v2.0_EURUSD_1,2026-01-23T09:00:00,14781.43,0.39,-0.00188
TrendFollowing_v2.0_EURUSD_1,2026-01-23T10:00:00,14825.75,0.09,0.002998
TrendFollowing_v2.0_EURUSD_1,2026-01-23T11:00:00,14824.27,0.1,-0.0001
TrendFollowing_v2.0_EURUSD_1,2026-01-23T12:00:00,14831.08,0.06,0.00046
TrendFollowing_v2.0_EURUSD_1,2026-01-23T13:00:00,14849.88,0.0,0.001267
TrendFollowing_v2.0_EURUSD_1,2026-01-23T14:00:00,14830.18,0.13,-0.001326
TrendFollowing_v2.0_EURUSD_1,2026-01-23T15:00:00,14829.23,0.14,-6.4e-05
TrendFollowing_v2.0_EURUSD_1,2026-01-23T16:00:00,14862.31,0.0,0.002231
TrendFollowing_v2.0_EURUSD_1,2026-01-23T17:00:00,14892.45,0.0,0.002028
TrendFollowing_v2.0_EURUSD_1,2026-01-23T18:00:00,14922.92,0.0,0.002046
TrendFollowing_v2.0_EURUSD_1,2026-01-23T19:00:00,14895.91,0.18,-0.00181
TrendFollowing_v2.0_EURUSD_1,2026-01-23T20:00:00,14896.31,0.18,2.7e-05
TrendFollowing_v2.0_EURUSD_1,2026-01-23T21:00:00,14891.95,0.21,-0.000293
TrendFollowing_v2.0_EURUSD_1,2026-01-23T22:00:00,14912.05,0.07,0.00135
TrendFollowing_v2.0_EURUSD_1,2026-01-23T23:00:00,14929.52,0.0,0.001171
TrendFollowing_v2.0_EURUSD_1,2026-01-24T00:00:00,14941.63,0.0,0.000811
TrendFollowing_v2.0_EURUSD_1,2026-01-24T01:00:00,15022.78,0.0,0.005431
TrendFollowing_v2.0_EURUSD_1,2026-01-24T02:00:00,15021.56,0.01,-8.2e-05
TrendFollowing_v2.0_EURUSD_1,2026-01-24T03:00:00,15016.81,0.04,-0.000316
TrendFollowing_v2.0_EURUSD_1,2026-01-24T04:00:00,14989.58,0.22,-0.001813
TrendFollowing_v2.0_EURUSD_1,2026-01-24T05:00:00,14950.97,0.48,-0.002576
TrendFollowing_v2.0_EURUSD_1,2026-01-24T06:00:00,14921.96,0.67,-0.001941
TrendFollowing_v2.0_EURUSD_1,2026-01-24T07:00:00,14907.97,0.76,-0.000937
TrendFollowing_v2.0_EURUSD_1,2026-01-24T08:00:00,14954.49,0.45,0.00312
TrendFollowing_v2.0_EURUSD_1,2026-01-24T09:00:00,14963.13,0.4,0.000578
TrendFollowing_v2.0_EURUSD_1,2026-01-24T10:00:00,14976.4,0.31,0.000887
TrendFollowing_v2.0_EURUSD_1,2026-01-24T11:00:00,14981.01,0.28,0.000307
TrendFollowing_v2.0_EURUSD_1,2026-01-24T12:00:00,14999.44,0.16,0.001231
TrendFollowing_v2.0_EURUSD_1,2026-01-24T13:00:00,15049.0,0.0,0.003304
TrendFollowing_v2.0_EURUSD_1,2026-01-24T14:00:00,14996.51,0.35,-0.003488
TrendFollowing_v2.0_EURUSD_1,2026-01-24T15:00:00,15040.55,0.06,0.002937
TrendFollowing_v2.0_EURUSD_1,2026-01-24T16:00:00,14972.42,0.51,-0.00453
TrendFollowing_v2.0_EURUSD_1,2026-01-24T17:00:00,14980.75,0.45,0.000556
TrendFollowing_v2.0_EURUSD_1,2026-01-24T18:00:00,15053.91,0.0,0.004884
TrendFollowing_v2.0_EURUSD_1,2026-01-24T19:00:00,15081.93,0.0,0.001861
TrendFollowing_v2.0_EURUSD_1,2026-01-24T20:00:00,15100.73,0.0,0.001246
TrendFollowing_v2.0_EURUSD_1,2026-01-24T21:00:00,15168.74,0.0,0.004504
TrendFollowing_v2.0_EURUSD_1,2026-01-24T22:00:00,15154.99,0.09,-0.000906
TrendFollowing_v2.0_EURUSD_1,2026-01-24T23:00:00,15175.72,0.0,0.001368
TrendFollowing_v2.0_EURUSD_1,2026-01-25T00:00:00,15200.86,0.0,0.001656
TrendFollowing_v2.0_EURUSD_1,2026-01-25T01:00:00,15192.58,0.05,-0.000545
TrendFollowing_v2.0_EURUSD_1,2026-01-25T02:00:00,15186.98,0.09,-0.000368
TrendFollowing_v2.0_EURUSD_1,2026-01-25T03:00:00,15178.06,0.15,-0.000588
TrendFollowing_v2.0_EURUSD_1,2026-01-25T04:00:00,15188.3,0.08,0.000675
TrendFollowing_v2.0_EURUSD_1,2026-01-25T05:00:00,15212.5,0.0,0.001593
TrendFollowing_v2.0_EURUSD_1,2026-01-25T06:00:00,15223.86,0.0,0.000746
TrendFollowing_v2.0_EURUSD_1,2026-01-25T07:00:00,15253.07,0.0,0.001919
TrendFollowing_v2.0_EURUSD_1,2026-01-25T08:00:00,15200.63,0.34,-0.003438
TrendFollowing_v2.0_EURUSD_1,2026-01-25T09:00:00,15201.59,0.34,6.3e-05
TrendFollowing_v2.0_EURUSD_1,2026-01-25T10:00:00,15178.08,0.49,-0.001547
TrendFollowing_v2.0_EURUSD_1,2026-01-25T11:00:00,15194.82,0.38,0.001103
TrendFollowing_v2.0_EURUSD_1,2026-01-25T12:00:00,15211.14,0.27,0.001074
TrendFollowing_v2.0_EURUSD_1,2026-01-25T13:00:00,15215.23,0.25,0.000269
TrendFollowing_v2.0_EURUSD_1,2026-01-25T14:00:00,15238.36,0.1,0.001521
TrendFollowing_v2.0_EURUSD_1,2026-01-25T15:00:00,15276.39,0.0,0.002496
TrendFollowing_v2.0_EURUSD_1,2026-01-25T16:00:00,15282.18,0.0,0.000379
TrendFollowing_v2.0_EURUSD_1,2026-01-25T17:00:00,15257.68,0.16,-0.001603
TrendFollowing_v2.0_EURUSD_1,2026-01-25T18:00:00,15217.06,0.43,-0.002663
TrendFollowing_v2.0_EURUSD_1,2026-01-25T19:00:00,15225.76,0.37,0.000572
TrendFollowing_v2.0_EURUSD_1,2026-01-25T20:00:00,15240.74,0.27,0.000984
TrendFollowing_v2.0_EURUSD_1,2026-01-25T21:00:00,15218.81,0.41,-0.001439
TrendFollowing_v2.0_EURUSD_1,2026-01-25T22:00:00,15248.51,0.22,0.001952
TrendFollowing_v2.0_EURUSD_1,2026-01-25T23:00:00,15242.14,0.26,-0.000418
TrendFollowing_v2.0_EURUSD_1,2026-01-26T00:00:00,15199.26,0.54,-0.002813
TrendFollowing_v2.0_EURUSD_1,2026-01-26T01:00:00,15245.06,0.24,0.003013
TrendFollowing_v2.0_EURUSD_1,2026-01-26T02:00:00,15287.56,0.0,0.002788
TrendFollowing_v2.0_EURUSD_1,2026-01-26T03:00:00,15233.58,0.35,-0.003531
TrendFollowing_v2.0_EURUSD_1,2026-01-26T04:00:00,15224.05,0.42,-0.000625
TrendFollowing_v2.0_EURUSD_1,2026-01-26T05:00:00,15213.35,0.49,-0.000703
TrendFollowing_v2.0_EURUSD_1,2026-01-26T06:00:00,15270.84,0.11,0.003779
TrendFollowing_v2.0_EURUSD_1,2026-01-26T07:00:00,15275.44,0.08,0.000301
TrendFollowing_v2.0_EURUSD_1,2026-01-26T08:00:00,15237.38,0.33,-0.002492
TrendFollowing_v2.0_EURUSD_1,2026-01-26T09:00:00,15271.88,0.1,0.002264
TrendFollowing_v2.0_EURUSD_1,2026-01-26T10:00:00,15241.92,0.3,-0.001962
TrendFollowing_v2.0_EURUSD_1,2026-01-26T11:00:00,15241.61,0.3,-2.1e-05
TrendFollowing_v2.0_EURUSD_1,2026-01-26T12:00:00,15225.76,0.4,-0.00104
TrendFollowing_v2.0_EURUSD_1,2026-01-26T13:00:00,15216.31,0.47,-0.000621
TrendFollowing_v2.0_EURUSD_1,2026-01-26T14:00:00,15252.44,0.23,0.002375
TrendFollowing_v2.0_EURUSD_1,2026-01-26T15:00:00,15306.47,0.0,0.003543
TrendFollowing_v2.0_EURUSD_1,2026-01-26T16:00:00,15275.12,0.2,-0.002049
TrendFollowing_v2.0_EURUSD_1,2026-01-26T17:00:00,15301.88,0.03,0.001752
TrendFollowing_v2.0_EURUSD_1,2026-01-26T18:00:00,15287.11,0.13,-0.000966
TrendFollowing_v2.0_EURUSD_1,2026-01-26T19:00:00,15273.3,0.22,-0.000903
TrendFollowing_v2.0_EURUSD_1,2026-01-26T20:00:00,15295.92,0.07,0.001481
TrendFollowing_v2.0_EURUSD_1,2026-01-26T21:00:00,15272.12,0.22,-0.001556
TrendFollowing_v2.0_EURUSD_1,2026-01-26T22:00:00,15294.13,0.08,0.001441
TrendFollowing_v2.0_EURUSD_1,2026-01-26T23:00:00,15324.11,0.0,0.00196
TrendFollowing_v2.0_EURUSD_1,2026-01-27T00:00:00,15318.52,0.04,-0.000365
TrendFollowing_v2.0_EURUSD_1,2026-01-27T01:00:00,15366.84,0.0,0.003154
TrendFollowing_v2.0_EURUSD_1,2026-01-27T02:00:00,15335.4,0.2,-0.002046
TrendFollowing_v2.0_EURUSD_1,2026-01-27T03:00:00,15384.33,0.0,0.003191
TrendFollowing_v2.0_EURUSD_1,2026-01-27T04:00:00,15332.21,0.34,-0.003388
TrendFollowing_v2.0_EURUSD_1,2026-01-27T05:00:00,15422.66,0.0,0.005899
TrendFollowing_v2.0_EURUSD_1,2026-01-27T06:00:00,15417.84,0.03,-0.000312
TrendFollowing_v2.0_EURUSD_1,2026-01-27T07:00:00,15389.71,0.21,-0.001825
TrendFollowing_v2.0_EURUSD_1,2026-01-27T08:00:00,15390.25,0.21,3.5e-05
TrendFollowing_v2.0_EURUSD_1,2026-01-27T09:00:00,15365.73,0.37,-0.001593
TrendFollowing_v2.0_EURUSD_1,2026-01-27T10:00:00,15385.3,0.24,0.001274
TrendFollowing_v2.0_EURUSD_1,2026-01-27T11:00:00,15435.08,0.0,0.003235
TrendFollowing_v2.0_EURUSD_1,2026-01-27T12:00:00,15412.13,0.15,-0.001487
TrendFollowing_v2.0_EURUSD_1,2026-01-27T13:00:00,15437.7,0.0,0.001659
TrendFollowing_v2.0_EURUSD_1,2026-01-27T14:00:00,15398.09,0.26,-0.002565
TrendFollowing_v2.0_EURUSD_1,2026-01-27T15:00:00,15437.6,0.0,0.002566
TrendFollowing_v2.0_EURUSD_1,2026-01-27T16:00:00,15458.17,0.0,0.001332
TrendFollowing_v2.0_EURUSD_1,2026-01-27T17:00:00,15499.17,0.0,0.002652
TrendFollowing_v2.0_EURUSD_1,2026-01-27T18:00:00,15503.13,0.0,0.000255
TrendFollowing_v2.0_EURUSD_1,2026-01-27T19:00:00,15497.39,0.04,-0.00037
TrendFollowing_v2.0_EURUSD_1,2026-01-27T20:00:00,15530.43,0.0,0.002132
TrendFollowing_v2.0_EURUSD_1,2026-01-27T21:00:00,15497.57,0.21,-0.002116
TrendFollowing_v2.0_EURUSD_1,2026-01-27T22:00:00,15451.3,0.51,-0.002986
TrendFollowing_v2.0_EURUSD_1,2026-01-27T23:00:00,15458.87,0.46,0.00049
TrendFollowing_v2.0_EURUSD_1,2026-01-28T00:00:00,15454.55,0.49,-0.000279
TrendFollowing_v2.0_EURUSD_1,2026-01-28T01:00:00,15479.4,0.33,0.001608
TrendFollowing_v2.0_EURUSD_1,2026-01-28T02:00:00,15520.93,0.06,0.002683
TrendFollowing_v2.0_EURUSD_1,2026-01-28T03:00:00,15545.24,0.0,0.001566
TrendFollowing_v2.0_EURUSD_1,2026-01-28T04:00:00,15584.47,0.0,0.002524
TrendFollowing_v2.0_EURUSD_1,2026-01-28T05:00:00,15602.27,0.0,0.001142
TrendFollowing_v2.0_EURUSD_1,2026-01-28T06:00:00,15625.51,0.0,0.001489
TrendFollowing_v2.0_EURUSD_1,2026-01-28T07:00:00,15629.67,0.0,0.000267
TrendFollowing_v2.0_EURUSD_1,2026-01-28T08:00:00,15652.02,0.0,0.00143
TrendFollowing_v2.0_EURUSD_1,2026-01-28T09:00:00,15665.07,0.0,0.000833
TrendFollowing_v2.0_EURUSD_1,2026-01-28T10:00:00,15683.09,0.0,0.00115
TrendFollowing_v2.0_EURUSD_1,2026-01-28T11:00:00,15685.7,0.0,0.000167
TrendFollowing_v2.0_EURUSD_1,2026-01-28T12:00:00,15718.92,0.0,0.002118
TrendFollowing_v2.0_EURUSD_1,2026-01-28T13:00:00,15704.44,0.09,-0.000921
TrendFollowing_v2.0_EURUSD_1,2026-01-28T14:00:00,15711.72,0.05,0.000463
TrendFollowing_v2.0_EURUSD_1,2026-01-28T15:00:00,15760.8,0.0,0.003124
TrendFollowing_v2.0_EURUSD_1,2026-01-28T16:00:00,15738.77,0.14,-0.001397
TrendFollowing_v2.0_EURUSD_1,2026-01-28T17:00:00,15678.59,0.52,-0.003824
TrendFollowing_v2.0_EURUSD_1,2026-01-28T18:00:00,15697.92,0.4,0.001233
TrendFollowing_v2.0_EURUSD_1,2026-01-28T19:00:00,15697.7,0.4,-1.4e-05
TrendFollowing_v2.0_EURUSD_1,2026-01-28T20:00:00,15737.29,0.15,0.002522
TrendFollowing_v2.0_EURUSD_1,2026-01-28T21:00:00,15741.05,0.13,0.000239
TrendFollowing_v2.0_EURUSD_1,2026-01-28T22:00:00,15729.89,0.2,-0.000709
TrendFollowing_v2.0_EURUSD_1,2026-01-28T23:00:00,15735.37,0.16,0.000348
TrendFollowing_v2.0_EURUSD_1,2026-01-29T00:00:00,15777.64,0.0,0.002686
TrendFollowing_v2.0_EURUSD_1,2026-01-29T01:00:00,15803.69,0.0,0.001651
TrendFollowing_v2.0_EURUSD_1,2026-01-29T02:00:00,15734.66,0.44,-0.004368
TrendFollowing_v2.0_EURUSD_1,2026-01-29T03:00:00,15748.37,0.35,0.000872
TrendFollowing_v2.0_EURUSD_1,2026-01-29T04:00:00,15763.67,0.25,0.000972
TrendFollowing_v2.0_EURUSD_1,2026-01-29T05:00:00,15770.98,0.21,0.000464
TrendFollowing_v2.0_EURUSD_1,2026-01-29T06:00:00,15759.6,0.28,-0.000722
TrendFollowing_v2.0_EURUSD_1,2026-01-29T07:00:00,15805.13,0.0,0.002889
TrendFollowing_v2.0_EURUSD_1,2026-01-29T08:00:00,15852.35,0.0,0.002988
TrendFollowing_v2.0_EURUSD_1,2026-01-29T09:00:00,15790.43,0.39,-0.003906
TrendFollowing_v2.0_EURUSD_1,2026-01-29T10:00:00,15773.12,0.5,-0.001096
TrendFollowing_v2.0_EURUSD_1,2026-01-29T11:00:00,15776.44,0.48,0.000211
TrendFollowing_v2.0_EURUSD_1,2026-01-29T12:00:00,15814.26,0.24,0.002397
TrendFollowing_v2.0_EURUSD_1,2026-01-29T13:00:00,15823.27,0.18,0.00057
TrendFollowing_v2.0_EURUSD_1,2026-01-29T14:00:00,15809.55,0.27,-0.000867
TrendFollowing_v2.0_EURUSD_1,2026-01-29T15:00:00,15839.89,0.08,0.001919
TrendFollowing_v2.0_EURUSD_1,2026-01-29T16:00:00,15841.11,0.07,7.7e-05
TrendFollowing_v2.0_EURUSD_1,2026-01-29T17:00:00,15845.31,0.04,0.000265
TrendFollowing_v2.0_EURUSD_1,2026-01-29T18:00:00,15852.38,0.0,0.000446
TrendFollowing_v2.0_EURUSD_1,2026-01-29T19:00:00,15878.51,0.0,0.001649
TrendFollowing_v2.0_EURUSD_1,2026-01-29T20:00:00,15876.65,0.01,-0.000117
TrendFollowing_v2.0_EURUSD_1,2026-01-29T21:00:00,15906.4,0.0,0.001874
TrendFollowing_v2.0_EURUSD_1,2026-01-29T22:00:00,15912.03,0.0,0.000354
TrendFollowing_v2.0_EURUSD_1,2026-01-29T23:00:00,15886.03,0.16,-0.001634
TrendFollowing_v2.0_EURUSD_1,2026-01-30T00:00:00,15892.8,0.12,0.000426
TrendFollowing_v2.0_EURUSD_1,2026-01-30T01:00:00,15868.48,0.27,-0.00153
TrendFollowing_v2.0_EURUSD_1,2026-01-30T02:00:00,15877.72,0.22,0.000582
TrendFollowing_v2.0_EURUSD_1,2026-01-30T03:00:00,15912.0,0.0,0.002159
TrendFollowing_v2.0_EURUSD_1,2026-01-30T04:00:00,15885.79,0.16,-0.001647
TrendFollowing_v2.0_EURUSD_1,2026-01-30T05:00:00,15905.3,0.04,0.001229
TrendFollowing_v2.0_EURUSD_1,2026-01-30T06:00:00,15886.88,0.16,-0.001158
TrendFollowing_v2.0_EURUSD_1,2026-01-30T07:00:00,15901.23,0.07,0.000903
TrendFollowing_v2.0_EURUSD_1,2026-01-30T08:00:00,15936.54,0.0,0.00222
TrendFollowing_v2.0_EURUSD_1,2026-01-30T09:00:00,15876.64,0.38,-0.003759
TrendFollowing_v2.0_EURUSD_1,2026-01-30T10:00:00,15849.19,0.55,-0.001729
TrendFollowing_v2.0_EURUSD_1,2026-01-30T11:00:00,15845.41,0.57,-0.000238
TrendFollowing_v2.0_EURUSD_1,2026-01-30T12:00:00,15863.32,0.46,0.00113
TrendFollowing_v2.0_EURUSD_1,2026-01-30T13:00:00,15865.97,0.44,0.000167
TrendFollowing_v2.0_EURUSD_1,2026-01-30T14:00:00,15872.45,0.4,0.000408
TrendFollowing_v2.0_EURUSD_1,2026-01-30T15:00:00,15945.24,0.0,0.004586
TrendFollowing_v2.0_EURUSD_1,2026-01-30T16:00:00,15914.55,0.19,-0.001925
TrendFollowing_v2.0_EURUSD_1,2026-01-30T17:00:00,15958.65,0.0,0.002771
TrendFollowing_v2.0_EURUSD_1,2026-01-30T18:00:00,15955.46,0.02,-0.0002
TrendFollowing_v2.0_EURUSD_1,2026-01-30T19:00:00,15980.97,0.0,0.001599
TrendFollowing_v2.0_EURUSD_1,2026-01-30T20:00:00,16057.0,0.0,0.004758
TrendFollowing_v2.0_EURUSD_1,2026-01-30T21:00:00,16087.15,0.0,0.001877
TrendFollowing_v2.0_EURUSD_1,2026-01-30T22:00:00,16107.18,0.0,0.001245
TrendFollowing_v2.0_EURUSD_1,2026-01-30T23:00:00,16166.74,0.0,0.003698
TrendFollowing_v2.1_EURUSD_2,2026-01-01T00:00:00,10010.89,0.0,0.001089
TrendFollowing_v2.1_EURUSD_2,2026-01-01T01:00:00,9981.51,0.29,-0.002935
TrendFollowing_v2.1_EURUSD_2,2026-01-01T02:00:00,9975.72,0.35,-0.00058
TrendFollowing_v2.1_EURUSD_2,2026-01-01T03:00:00,9986.97,0.24,0.001128
TrendFollowing_v2.1_EURUSD_2,2026-01-01T04:00:00,9979.94,0.31,-0.000704
TrendFollowing_v2.1_EURUSD_2,2026-01-01T05:00:00,9990.38,0.2,0.001047
TrendFollowing_v2.1_EURUSD_2,2026-01-01T06:00:00,9995.11,0.16,0.000473
TrendFollowing_v2.1_EURUSD_2,2026-01-01T07:00:00,10010.83,0.0,0.001573
TrendFollowing_v2.1_EURUSD_2,2026-01-01T08:00:00,10007.34,0.04,-0.000348
TrendFollowing_v2.1_EURUSD_2,2026-01-01T09:00:00,9993.53,0.17,-0.00138
TrendFollowing_v2.1_EURUSD_2,2026-01-01T10:00:00,10028.07,0.0,0.003456
TrendFollowing_v2.1_EURUSD_2,2026-01-01T11:00:00,10023.14,0.05,-0.000491
TrendFollowing_v2.1_EURUSD_2,2026-01-01T12:00:00,10041.39,0.0,0.00182
TrendFollowing_v2.1_EURUSD_2,2026-01-01T13:00:00,10075.23,0.0,0.00337
TrendFollowing_v2.1_EURUSD_2,2026-01-01T14:00:00,10083.55,0.0,0.000825
TrendFollowing_v2.1_EURUSD_2,2026-01-01T15:00:00,10071.32,0.12,-0.001213
TrendFollowing_v2.1_EURUSD_2,2026-01-01T16:00:00,10072.76,0.11,0.000143
TrendFollowing_v2.1_EURUSD_2,2026-01-01T17:00:00,10098.29,0.0,0.002535
TrendFollowing_v2.1_EURUSD_2,2026-01-01T18:00:00,10107.51,0.0,0.000912
TrendFollowing_v2.1_EURUSD_2,2026-01-01T19:00:00,10088.2,0.19,-0.00191
TrendFollowing_v2.1_EURUSD_2,2026-01-01T20:00:00,10105.28,0.02,0.001693
TrendFollowing_v2.1_EURUSD_2,2026-01-01T21:00:00,10125.89,0.0,0.002039
TrendFollowing_v2.1_EURUSD_2,2026-01-01T22:00:00,10123.75,0.02,-0.000211
TrendFollowing_v2.1_EURUSD_2,2026-01-01T23:00:00,10141.17,0.0,0.00172
TrendFollowing_v2.1_EURUSD_2,2026-01-02T00:00:00,10151.21,0.0,0.00099
TrendFollowing_v2.1_EURUSD_2,2026-01-02T01:00:00,10152.28,0.0,0.000105
TrendFollowing_v2.1_EURUSD_2,2026-01-02T02:00:00,10131.09,0.21,-0.002087
TrendFollowing_v2.1_EURUSD_2,2026-01-02T03:00:00,10158.0,0.0,0.002656
TrendFollowing_v2.1_EURUSD_2,2026-01-02T04:00:00,10178.5,0.0,0.002018
TrendFollowing_v2.1_EURUSD_2,2026-01-02T05:00:00,10195.48,0.0,0.001668
TrendFollowing_v2.1_EURUSD_2,2026-01-02T06:00:00,10232.07,0.0,0.003589
TrendFollowing_v2.1_EURUSD_2,2026-01-02T07:00:00,10256.53,0.0,0.00239
TrendFollowing_v2.1_EURUSD_2,2026-01-02T08:00:00,10275.74,0.0,0.001873
TrendFollowing_v2.1_EURUSD_2,2026-01-02T09:00:00,10235.39,0.39,-0.003926
TrendFollowing_v2.1_EURUSD_2,2026-01-02T10:00:00,10265.01,0.1,0.002894
TrendFollowing_v2.1_EURUSD_2,2026-01-02T11:00:00,10271.85,0.04,0.000666
TrendFollowing_v2.1_EURUSD_2,2026-01-02T12:00:00,10283.4,0.0,0.001125
TrendFollowing_v2.1_EURUSD_2,2026-01-02T13:00:00,10295.11,0.0,0.001139
TrendFollowing_v2.1_EURUSD_2,2026-01-02T14:00:00,10316.19,0.0,0.002048
TrendFollowing_v2.1_EURUSD_2,2026-01-02T15:00:00,10344.5,0.0,0.002744
TrendFollowing_v2.1_EURUSD_2,2026-01-02T16:00:00,10362.8,0.0,0.001768
TrendFollowing_v2.1_EURUSD_2,2026-01-02T17:00:00,10377.83,0.0,0.001451
TrendFollowing_v2.1_EURUSD_2,2026-01-02T18:00:00,10387.83,0.0,0.000963
TrendFollowing_v2.1_EURUSD_2,2026-01-02T19:00:00,10323.39,0.62,-0.006203
TrendFollowing_v2.1_EURUSD_2,2026-01-02T20:00:00,10322.61,0.63,-7.5e-05
TrendFollowing_v2.1_EURUSD_2,2026-01-02T21:00:00,10308.33,0.77,-0.001383
TrendFollowing_v2.1_EURUSD_2,2026-01-02T22:00:00,10338.45,0.48,0.002921
TrendFollowing_v2.1_EURUSD_2,2026-01-02T23:00:00,10356.42,0.3,0.001738
TrendFollowing_v2.1_EURUSD_2,2026-01-03T00:00:00,10352.11,0.34,-0.000416
TrendFollowing_v2.1_EURUSD_2,2026-01-03T01:00:00,10349.88,0.37,-0.000215
TrendFollowing_v2.1_EURUSD_2,2026-01-03T02:00:00,10346.9,0.39,-0.000288
TrendFollowing_v2.1_EURUSD_2,2026-01-03T03:00:00,10343.55,0.43,-0.000324
TrendFollowing_v2.1_EURUSD_2,2026-01-03T04:00:00,10318.84,0.66,-0.002389
TrendFollowing_v2.1_EURUSD_2,2026-01-03T05:00:00,10289.71,0.94,-0.002823
TrendFollowing_v2.1_EURUSD_2,2026-01-03T06:00:00,10295.45,0.89,0.000558
TrendFollowing_v2.1_EURUSD_2,2026-01-03T07:00:00,10322.74,0.63,0.002651
TrendFollowing_v2.1_EURUSD_2,2026-01-03T08:00:00,10316.8,0.68,-0.000575
TrendFollowing_v2.1_EURUSD_2,2026-01-03T09:00:00,10328.22,0.57,0.001107
TrendFollowing_v2.1_EURUSD_2,2026-01-03T10:00:00,10348.55,0.38,0.001969
TrendFollowing_v2.1_EURUSD_2,2026-01-03T11:00:00,10333.17,0.53,-0.001487
TrendFollowing_v2.1_EURUSD_2,2026-01-03T12:00:00,10337.92,0.48,0.00046
TrendFollowing_v2.1_EURUSD_2,2026-01-03T13:00:00,10329.31,0.56,-0.000833
TrendFollowing_v2.1_EURUSD_2,2026-01-03T14:00:00,10367.65,0.19,0.003712
TrendFollowing_v2.1_EURUSD_2,2026-01-03T15:00:00,10405.24,0.0,0.003625
TrendFollowing_v2.1_EURUSD_2,2026-01-03T16:00:00,10389.79,0.15,-0.001485
TrendFollowing_v2.1_EURUSD_2,2026-01-03T17:00:00,10403.0,0.02,0.001272
TrendFollowing_v2.1_EURUSD_2,2026-01-03T18:00:00,10430.41,0.0,0.002635
TrendFollowing_v2.1_EURUSD_2,2026-01-03T19:00:00,10453.33,0.0,0.002197
TrendFollowing_v2.1_EURUSD_2,2026-01-03T20:00:00,10460.26,0.0,0.000663
TrendFollowing_v2.1_EURUSD_2,2026-01-03T21:00:00,10492.82,0.0,0.003113
TrendFollowing_v2.1_EURUSD_2,2026-01-03T22:00:00,10479.09,0.13,-0.001309
TrendFollowing_v2.1_EURUSD_2,2026-01-03T23:00:00,10477.97,0.14,-0.000106
TrendFollowing_v2.1_EURUSD_2,2026-01-04T00:00:00,10464.82,0.27,-0.001255
TrendFollowing_v2.1_EURUSD_2,2026-01-04T01:00:00,10486.43,0.06,0.002065
TrendFollowing_v2.1_EURUSD_2,2026-01-04T02:00:00,10479.45,0.13,-0.000665
TrendFollowing_v2.1_EURUSD_2,2026-01-04T03:00:00,10481.11,0.11,0.000158
TrendFollowing_v2.1_EURUSD_2,2026-01-04T04:00:00,10499.29,0.0,0.001735
TrendFollowing_v2.1_EURUSD_2,2026-01-04T05:00:00,10519.21,0.0,0.001896
TrendFollowing_v2.1_EURUSD_2,2026-01-04T06:00:00,10505.38,0.13,-0.001314
TrendFollowing_v2.1_EURUSD_2,2026-01-04T07:00:00,10532.83,0.0,0.002613
TrendFollowing_v2.1_EURUSD_2,2026-01-04T08:00:00,10547.7,0.0,0.001411
TrendFollowing_v2.1_EURUSD_2,2026-01-04T09:00:00,10530.16,0.17,-0.001663
TrendFollowing_v2.1_EURUSD_2,2026-01-04T10:00:00,10507.46,0.38,-0.002155
TrendFollowing_v2.1_EURUSD_2,2026-01-04T11:00:00,10512.38,0.33,0.000468
TrendFollowing_v2.1_EURUSD_2,2026-01-04T12:00:00,10535.51,0.12,0.0022
TrendFollowing_v2.1_EURUSD_2,2026-01-04T13:00:00,10559.23,0.0,0.002251
TrendFollowing_v2.1_EURUSD_2,2026-01-04T14:00:00,10572.03,0.0,0.001212
TrendFollowing_v2.1_EURUSD_2,2026-01-04T15:00:00,10578.35,0.0,0.000597
TrendFollowing_v2.1_EURUSD_2,2026-01-04T16:00:00,10594.46,0.0,0.001523
TrendFollowing_v2.1_EURUSD_2,2026-01-04T17:00:00,10581.63,0.12,-0.001211
TrendFollowing_v2.1_EURUSD_2,2026-01-04T18:00:00,10622.63,0.0,0.003874
TrendFollowing_v2.1_EURUSD_2,2026-01-04T19:00:00,10663.5,0.0,0.003848
TrendFollowing_v2.1_EURUSD_2,2026-01-04T20:00:00,10677.98,0.0,0.001358
TrendFollowing_v2.1_EURUSD_2,2026-01-04T21:00:00,10687.53,0.0,0.000895
TrendFollowing_v2.1_EURUSD_2,2026-01-04T22:00:00,10684.08,0.03,-0.000323
TrendFollowing_v2.1_EURUSD_2,2026-01-04T23:00:00,10700.72,0.0,0.001557
TrendFollowing_v2.1_EURUSD_2,2026-01-05T00:00:00,10691.28,0.09,-0.000883
TrendFollowing_v2.1_EURUSD_2,2026-01-05T01:00:00,10649.08,0.48,-0.003947
TrendFollowing_v2.1_EURUSD_2,2026-01-05T02:00:00,10596.6,0.97,-0.004928
TrendFollowing_v2.1_EURUSD_2,2026-01-05T03:00:00,10584.95,1.08,-0.001099
TrendFollowing_v2.1_EURUSD_2,2026-01-05T04:00:00,10593.55,1.0,0.000813
TrendFollowing_v2.1_EURUSD_2,2026-01-05T05:00:00,10605.88,0.89,0.001164
TrendFollowing_v2.1_EURUSD_2,2026-01-05T06:00:00,10600.86,0.93,-0.000474
TrendFollowing_v2.1_EURUSD_2,2026-01-05T07:00:00,10609.17,0.86,0.000784
TrendFollowing_v2.1_EURUSD_2,2026-01-05T08:00:00,10608.65,0.86,-4.8e-05
TrendFollowing_v2.1_EURUSD_2,2026-01-05T09:00:00,10592.76,1.01,-0.001499
TrendFollowing_v2.1_EURUSD_2,2026-01-05T10:00:00,10596.91,0.97,0.000393
TrendFollowing_v2.1_EURUSD_2,2026-01-05T11:00:00,10619.44,0.76,0.002126
TrendFollowing_v2.1_EURUSD_2,2026-01-05T12:00:00,10604.49,0.9,-0.001408
TrendFollowing_v2.1_EURUSD_2,2026-01-05T13:00:00,10589.57,1.04,-0.001407
TrendFollowing_v2.1_EURUSD_2,2026-01-05T14:00:00,10572.21,1.2,-0.001639
TrendFollowing_v2.1_EURUSD_2,2026-01-05T15:00:00,10536.55,1.53,-0.003373
TrendFollowing_v2.1_EURUSD_2,2026-01-05T16:00:00,10531.7,1.58,-0.00046
TrendFollowing_v2.1_EURUSD_2,2026-01-05T17:00:00,10552.01,1.39,0.001928
TrendFollowing_v2.1_EURUSD_2,2026-01-05T18:00:00,10560.96,1.31,0.000848
TrendFollowing_v2.1_EURUSD_2,2026-01-05T19:00:00,10562.66,1.29,0.000161
TrendFollowing_v2.1_EURUSD_2,2026-01-05T20:00:00,10570.67,1.22,0.000758
TrendFollowing_v2.1_EURUSD_2,2026-01-05T21:00:00,10565.62,1.26,-0.000478
TrendFollowing_v2.1_EURUSD_2,2026-01-05T22:00:00,10529.74,1.6,-0.003396
TrendFollowing_v2.1_EURUSD_2,2026-01-05T23:00:00,10551.51,1.39,0.002067
TrendFollowing_v2.1_EURUSD_2,2026-01-06T00:00:00,10579.39,1.13,0.002642
TrendFollowing_v2.1_EURUSD_2,2026-01-06T01:00:00,10569.27,1.23,-0.000956
TrendFollowing_v2.1_EURUSD_2,2026-01-06T02:00:00,10571.37,1.21,0.000198
TrendFollowing_v2.1_EURUSD_2,2026-01-06T03:00:00,10571.64,1.21,2.6e-05
TrendFollowing_v2.1_EURUSD_2,2026-01-06T04:00:00,10584.36,1.09,0.001203
TrendFollowing_v2.1_EURUSD_2,2026-01-06T05:00:00,10625.42,0.7,0.00388
TrendFollowing_v2.1_EURUSD_2,2026-01-06T06:00:00,10655.38,0.42,0.00282
TrendFollowing_v2.1_EURUSD_2,2026-01-06T07:00:00,10652.68,0.45,-0.000254
TrendFollowing_v2.1_EURUSD_2,2026-01-06T08:00:00,10669.56,0.29,0.001585
TrendFollowing_v2.1_EURUSD_2,2026-01-06T09:00:00,10701.66,0.0,0.003009
TrendFollowing_v2.1_EURUSD_2,2026-01-06T10:00:00,10715.75,0.0,0.001317
TrendFollowing_v2.1_EURUSD_2,2026-01-06T11:00:00,10721.01,0.0,0.000491
TrendFollowing_v2.1_EURUSD_2,2026-01-06T12:00:00,10735.93,0.0,0.001392
TrendFollowing_v2.1_EURUSD_2,2026-01-06T13:00:00,10726.2,0.09,-0.000907
TrendFollowing_v2.1_EURUSD_2,2026-01-06T14:00:00,10719.61,0.15,-0.000615
TrendFollowing_v2.1_EURUSD_2,2026-01-06T15:00:00,10702.16,0.31,-0.001628
TrendFollowing_v2.1_EURUSD_2,2026-01-06T16:00:00,10714.08,0.2,0.001114
TrendFollowing_v2.1_EURUSD_2,2026-01-06T17:00:00,10716.62,0.18,0.000237
TrendFollowing_v2.1_EURUSD_2,2026-01-06T18:00:00,10704.34,0.29,-0.001146
TrendFollowing_v2.1_EURUSD_2,2026-01-06T19:00:00,10706.17,0.28,0.000172
TrendFollowing_v2.1_EURUSD_2,2026-01-06T20:00:00,10721.59,0.13,0.00144
TrendFollowing_v2.1_EURUSD_2,2026-01-06T21:00:00,10768.01,0.0,0.004329
TrendFollowing_v2.1_EURUSD_2,2026-01-06T22:00:00,10795.19,0.0,0.002524
TrendFollowing_v2.1_EURUSD_2,2026-01-06T23:00:00,10751.27,0.41,-0.004068
TrendFollowing_v2.1_EURUSD_2,2026-01-07T00:00:00,10761.79,0.31,0.000979
TrendFollowing_v2.1_EURUSD_2,2026-01-07T01:00:00,10797.94,0.0,0.003359
TrendFollowing_v2.1_EURUSD_2,2026-01-07T02:00:00,10774.44,0.22,-0.002176
TrendFollowing_v2.1_EURUSD_2,2026-01-07T03:00:00,10791.72,0.06,0.001603
TrendFollowing_v2.1_EURUSD_2,2026-01-07T04:00:00,10792.0,0.05,2.7e-05
TrendFollowing_v2.1_EURUSD_2,2026-01-07T05:00:00,10822.23,0.0,0.002801
TrendFollowing_v2.1_EURUSD_2,2026-01-07T06:00:00,10836.39,0.0,0.001309
TrendFollowing_v2.1_EURUSD_2,2026-01-07T07:00:00,10822.65,0.13,-0.001268
TrendFollowing_v2.1_EURUSD_2,2026-01-07T08:00:00,10823.71,0.12,9.8e-05
TrendFollowing_v2.1_EURUSD_2,2026-01-07T09:00:00,10826.06,0.1,0.000217
TrendFollowing_v2.1_EURUSD_2,2026-01-07T10:00:00,10828.8,0.07,0.000254
TrendFollowing_v2.1_EURUSD_2,2026-01-07T11:00:00,10858.46,0.0,0.002739
TrendFollowing_v2.1_EURUSD_2,2026-01-07T12:00:00,10845.59,0.12,-0.001185
TrendFollowing_v2.1_EURUSD_2,2026-01-07T13:00:00,10872.77,0.0,0.002506
TrendFollowing_v2.1_EURUSD_2,2026-01-07T14:00:00,10871.63,0.01,-0.000104
TrendFollowing_v2.1_EURUSD_2,2026-01-07T15:00:00,10881.93,0.0,0.000947
TrendFollowing_v2.1_EURUSD_2,2026-01-07T16:00:00,10888.94,0.0,0.000645
TrendFollowing_v2.1_EURUSD_2,2026-01-07T17:00:00,10893.91,0.0,0.000456
TrendFollowing_v2.1_EURUSD_2,2026-01-07T18:00:00,10899.06,0.0,0.000473
TrendFollowing_v2.1_EURUSD_2,2026-01-07T19:00:00,10936.28,0.0,0.003415
TrendFollowing_v2.1_EURUSD_2,2026-01-07T20:00:00,10960.18,0.0,0.002185
TrendFollowing_v2.1_EURUSD_2,2026-01-07T21:00:00,10957.71,0.02,-0.000225
TrendFollowing_v2.1_EURUSD_2,2026-01-07T22:00:00,10997.87,0.0,0.003666
TrendFollowing_v2.1_EURUSD_2,2026-01-07T23:00:00,11009.41,0.0,0.001049
TrendFollowing_v2.1_EURUSD_2,2026-01-08T00:00:00,11022.79,0.0,0.001215
TrendFollowing_v2.1_EURUSD_2,2026-01-08T01:00:00,11009.84,0.12,-0.001175
TrendFollowing_v2.1_EURUSD_2,2026-01-08T02:00:00,11004.39,0.17,-0.000495
TrendFollowing_v2.1_EURUSD_2,2026-01-08T03:00:00,10994.74,0.25,-0.000877
TrendFollowing_v2.1_EURUSD_2,2026-01-08T04:00:00,11002.13,0.19,0.000672
TrendFollowing_v2.1_EURUSD_2,2026-01-08T05:00:00,11021.69,0.01,0.001778
TrendFollowing_v2.1_EURUSD_2,2026-01-08T06:00:00,11035.3,0.0,0.001234
TrendFollowing_v2.1_EURUSD_2,2026-01-08T07:00:00,11075.86,0.0,0.003676
TrendFollowing_v2.1_EURUSD_2,2026-01-08T08:00:00,11061.74,0.13,-0.001276
TrendFollowing_v2.1_EURUSD_2,2026-01-08T09:00:00,11069.81,0.05,0.00073
TrendFollowing_v2.1_EURUSD_2,2026-01-08T10:00:00,11046.94,0.26,-0.002066
TrendFollowing_v2.1_EURUSD_2,2026-01-08T11:00:00,11032.09,0.4,-0.001344
TrendFollowing_v2.1_EURUSD_2,2026-01-08T12:00:00,11065.51,0.09,0.003029
TrendFollowing_v2.1_EURUSD_2,2026-01-08T13:00:00,11060.79,0.14,-0.000426
TrendFollowing_v2.1_EURUSD_2,2026-01-08T14:00:00,11048.55,0.25,-0.001107
TrendFollowing_v2.1_EURUSD_2,2026-01-08T15:00:00,11007.01,0.62,-0.00376
TrendFollowing_v2.1_EURUSD_2,2026-01-08T16:00:00,10994.61,0.73,-0.001127
TrendFollowing_v2.1_EURUSD_2,2026-01-08T17:00:00,10995.59,0.72,8.9e-05
TrendFollowing_v2.1_EURUSD_2,2026-01-08T18:00:00,10971.24,0.94,-0.002215
TrendFollowing_v2.1_EURUSD_2,2026-01-08T19:00:00,10970.96,0.95,-2.6e-05
TrendFollowing_v2.1_EURUSD_2,2026-01-08T20:00:00,11004.32,0.65,0.003041
TrendFollowing_v2.1_EURUSD_2,2026-01-08T21:00:00,10994.26,0.74,-0.000915
TrendFollowing_v2.1_EURUSD_2,2026-01-08T22:00:00,10979.01,0.87,-0.001387
TrendFollowing_v2.1_EURUSD_2,2026-01-08T23:00:00,10959.82,1.05,-0.001748
TrendFollowing_v2.1_EURUSD_2,2026-01-09T00:00:00,10940.28,1.22,-0.001784
TrendFollowing_v2.1_EURUSD_2,2026-01-09T01:00:00,10957.47,1.07,0.001571
TrendFollowing_v2.1_EURUSD_2,2026-01-09T02:00:00,10964.01,1.01,0.000597
TrendFollowing_v2.1_EURUSD_2,2026-01-09T03:00:00,10990.48,0.77,0.002414
TrendFollowing_v2.1_EURUSD_2,2026-01-09T04:00:00,11040.37,0.32,0.00454
TrendFollowing_v2.1_EURUSD_2,2026-01-09T05:00:00,11005.47,0.64,-0.003161
TrendFollowing_v2.1_EURUSD_2,2026-01-09T06:00:00,11019.34,0.51,0.00126
TrendFollowing_v2.1_EURUSD_2,2026-01-09T07:00:00,11000.2,0.68,-0.001737
TrendFollowing_v2.1_EURUSD_2,2026-01-09T08:00:00,11023.05,0.48,0.002078
TrendFollowing_v2.1_EURUSD_2,2026-01-09T09:00:00,11022.57,0.48,-4.4e-05
TrendFollowing_v2.1_EURUSD_2,2026-01-09T10:00:00,11028.68,0.43,0.000555
TrendFollowing_v2.1_EURUSD_2,2026-01-09T11:00:00,11005.9,0.63,-0.002066
TrendFollowing_v2.1_EURUSD_2,2026-01-09T12:00:00,11002.01,0.67,-0.000353
TrendFollowing_v2.1_EURUSD_2,2026-01-09T13:00:00,11009.49,0.6,0.000679
TrendFollowing_v2.1_EURUSD_2,2026-01-09T14:00:00,11044.85,0.28,0.003212
TrendFollowing_v2.1_EURUSD_2,2026-01-09T15:00:00,11032.82,0.39,-0.001089
TrendFollowing_v2.1_EURUSD_2,2026-01-09T16:00:00,11026.19,0.45,-0.000601
TrendFollowing_v2.1_EURUSD_2,2026-01-09T17:00:00,11052.52,0.21,0.002389
TrendFollowing_v2.1_EURUSD_2,2026-01-09T18:00:00,11039.05,0.33,-0.001219
TrendFollowing_v2.1_EURUSD_2,2026-01-09T19:00:00,11069.79,0.05,0.002785
TrendFollowing_v2.1_EURUSD_2,2026-01-09T20:00:00,11075.13,0.01,0.000482
TrendFollowing_v2.1_EURUSD_2,2026-01-09T21:00:00,11087.38,0.0,0.001106
TrendFollowing_v2.1_EURUSD_2,2026-01-09T22:00:00,11101.07,0.0,0.001235
TrendFollowing_v2.1_EURUSD_2,2026-01-09T23:00:00,11092.94,0.07,-0.000732
TrendFollowing_v2.1_EURUSD_2,2026-01-10T00:00:00,11107.14,0.0,0.00128
TrendFollowing_v2.1_EURUSD_2,2026-01-10T01:00:00,11095.54,0.1,-0.001045
TrendFollowing_v2.1_EURUSD_2,2026-01-10T02:00:00,11089.94,0.15,-0.000504
TrendFollowing_v2.1_EURUSD_2,2026-01-10T03:00:00,11107.88,0.0,0.001617
TrendFollowing_v2.1_EURUSD_2,2026-01-10T04:00:00,11119.95,0.0,0.001087
TrendFollowing_v2.1_EURUSD_2,2026-01-10T05:00:00,11123.84,0.0,0.00035
TrendFollowing_v2.1_EURUSD_2,2026-01-10T06:00:00,11101.4,0.2,-0.002017
TrendFollowing_v2.1_EURUSD_2,2026-01-10T07:00:00,11084.54,0.35,-0.001518
TrendFollowing_v2.1_EURUSD_2,2026-01-10T08:00:00,11096.22,0.25,0.001053
TrendFollowing_v2.1_EURUSD_2,2026-01-10T09:00:00,11118.02,0.05,0.001964
TrendFollowing_v2.1_EURUSD_2,2026-01-10T10:00:00,11098.9,0.22,-0.001719
TrendFollowing_v2.1_EURUSD_2,2026-01-10T11:00:00,11085.81,0.34,-0.00118
TrendFollowing_v2.1_EURUSD_2,2026-01-10T12:00:00,11094.33,0.27,0.000768
TrendFollowing_v2.1_EURUSD_2,2026-01-10T13:00:00,11102.38,0.19,0.000726
TrendFollowing_v2.1_EURUSD_2,2026-01-10T14:00:00,11071.87,0.47,-0.002748
TrendFollowing_v2.1_EURUSD_2,2026-01-10T15:00:00,11080.98,0.39,0.000823
TrendFollowing_v2.1_EURUSD_2,2026-01-10T16:00:00,11073.26,0.45,-0.000697
TrendFollowing_v2.1_EURUSD_2,2026-01-10T17:00:00,11115.14,0.08,0.003782
TrendFollowing_v2.1_EURUSD_2,2026-01-10T18:00:00,11126.24,0.0,0.000998
TrendFollowing_v2.1_EURUSD_2,2026-01-10T19:00:00,11141.18,0.0,0.001343
TrendFollowing_v2.1_EURUSD_2,2026-01-10T20:00:00,11156.72,0.0,0.001395
TrendFollowing_v2.1_EURUSD_2,2026-01-10T21:00:00,11135.21,0.19,-0.001928
TrendFollowing_v2.1_EURUSD_2,2026-01-10T22:00:00,11184.07,0.0,0.004388
TrendFollowing_v2.1_EURUSD_2,2026-01-10T23:00:00,11153.36,0.27,-0.002746
TrendFollowing_v2.1_EURUSD_2,2026-01-11T00:00:00,11176.69,0.07,0.002091
TrendFollowing_v2.1_EURUSD_2,2026-01-11T01:00:00,11196.1,0.0,0.001737
TrendFollowing_v2.1_EURUSD_2,2026-01-11T02:00:00,11191.02,0.05,-0.000454
TrendFollowing_v2.1_EURUSD_2,2026-01-11T03:00:00,11211.53,0.0,0.001833
TrendFollowing_v2.1_EURUSD_2,2026-01-11T04:00:00,11210.02,0.01,-0.000135
TrendFollowing_v2.1_EURUSD_2,2026-01-11T05:00:00,11200.48,0.1,-0.000851
TrendFollowing_v2.1_EURUSD_2,2026-01-11T06:00:00,11216.6,0.0,0.001439
TrendFollowing_v2.1_EURUSD_2,2026-01-11T07:00:00,11199.63,0.15,-0.001513
TrendFollowing_v2.1_EURUSD_2,2026-01-11T08:00:00,11200.2,0.15,5.1e-05
TrendFollowing_v2.1_EURUSD_2,2026-01-11T09:00:00,11192.49,0.21,-0.000688
TrendFollowing_v2.1_EURUSD_2,2026-01-11T10:00:00,11190.57,0.23,-0.000172
TrendFollowing_v2.1_EURUSD_2,2026-01-11T11:00:00,11205.85,0.1,0.001365
TrendFollowing_v2.1_EURUSD_2,2026-01-11T12:00:00,11198.13,0.16,-0.000689
TrendFollowing_v2.1_EURUSD_2,2026-01-11T13:00:00,11199.42,0.15,0.000115
TrendFollowing_v2.1_EURUSD_2,2026-01-11T14:00:00,11193.75,0.2,-0.000506
TrendFollowing_v2.1_EURUSD_2,2026-01-11T15:00:00,11231.68,0.0,0.003388
TrendFollowing_v2.1_EURUSD_2,2026-01-11T16:00:00,11244.99,0.0,0.001185
TrendFollowing_v2.1_EURUSD_2,2026-01-11T17:00:00,11255.56,0.0,0.00094
TrendFollowing_v2.1_EURUSD_2,2026-01-11T18:00:00,11276.57,0.0,0.001867
TrendFollowing_v2.1_EURUSD_2,2026-01-11T19:00:00,11268.81,0.07,-0.000688
TrendFollowing_v2.1_EURUSD_2,2026-01-11T20:00:00,11293.81,0.0,0.002219
TrendFollowing_v2.1_EURUSD_2,2026-01-11T21:00:00,11307.28,0.0,0.001192
TrendFollowing_v2.1_EURUSD_2,2026-01-11T22:00:00,11277.63,0.26,-0.002622
TrendFollowing_v2.1_EURUSD_2,2026-01-11T23:00:00,11251.06,0.5,-0.002356
TrendFollowing_v2.1_EURUSD_2,2026-01-12T00:00:00,11243.81,0.56,-0.000645
TrendFollowing_v2.1_EURUSD_2,2026-01-12T01:00:00,11219.73,0.77,-0.002142
TrendFollowing_v2.1_EURUSD_2,2026-01-12T02:00:00,11219.99,0.77,2.3e-05
TrendFollowing_v2.1_EURUSD_2,2026-01-12T03:00:00,11202.85,0.92,-0.001527
TrendFollowing_v2.1_EURUSD_2,2026-01-12T04:00:00,11206.26,0.89,0.000305
TrendFollowing_v2.1_EURUSD_2,2026-01-12T05:00:00,11243.5,0.56,0.003323
TrendFollowing_v2.1_EURUSD_2,2026-01-12T06:00:00,11248.02,0.52,0.000401
TrendFollowing_v2.1_EURUSD_2,2026-01-12T07:00:00,11246.82,0.53,-0.000106
TrendFollowing_v2.1_EURUSD_2,2026-01-12T08:00:00,11261.18,0.41,0.001276
TrendFollowing_v2.1_EURUSD_2,2026-01-12T09:00:00,11251.13,0.5,-0.000893
TrendFollowing_v2.1_EURUSD_2,2026-01-12T10:00:00,11275.73,0.28,0.002187
TrendFollowing_v2.1_EURUSD_2,2026-01-12T11:00:00,11292.54,0.13,0.00149
TrendFollowing_v2.1_EURUSD_2,2026-01-12T12:00:00,11299.06,0.07,0.000578
TrendFollowing_v2.1_EURUSD_2,2026-01-12T13:00:00,11308.2,0.0,0.000809
TrendFollowing_v2.1_EURUSD_2,2026-01-12T14:00:00,11360.03,0.0,0.004583
TrendFollowing_v2.1_EURUSD_2,2026-01-12T15:00:00,11387.12,0.0,0.002385
TrendFollowing_v2.1_EURUSD_2,2026-01-12T16:00:00,11442.9,0.0,0.004899
TrendFollowing_v2.1_EURUSD_2,2026-01-12T17:00:00,11460.8,0.0,0.001564
TrendFollowing_v2.1_EURUSD_2,2026-01-12T18:00:00,11432.8,0.24,-0.002443
TrendFollowing_v2.1_EURUSD_2,2026-01-12T19:00:00,11432.52,0.25,-2.4e-05
TrendFollowing_v2.1_EURUSD_2,2026-01-12T20:00:00,11399.36,0.54,-0.0029
TrendFollowing_v2.1_EURUSD_2,2026-01-12T21:00:00,11417.11,0.38,0.001557
TrendFollowing_v2.1_EURUSD_2,2026-01-12T22:00:00,11439.83,0.18,0.001991
TrendFollowing_v2.1_EURUSD_2,2026-01-12T23:00:00,11425.29,0.31,-0.001272
TrendFollowing_v2.1_EURUSD_2,2026-01-13T00:00:00,11416.02,0.39,-0.000811
TrendFollowing_v2.1_EURUSD_2,2026-01-13T01:00:00,11425.12,0.31,0.000798
TrendFollowing_v2.1_EURUSD_2,2026-01-13T02:00:00,11403.46,0.5,-0.001896
TrendFollowing_v2.1_EURUSD_2,2026-01-13T03:00:00,11380.12,0.7,-0.002046
TrendFollowing_v2.1_EURUSD_2,2026-01-13T04:00:00,11414.0,0.41,0.002977
TrendFollowing_v2.1_EURUSD_2,2026-01-13T05:00:00,11422.33,0.34,0.000729
TrendFollowing_v2.1_EURUSD_2,2026-01-13T06:00:00,11415.29,0.4,-0.000616
TrendFollowing_v2.1_EURUSD_2,2026-01-13T07:00:00,11382.36,0.68,-0.002884
TrendFollowing_v2.1_EURUSD_2,2026-01-13T08:00:00,11407.46,0.47,0.002205
TrendFollowing_v2.1_EURUSD_2,2026-01-13T09:00:00,11397.55,0.55,-0.000869
TrendFollowing_v2.1_EURUSD_2,2026-01-13T10:00:00,11445.66,0.13,0.004221
TrendFollowing_v2.1_EURUSD_2,2026-01-13T11:00:00,11471.05,0.0,0.002219
TrendFollowing_v2.1_EURUSD_2,2026-01-13T12:00:00,11458.25,0.11,-0.001116
TrendFollowing_v2.1_EURUSD_2,2026-01-13T13:00:00,11447.58,0.2,-0.000931
TrendFollowing_v2.1_EURUSD_2,2026-01-13T14:00:00,11492.73,0.0,0.003944
TrendFollowing_v2.1_EURUSD_2,2026-01-13T15:00:00,11496.54,0.0,0.000331
TrendFollowing_v2.1_EURUSD_2,2026-01-13T16:00:00,11490.48,0.05,-0.000527
TrendFollowing_v2.1_EURUSD_2,2026-01-13T17:00:00,11496.86,0.0,0.000555
TrendFollowing_v2.1_EURUSD_2,2026-01-13T18:00:00,11490.7,0.05,-0.000536
TrendFollowing_v2.1_EURUSD_2,2026-01-13T19:00:00,11501.99,0.0,0.000982
TrendFollowing_v2.1_EURUSD_2,2026-01-13T20:00:00,11506.0,0.0,0.000348
TrendFollowing_v2.1_EURUSD_2,2026-01-13T21:00:00,11531.9,0.0,0.002251
TrendFollowing_v2.1_EURUSD_2,2026-01-13T22:00:00,11528.7,0.03,-0.000277
TrendFollowing_v2.1_EURUSD_2,2026-01-13T23:00:00,11514.06,0.15,-0.00127
TrendFollowing_v2.1_EURUSD_2,2026-01-14T00:00:00,11511.78,0.17,-0.000198
TrendFollowing_v2.1_EURUSD_2,2026-01-14T01:00:00,11509.36,0.2,-0.00021
TrendFollowing_v2.1_EURUSD_2,2026-01-14T02:00:00,11513.33,0.16,0.000345
TrendFollowing_v2.1_EURUSD_2,2026-01-14T03:00:00,11533.7,0.0,0.001769
TrendFollowing_v2.1_EURUSD_2,2026-01-14T04:00:00,11552.85,0.0,0.00166
TrendFollowing_v2.1_EURUSD_2,2026-01-14T05:00:00,11586.34,0.0,0.002899
TrendFollowing_v2.1_EURUSD_2,2026-01-14T06:00:00,11573.33,0.11,-0.001123
TrendFollowing_v2.1_EURUSD_2,2026-01-14T07:00:00,11588.11,0.0,0.001277
TrendFollowing_v2.1_EURUSD_2,2026-01-14T08:00:00,11610.76,0.0,0.001955
TrendFollowing_v2.1_EURUSD_2,2026-01-14T09:00:00,11600.91,0.08,-0.000848
TrendFollowing_v2.1_EURUSD_2,2026-01-14T10:00:00,11601.9,0.08,8.5e-05
TrendFollowing_v2.1_EURUSD_2,2026-01-14T11:00:00,11567.09,0.38,-0.003
TrendFollowing_v2.1_EURUSD_2,2026-01-14T12:00:00,11593.85,0.15,0.002314
TrendFollowing_v2.1_EURUSD_2,2026-01-14T13:00:00,11594.65,0.14,6.9e-05
TrendFollowing_v2.1_EURUSD_2,2026-01-14T14:00:00,11619.16,0.0,0.002113
TrendFollowing_v2.1_EURUSD_2,2026-01-14T15:00:00,11629.75,0.0,0.000912
TrendFollowing_v2.1_EURUSD_2,2026-01-14T16:00:00,11631.26,0.0,0.00013
TrendFollowing_v2.1_EURUSD_2,2026-01-14T17:00:00,11600.02,0.27,-0.002686
TrendFollowing_v2.1_EURUSD_2,2026-01-14T18:00:00,11573.0,0.5,-0.00233
TrendFollowing_v2.1_EURUSD_2,2026-01-14T19:00:00,11518.76,0.97,-0.004686
TrendFollowing_v2.1_EURUSD_2,2026-01-14T20:00:00,11511.56,1.03,-0.000625
TrendFollowing_v2.1_EURUSD_2,2026-01-14T21:00:00,11569.77,0.53,0.005056
TrendFollowing_v2.1_EURUSD_2,2026-01-14T22:00:00,11545.75,0.74,-0.002076
TrendFollowing_v2.1_EURUSD_2,2026-01-14T23:00:00,11490.76,1.21,-0.004763
TrendFollowing_v2.1_EURUSD_2,2026-01-15T00:00:00,11518.63,0.97,0.002425
TrendFollowing_v2.1_EURUSD_2,2026-01-15T01:00:00,11578.84,0.45,0.005227
TrendFollowing_v2.1_EURUSD_2,2026-01-15T02:00:00,11591.53,0.34,0.001096
TrendFollowing_v2.1_EURUSD_2,2026-01-15T03:00:00,11604.02,0.23,0.001077
TrendFollowing_v2.1_EURUSD_2,2026-01-15T04:00:00,11602.63,0.25,-0.00012
TrendFollowing_v2.1_EURUSD_2,2026-01-15T05:00:00,11566.8,0.55,-0.003089
TrendFollowing_v2.1_EURUSD_2,2026-01-15T06:00:00,11539.02,0.79,-0.002401
TrendFollowing_v2.1_EURUSD_2,2026-01-15T07:00:00,11537.48,0.81,-0.000134
TrendFollowing_v2.1_EURUSD_2,2026-01-15T08:00:00,11531.52,0.86,-0.000517
TrendFollowing_v2.1_EURUSD_2,2026-01-15T09:00:00,11534.62,0.83,0.00027
TrendFollowing_v2.1_EURUSD_2,2026-01-15T10:00:00,11559.52,0.62,0.002159
TrendFollowing_v2.1_EURUSD_2,2026-01-15T11:00:00,11551.85,0.68,-0.000664
TrendFollowing_v2.1_EURUSD_2,2026-01-15T12:00:00,11577.26,0.46,0.002199
TrendFollowing_v2.1_EURUSD_2,2026-01-15T13:00:00,11569.73,0.53,-0.000651
TrendFollowing_v2.1_EURUSD_2,2026-01-15T14:00:00,11599.54,0.27,0.002576
TrendFollowing_v2.1_EURUSD_2,2026-01-15T15:00:00,11607.34,0.21,0.000673
TrendFollowing_v2.1_EURUSD_2,2026-01-15T16:00:00,11603.03,0.24,-0.000372
TrendFollowing_v2.1_EURUSD_2,2026-01-15T17:00:00,11610.44,0.18,0.000639
TrendFollowing_v2.1_EURUSD_2,2026-01-15T18:00:00,11609.42,0.19,-8.7e-05
TrendFollowing_v2.1_EURUSD_2,2026-01-15T19:00:00,11617.86,0.12,0.000726
TrendFollowing_v2.1_EURUSD_2,2026-01-15T20:00:00,11641.28,0.0,0.002016
TrendFollowing_v2.1_EURUSD_2,2026-01-15T21:00:00,11645.07,0.0,0.000326
TrendFollowing_v2.1_EURUSD_2,2026-01-15T22:00:00,11642.29,0.02,-0.000239
TrendFollowing_v2.1_EURUSD_2,2026-01-15T23:00:00,11621.95,0.2,-0.001747
TrendFollowing_v2.1_EURUSD_2,2026-01-16T00:00:00,11641.22,0.03,0.001658
TrendFollowing_v2.1_EURUSD_2,2026-01-16T01:00:00,11655.15,0.0,0.001197
TrendFollowing_v2.1_EURUSD_2,2026-01-16T02:00:00,11633.42,0.19,-0.001864
TrendFollowing_v2.1_EURUSD_2,2026-01-16T03:00:00,11658.68,0.0,0.002171
TrendFollowing_v2.1_EURUSD_2,2026-01-16T04:00:00,11636.57,0.19,-0.001896
TrendFollowing_v2.1_EURUSD_2,2026-01-16T05:00:00,11666.34,0.0,0.002558
TrendFollowing_v2.1_EURUSD_2,2026-01-16T06:00:00,11688.23,0.0,0.001876
TrendFollowing_v2.1_EURUSD_2,2026-01-16T07:00:00,11703.88,0.0,0.001339
TrendFollowing_v2.1_EURUSD_2,2026-01-16T08:00:00,11700.91,0.03,-0.000254
TrendFollowing_v2.1_EURUSD_2,2026-01-16T09:00:00,11720.23,0.0,0.001652
TrendFollowing_v2.1_EURUSD_2,2026-01-16T10:00:00,11751.32,0.0,0.002653
TrendFollowing_v2.1_EURUSD_2,2026-01-16T11:00:00,11771.12,0.0,0.001685
TrendFollowing_v2.1_EURUSD_2,2026-01-16T12:00:00,11761.23,0.08,-0.000841
TrendFollowing_v2.1_EURUSD_2,2026-01-16T13:00:00,11773.4,0.0,0.001035
TrendFollowing_v2.1_EURUSD_2,2026-01-16T14:00:00,11805.94,0.0,0.002764
TrendFollowing_v2.1_EURUSD_2,2026-01-16T15:00:00,11863.77,0.0,0.004898
TrendFollowing_v2.1_EURUSD_2,2026-01-16T16:00:00,11864.83,0.0,9e-05
TrendFollowing_v2.1_EURUSD_2,2026-01-16T17:00:00,11891.12,0.0,0.002216
TrendFollowing_v2.1_EURUSD_2,2026-01-16T18:00:00,11924.05,0.0,0.002769
TrendFollowing_v2.1_EURUSD_2,2026-01-16T19:00:00,11910.63,0.11,-0.001125
TrendFollowing_v2.1_EURUSD_2,2026-01-16T20:00:00,11959.04,0.0,0.004064
TrendFollowing_v2.1_EURUSD_2,2026-01-16T21:00:00,11939.54,0.16,-0.00163
TrendFollowing_v2.1_EURUSD_2,2026-01-16T22:00:00,11964.83,0.0,0.002118
TrendFollowing_v2.1_EURUSD_2,2026-01-16T23:00:00,11978.12,0.0,0.001111
TrendFollowing_v2.1_EURUSD_2,2026-01-17T00:00:00,11985.44,0.0,0.000611
TrendFollowing_v2.1_EURUSD_2,2026-01-17T01:00:00,12052.48,0.0,0.005594
TrendFollowing_v2.1_EURUSD_2,2026-01-17T02:00:00,12051.25,0.01,-0.000103
TrendFollowing_v2.1_EURUSD_2,2026-01-17T03:00:00,12049.62,0.02,-0.000135
TrendFollowing_v2.1_EURUSD_2,2026-01-17T04:00:00,12087.74,0.0,0.003163
TrendFollowing_v2.1_EURUSD_2,2026-01-17T05:00:00,12112.2,0.0,0.002024
TrendFollowing_v2.1_EURUSD_2,2026-01-17T06:00:00,12149.31,0.0,0.003064
TrendFollowing_v2.1_EURUSD_2,2026-01-17T07:00:00,12158.23,0.0,0.000734
TrendFollowing_v2.1_EURUSD_2,2026-01-17T08:00:00,12172.01,0.0,0.001134
TrendFollowing_v2.1_EURUSD_2,2026-01-17T09:00:00,12224.37,0.0,0.004302
TrendFollowing_v2.1_EURUSD_2,2026-01-17T10:00:00,12210.05,0.12,-0.001172
TrendFollowing_v2.1_EURUSD_2,2026-01-17T11:00:00,12213.64,0.09,0.000294
TrendFollowing_v2.1_EURUSD_2,2026-01-17T12:00:00,12239.25,0.0,0.002097
TrendFollowing_v2.1_EURUSD_2,2026-01-17T13:00:00,12240.57,0.0,0.000108
TrendFollowing_v2.1_EURUSD_2,2026-01-17T14:00:00,12232.73,0.06,-0.00064
TrendFollowing_v2.1_EURUSD_2,2026-01-17T15:00:00,12253.98,0.0,0.001737
TrendFollowing_v2.1_EURUSD_2,2026-01-17T16:00:00,12292.85,0.0,0.003172
TrendFollowing_v2.1_EURUSD_2,2026-01-17T17:00:00,12295.53,0.0,0.000218
TrendFollowing_v2.1_EURUSD_2,2026-01-17T18:00:00,12297.53,0.0,0.000163
TrendFollowing_v2.1_EURUSD_2,2026-01-17T19:00:00,12287.75,0.08,-0.000795
TrendFollowing_v2.1_EURUSD_2,2026-01-17T20:00:00,12286.62,0.09,-9.2e-05
TrendFollowing_v2.1_EURUSD_2,2026-01-17T21:00:00,12319.39,0.0,0.002667
TrendFollowing_v2.1_EURUSD_2,2026-01-17T22:00:00,12327.55,0.0,0.000662
TrendFollowing_v2.1_EURUSD_2,2026-01-17T23:00:00,12313.87,0.11,-0.00111
TrendFollowing_v2.1_EURUSD_2,2026-01-18T00:00:00,12326.49,0.01,0.001025
TrendFollowing_v2.1_EURUSD_2,2026-01-18T01:00:00,12358.56,0.0,0.002602
TrendFollowing_v2.1_EURUSD_2,2026-01-18T02:00:00,12350.85,0.06,-0.000624
TrendFollowing_v2.1_EURUSD_2,2026-01-18T03:00:00,12324.21,0.28,-0.002157
TrendFollowing_v2.1_EURUSD_2,2026-01-18T04:00:00,12384.37,0.0,0.004882
TrendFollowing_v2.1_EURUSD_2,2026-01-18T05:00:00,12356.42,0.23,-0.002257
TrendFollowing_v2.1_EURUSD_2,2026-01-18T06:00:00,12353.73,0.25,-0.000218
TrendFollowing_v2.1_EURUSD_2,2026-01-18T07:00:00,12365.64,0.15,0.000964
TrendFollowing_v2.1_EURUSD_2,2026-01-18T08:00:00,12365.08,0.16,-4.5e-05
TrendFollowing_v2.1_EURUSD_2,2026-01-18T09:00:00,12369.41,0.12,0.00035
TrendFollowing_v2.1_EURUSD_2,2026-01-18T10:00:00,12389.87,0.0,0.001654
TrendFollowing_v2.1_EURUSD_2,2026-01-18T11:00:00,12336.8,0.43,-0.004283
TrendFollowing_v2.1_EURUSD_2,2026-01-18T12:00:00,12311.71,0.63,-0.002034
TrendFollowing_v2.1_EURUSD_2,2026-01-18T13:00:00,12318.95,0.57,0.000589
TrendFollowing_v2.1_EURUSD_2,2026-01-18T14:00:00,12315.15,0.6,-0.000308
TrendFollowing_v2.1_EURUSD_2,2026-01-18T15:00:00,12324.5,0.53,0.000759
TrendFollowing_v2.1_EURUSD_2,2026-01-18T16:00:00,12336.27,0.43,0.000955
TrendFollowing_v2.1_EURUSD_2,2026-01-18T17:00:00,12290.24,0.8,-0.003732
TrendFollowing_v2.1_EURUSD_2,2026-01-18T18:00:00,12327.69,0.5,0.003047
TrendFollowing_v2.1_EURUSD_2,2026-01-18T19:00:00,12321.57,0.55,-0.000497
TrendFollowing_v2.1_EURUSD_2,2026-01-18T20:00:00,12306.4,0.67,-0.001231
TrendFollowing_v2.1_EURUSD_2,2026-01-18T21:00:00,12317.68,0.58,0.000917
TrendFollowing_v2.1_EURUSD_2,2026-01-18T22:00:00,12326.48,0.51,0.000714
TrendFollowing_v2.1_EURUSD_2,2026-01-18T23:00:00,12362.14,0.22,0.002893
TrendFollowing_v2.1_EURUSD_2,2026-01-19T00:00:00,12375.05,0.12,0.001044
TrendFollowing_v2.1_EURUSD_2,2026-01-19T01:00:00,12409.9,0.0,0.002816
TrendFollowing_v2.1_EURUSD_2,2026-01-19T02:00:00,12392.82,0.14,-0.001376
TrendFollowing_v2.1_EURUSD_2,2026-01-19T03:00:00,12402.53,0.06,0.000784
TrendFollowing_v2.1_EURUSD_2,2026-01-19T04:00:00,12381.08,0.23,-0.001729
TrendFollowing_v2.1_EURUSD_2,2026-01-19T05:00:00,12389.69,0.16,0.000695
TrendFollowing_v2.1_EURUSD_2,2026-01-19T06:00:00,12393.05,0.14,0.000271
TrendFollowing_v2.1_EURUSD_2,2026-01-19T07:00:00,12395.35,0.12,0.000185
TrendFollowing_v2.1_EURUSD_2,2026-01-19T08:00:00,12397.86,0.1,0.000203
TrendFollowing_v2.1_EURUSD_2,2026-01-19T09:00:00,12422.32,0.0,0.001973
TrendFollowing_v2.1_EURUSD_2,2026-01-19T10:00:00,12388.6,0.27,-0.002715
TrendFollowing_v2.1_EURUSD_2,2026-01-19T11:00:00,12372.5,0.4,-0.0013
TrendFollowing_v2.1_EURUSD_2,2026-01-19T12:00:00,12377.68,0.36,0.000419
TrendFollowing_v2.1_EURUSD_2,2026-01-19T13:00:00,12354.69,0.54,-0.001857
TrendFollowing_v2.1_EURUSD_2,2026-01-19T14:00:00,12362.01,0.49,0.000592
TrendFollowing_v2.1_EURUSD_2,2026-01-19T15:00:00,12366.93,0.45,0.000398
TrendFollowing_v2.1_EURUSD_2,2026-01-19T16:00:00,12338.4,0.68,-0.002308
TrendFollowing_v2.1_EURUSD_2,2026-01-19T17:00:00,12308.71,0.91,-0.002406
TrendFollowing_v2.1_EURUSD_2,2026-01-19T18:00:00,12250.27,1.39,-0.004748
TrendFollowing_v2.1_EURUSD_2,2026-01-19T19:00:00,12226.49,1.58,-0.001941
TrendFollowing_v2.1_EURUSD_2,2026-01-19T20:00:00,12232.95,1.52,0.000529
TrendFollowing_v2.1_EURUSD_2,2026-01-19T21:00:00,12242.89,1.44,0.000812
TrendFollowing_v2.1_EURUSD_2,2026-01-19T22:00:00,12253.95,1.36,0.000904
TrendFollowing_v2.1_EURUSD_2,2026-01-19T23:00:00,12241.02,1.46,-0.001056
TrendFollowing_v2.1_EURUSD_2,2026-01-20T00:00:00,12246.69,1.41,0.000463
TrendFollowing_v2.1_EURUSD_2,2026-01-20T01:00:00,12262.54,1.29,0.001294
TrendFollowing_v2.1_EURUSD_2,2026-01-20T02:00:00,12237.57,1.49,-0.002036
TrendFollowing_v2.1_EURUSD_2,2026-01-20T03:00:00,12246.71,1.41,0.000747
TrendFollowing_v2.1_EURUSD_2,2026-01-20T04:00:00,12268.91,1.23,0.001813
TrendFollowing_v2.1_EURUSD_2,2026-01-20T05:00:00,12263.01,1.28,-0.000482
TrendFollowing_v2.1_EURUSD_2,2026-01-20T06:00:00,12295.19,1.02,0.002624
TrendFollowing_v2.1_EURUSD_2,2026-01-20T07:00:00,12289.84,1.07,-0.000435
TrendFollowing_v2.1_EURUSD_2,2026-01-20T08:00:00,12274.85,1.19,-0.00122
TrendFollowing_v2.1_EURUSD_2,2026-01-20T09:00:00,12294.66,1.03,0.001614
TrendFollowing_v2.1_EURUSD_2,2026-01-20T10:00:00,12350.8,0.58,0.004567
TrendFollowing_v2.1_EURUSD_2,2026-01-20T11:00:00,12359.08,0.51,0.000671
TrendFollowing_v2.1_EURUSD_2,2026-01-20T12:00:00,12380.96,0.33,0.00177
TrendFollowing_v2.1_EURUSD_2,2026-01-20T13:00:00,12374.55,0.38,-0.000517
TrendFollowing_v2.1_EURUSD_2,2026-01-20T14:00:00,12350.01,0.58,-0.001983
TrendFollowing_v2.1_EURUSD_2,2026-01-20T15:00:00,12360.29,0.5,0.000833
TrendFollowing_v2.1_EURUSD_2,2026-01-20T16:00:00,12374.49,0.39,0.001149
TrendFollowing_v2.1_EURUSD_2,2026-01-20T17:00:00,12371.82,0.41,-0.000216
TrendFollowing_v2.1_EURUSD_2,2026-01-20T18:00:00,12393.62,0.23,0.001762
TrendFollowing_v2.1_EURUSD_2,2026-01-20T19:00:00,12383.61,0.31,-0.000808
TrendFollowing_v2.1_EURUSD_2,2026-01-20T20:00:00,12367.45,0.44,-0.001304
TrendFollowing_v2.1_EURUSD_2,2026-01-20T21:00:00,12399.87,0.18,0.002621
TrendFollowing_v2.1_EURUSD_2,2026-01-20T22:00:00,12432.49,0.0,0.002631
TrendFollowing_v2.1_EURUSD_2,2026-01-20T23:00:00,12422.94,0.08,-0.000769
TrendFollowing_v2.1_EURUSD_2,2026-01-21T00:00:00,12471.85,0.0,0.003938
TrendFollowing_v2.1_EURUSD_2,2026-01-21T01:00:00,12470.93,0.01,-7.4e-05
TrendFollowing_v2.1_EURUSD_2,2026-01-21T02:00:00,12479.28,0.0,0.00067
TrendFollowing_v2.1_EURUSD_2,2026-01-21T03:00:00,12483.41,0.0,0.000331
TrendFollowing_v2.1_EURUSD_2,2026-01-21T04:00:00,12502.72,0.0,0.001548
TrendFollowing_v2.1_EURUSD_2,2026-01-21T05:00:00,12515.76,0.0,0.001043
TrendFollowing_v2.1_EURUSD_2,2026-01-21T06:00:00,12528.48,0.0,0.001016
TrendFollowing_v2.1_EURUSD_2,2026-01-21T07:00:00,12509.19,0.15,-0.001539
TrendFollowing_v2.1_EURUSD_2,2026-01-21T08:00:00,12473.2,0.44,-0.002877
TrendFollowing_v2.1_EURUSD_2,2026-01-21T09:00:00,12507.93,0.16,0.002784
TrendFollowing_v2.1_EURUSD_2,2026-01-21T10:00:00,12500.54,0.22,-0.000591
TrendFollowing_v2.1_EURUSD_2,2026-01-21T11:00:00,12505.57,0.18,0.000402
TrendFollowing_v2.1_EURUSD_2,2026-01-21T12:00:00,12519.99,0.07,0.001154
TrendFollowing_v2.1_EURUSD_2,2026-01-21T13:00:00,12567.04,0.0,0.003758
TrendFollowing_v2.1_EURUSD_2,2026-01-21T14:00:00,12577.38,0.0,0.000823
TrendFollowing_v2.1_EURUSD_2,2026-01-21T15:00:00,12573.74,0.03,-0.00029
TrendFollowing_v2.1_EURUSD_2,2026-01-21T16:00:00,12566.86,0.08,-0.000547
TrendFollowing_v2.1_EURUSD_2,2026-01-21T17:00:00,12572.21,0.04,0.000425
TrendFollowing_v2.1_EURUSD_2,2026-01-21T18:00:00,12555.63,0.17,-0.001319
TrendFollowing_v2.1_EURUSD_2,2026-01-21T19:00:00,12562.63,0.12,0.000558
TrendFollowing_v2.1_EURUSD_2,2026-01-21T20:00:00,12567.6,0.08,0.000396
TrendFollowing_v2.1_EURUSD_2,2026-01-21T21:00:00,12615.15,0.0,0.003783
TrendFollowing_v2.1_EURUSD_2,2026-01-21T22:00:00,12619.35,0.0,0.000333
TrendFollowing_v2.1_EURUSD_2,2026-01-21T23:00:00,12577.08,0.33,-0.003349
TrendFollowing_v2.1_EURUSD_2,2026-01-22T00:00:00,12650.62,0.0,0.005847
TrendFollowing_v2.1_EURUSD_2,2026-01-22T01:00:00,12681.16,0.0,0.002414
TrendFollowing_v2.1_EURUSD_2,2026-01-22T02:00:00,12740.31,0.0,0.004665
TrendFollowing_v2.1_EURUSD_2,2026-01-22T03:00:00,12717.19,0.18,-0.001815
TrendFollowing_v2.1_EURUSD_2,2026-01-22T04:00:00,12717.91,0.18,5.6e-05
TrendFollowing_v2.1_EURUSD_2,2026-01-22T05:00:00,12741.42,0.0,0.001849
TrendFollowing_v2.1_EURUSD_2,2026-01-22T06:00:00,12761.46,0.0,0.001573
TrendFollowing_v2.1_EURUSD_2,2026-01-22T07:00:00,12775.68,0.0,0.001114
TrendFollowing_v2.1_EURUSD_2,2026-01-22T08:00:00,12725.86,0.39,-0.003899
TrendFollowing_v2.1_EURUSD_2,2026-01-22T09:00:00,12688.64,0.68,-0.002925
TrendFollowing_v2.1_EURUSD_2,2026-01-22T10:00:00,12733.49,0.33,0.003535
TrendFollowing_v2.1_EURUSD_2,2026-01-22T11:00:00,12783.04,0.0,0.003891
TrendFollowing_v2.1_EURUSD_2,2026-01-22T12:00:00,12786.7,0.0,0.000287
TrendFollowing_v2.1_EURUSD_2,2026-01-22T13:00:00,12828.65,0.0,0.003281
TrendFollowing_v2.1_EURUSD_2,2026-01-22T14:00:00,12808.81,0.15,-0.001546
TrendFollowing_v2.1_EURUSD_2,2026-01-22T15:00:00,12794.87,0.26,-0.001089
TrendFollowing_v2.1_EURUSD_2,2026-01-22T16:00:00,12773.06,0.43,-0.001705
TrendFollowing_v2.1_EURUSD_2,2026-01-22T17:00:00,12757.73,0.55,-0.0012
TrendFollowing_v2.1_EURUSD_2,2026-01-22T18:00:00,12782.55,0.36,0.001945
TrendFollowing_v2.1_EURUSD_2,2026-01-22T19:00:00,12766.89,0.48,-0.001225
TrendFollowing_v2.1_EURUSD_2,2026-01-22T20:00:00,12830.47,0.0,0.004979
TrendFollowing_v2.1_EURUSD_2,2026-01-22T21:00:00,12848.69,0.0,0.00142
TrendFollowing_v2.1_EURUSD_2,2026-01-22T22:00:00,12882.98,0.0,0.002669
TrendFollowing_v2.1_EURUSD_2,2026-01-22T23:00:00,12902.05,0.0,0.00148
TrendFollowing_v2.1_EURUSD_2,2026-01-23T00:00:00,12939.83,0.0,0.002929
TrendFollowing_v2.1_EURUSD_2,2026-01-23T01:00:00,12923.84,0.12,-0.001236
TrendFollowing_v2.1_EURUSD_2,2026-01-23T02:00:00,12967.7,0.0,0.003394
TrendFollowing_v2.1_EURUSD_2,2026-01-23T03:00:00,12977.84,0.0,0.000782
TrendFollowing_v2.1_EURUSD_2,2026-01-23T04:00:00,13015.72,0.0,0.002919
TrendFollowing_v2.1_EURUSD_2,2026-01-23T05:00:00,12984.75,0.24,-0.002379
TrendFollowing_v2.1_EURUSD_2,2026-01-23T06:00:00,12995.93,0.15,0.000861
TrendFollowing_v2.1_EURUSD_2,2026-01-23T07:00:00,13006.2,0.07,0.00079
TrendFollowing_v2.1_EURUSD_2,2026-01-23T08:00:00,12996.6,0.15,-0.000738
TrendFollowing_v2.1_EURUSD_2,2026-01-23T09:00:00,13011.24,0.03,0.001126
TrendFollowing_v2.1_EURUSD_2,2026-01-23T10:00:00,13057.81,0.0,0.003579
TrendFollowing_v2.1_EURUSD_2,2026-01-23T11:00:00,13046.16,0.09,-0.000892
TrendFollowing_v2.1_EURUSD_2,2026-01-23T12:00:00,13077.78,0.0,0.002424
TrendFollowing_v2.1_EURUSD_2,2026-01-23T13:00:00,13054.83,0.18,-0.001755
TrendFollowing_v2.1_EURUSD_2,2026-01-23T14:00:00,13116.43,0.0,0.004719
TrendFollowing_v2.1_EURUSD_2,2026-01-23T15:00:00,13143.57,0.0,0.002069
TrendFollowing_v2.1_EURUSD_2,2026-01-23T16:00:00,13195.49,0.0,0.00395
TrendFollowing_v2.1_EURUSD_2,2026-01-23T17:00:00,13219.82,0.0,0.001844
TrendFollowing_v2.1_EURUSD_2,2026-01-23T18:00:00,13236.76,0.0,0.001281
TrendFollowing_v2.1_EURUSD_2,2026-01-23T19:00:00,13264.37,0.0,0.002086
TrendFollowing_v2.1_EURUSD_2,2026-01-23T20:00:00,13267.38,0.0,0.000227
TrendFollowing_v2.1_EURUSD_2,2026-01-23T21:00:00,13231.09,0.27,-0.002736
TrendFollowing_v2.1_EURUSD_2,2026-01-23T22:00:00,13249.54,0.13,0.001395
TrendFollowing_v2.1_EURUSD_2,2026-01-23T23:00:00,13236.15,0.24,-0.001011
TrendFollowing_v2.1_EURUSD_2,2026-01-24T00:00:00,13213.6,0.41,-0.001703
TrendFollowing_v2.1_EURUSD_2,2026-01-24T01:00:00,13237.03,0.23,0.001773
TrendFollowing_v2.1_EURUSD_2,2026-01-24T02:00:00,13236.26,0.23,-5.8e-05
TrendFollowing_v2.1_EURUSD_2,2026-01-24T03:00:00,13270.08,0.0,0.002555
TrendFollowing_v2.1_EURUSD_2,2026-01-24T04:00:00,13255.78,0.11,-0.001078
TrendFollowing_v2.1_EURUSD_2,2026-01-24T05:00:00,13249.92,0.15,-0.000442
TrendFollowing_v2.1_EURUSD_2,2026-01-24T06:00:00,13287.03,0.0,0.002801
TrendFollowing_v2.1_EURUSD_2,2026-01-24T07:00:00,13301.11,0.0,0.00106
TrendFollowing_v2.1_EURUSD_2,2026-01-24T08:00:00,13268.46,0.25,-0.002455
TrendFollowing_v2.1_EURUSD_2,2026-01-24T09:00:00,13281.93,0.14,0.001016
TrendFollowing_v2.1_EURUSD_2,2026-01-24T10:00:00,13327.92,0.0,0.003462
TrendFollowing_v2.1_EURUSD_2,2026-01-24T11:00:00,13321.83,0.05,-0.000457
TrendFollowing_v2.1_EURUSD_2,2026-01-24T12:00:00,13344.42,0.0,0.001696
TrendFollowing_v2.1_EURUSD_2,2026-01-24T13:00:00,13328.43,0.12,-0.001199
TrendFollowing_v2.1_EURUSD_2,2026-01-24T14:00:00,13331.45,0.1,0.000226
TrendFollowing_v2.1_EURUSD_2,2026-01-24T15:00:00,13367.17,0.0,0.00268
TrendFollowing_v2.1_EURUSD_2,2026-01-24T16:00:00,13379.71,0.0,0.000938
TrendFollowing_v2.1_EURUSD_2,2026-01-24T17:00:00,13420.9,0.0,0.003079
TrendFollowing_v2.1_EURUSD_2,2026-01-24T18:00:00,13439.03,0.0,0.001351
TrendFollowing_v2.1_EURUSD_2,2026-01-24T19:00:00,13505.39,0.0,0.004937
TrendFollowing_v2.1_EURUSD_2,2026-01-24T20:00:00,13469.87,0.26,-0.00263
TrendFollowing_v2.1_EURUSD_2,2026-01-24T21:00:00,13470.75,0.26,6.6e-05
TrendFollowing_v2.1_EURUSD_2,2026-01-24T22:00:00,13448.27,0.42,-0.001669
TrendFollowing_v2.1_EURUSD_2,2026-01-24T23:00:00,13427.66,0.58,-0.001532
TrendFollowing_v2.1_EURUSD_2,2026-01-25T00:00:00,13407.32,0.73,-0.001514
TrendFollowing_v2.1_EURUSD_2,2026-01-25T01:00:00,13418.53,0.64,0.000835
TrendFollowing_v2.1_EURUSD_2,2026-01-25T02:00:00,13431.31,0.55,0.000953
TrendFollowing_v2.1_EURUSD_2,2026-01-25T03:00:00,13449.51,0.41,0.001355
TrendFollowing_v2.1_EURUSD_2,2026-01-25T04:00:00,13426.02,0.59,-0.001746
TrendFollowing_v2.1_EURUSD_2,2026-01-25T05:00:00,13424.03,0.6,-0.000148
TrendFollowing_v2.1_EURUSD_2,2026-01-25T06:00:00,13404.85,0.74,-0.001429
TrendFollowing_v2.1_EURUSD_2,2026-01-25T07:00:00,13436.64,0.51,0.002372
TrendFollowing_v2.1_EURUSD_2,2026-01-25T08:00:00,13419.98,0.63,-0.001241
TrendFollowing_v2.1_EURUSD_2,2026-01-25T09:00:00,13420.95,0.63,7.3e-05
TrendFollowing_v2.1_EURUSD_2,2026-01-25T10:00:00,13442.7,0.46,0.001621
TrendFollowing_v2.1_EURUSD_2,2026-01-25T11:00:00,13432.87,0.54,-0.000731
TrendFollowing_v2.1_EURUSD_2,2026-01-25T12:00:00,13458.23,0.35,0.001888
TrendFollowing_v2.1_EURUSD_2,2026-01-25T13:00:00,13507.92,0.0,0.003692
TrendFollowing_v2.1_EURUSD_2,2026-01-25T14:00:00,13519.8,0.0,0.000879
TrendFollowing_v2.1_EURUSD_2,2026-01-25T15:00:00,13550.94,0.0,0.002303
TrendFollowing_v2.1_EURUSD_2,2026-01-25T16:00:00,13501.52,0.36,-0.003647
TrendFollowing_v2.1_EURUSD_2,2026-01-25T17:00:00,13496.68,0.4,-0.000358
TrendFollowing_v2.1_EURUSD_2,2026-01-25T18:00:00,13508.42,0.31,0.00087
TrendFollowing_v2.1_EURUSD_2,2026-01-25T19:00:00,13486.73,0.47,-0.001606
TrendFollowing_v2.1_EURUSD_2,2026-01-25T20:00:00,13499.07,0.38,0.000915
TrendFollowing_v2.1_EURUSD_2,2026-01-25T21:00:00,13534.44,0.12,0.00262
TrendFollowing_v2.1_EURUSD_2,2026-01-25T22:00:00,13490.33,0.45,-0.003259
TrendFollowing_v2.1_EURUSD_2,2026-01-25T23:00:00,13464.99,0.63,-0.001878
TrendFollowing_v2.1_EURUSD_2,2026-01-26T00:00:00,13476.7,0.55,0.00087
TrendFollowing_v2.1_EURUSD_2,2026-01-26T01:00:00,13495.85,0.41,0.001421
TrendFollowing_v2.1_EURUSD_2,2026-01-26T02:00:00,13522.52,0.21,0.001976
TrendFollowing_v2.1_EURUSD_2,2026-01-26T03:00:00,13532.28,0.14,0.000722
TrendFollowing_v2.1_EURUSD_2,2026-01-26T04:00:00,13551.54,0.0,0.001423
TrendFollowing_v2.1_EURUSD_2,2026-01-26T05:00:00,13582.8,0.0,0.002307
TrendFollowing_v2.1_EURUSD_2,2026-01-26T06:00:00,13578.33,0.03,-0.000329
TrendFollowing_v2.1_EURUSD_2,2026-01-26T07:00:00,13568.59,0.1,-0.000717
TrendFollowing_v2.1_EURUSD_2,2026-01-26T08:00:00,13570.81,0.09,0.000163
TrendFollowing_v2.1_EURUSD_2,2026-01-26T09:00:00,13583.01,0.0,0.000899
TrendFollowing_v2.1_EURUSD_2,2026-01-26T10:00:00,13571.91,0.08,-0.000817
TrendFollowing_v2.1_EURUSD_2,2026-01-26T11:00:00,13568.01,0.11,-0.000288
TrendFollowing_v2.1_EURUSD_2,2026-01-26T12:00:00,13585.59,0.0,0.001295
TrendFollowing_v2.1_EURUSD_2,2026-01-26T13:00:00,13596.67,0.0,0.000816
TrendFollowing_v2.1_EURUSD_2,2026-01-26T14:00:00,13598.43,0.0,0.000129
TrendFollowing_v2.1_EURUSD_2,2026-01-26T15:00:00,13557.87,0.3,-0.002982
TrendFollowing_v2.1_EURUSD_2,2026-01-26T16:00:00,13564.56,0.25,0.000493
TrendFollowing_v2.1_EURUSD_2,2026-01-26T17:00:00,13545.02,0.39,-0.00144
TrendFollowing_v2.1_EURUSD_2,2026-01-26T18:00:00,13578.43,0.15,0.002466
TrendFollowing_v2.1_EURUSD_2,2026-01-26T19:00:00,13576.83,0.16,-0.000117
TrendFollowing_v2.1_EURUSD_2,2026-01-26T20:00:00,13556.57,0.31,-0.001492
TrendFollowing_v2.1_EURUSD_2,2026-01-26T21:00:00,13561.68,0.27,0.000377
TrendFollowing_v2.1_EURUSD_2,2026-01-26T22:00:00,13602.93,0.0,0.003041
TrendFollowing_v2.1_EURUSD_2,2026-01-26T23:00:00,13626.89,0.0,0.001762
TrendFollowing_v2.1_EURUSD_2,2026-01-27T00:00:00,13639.7,0.0,0.00094
TrendFollowing_v2.1_EURUSD_2,2026-01-27T01:00:00,13610.34,0.22,-0.002152
TrendFollowing_v2.1_EURUSD_2,2026-01-27T02:00:00,13661.29,0.0,0.003743
TrendFollowing_v2.1_EURUSD_2,2026-01-27T03:00:00,13651.13,0.07,-0.000743
TrendFollowing_v2.1_EURUSD_2,2026-01-27T04:00:00,13683.45,0.0,0.002368
TrendFollowing_v2.1_EURUSD_2,2026-01-27T05:00:00,13681.39,0.02,-0.000151
TrendFollowing_v2.1_EURUSD_2,2026-01-27T06:00:00,13711.15,0.0,0.002175
TrendFollowing_v2.1_EURUSD_2,2026-01-27T07:00:00,13753.84,0.0,0.003114
TrendFollowing_v2.1_EURUSD_2,2026-01-27T08:00:00,13778.55,0.0,0.001796
TrendFollowing_v2.1_EURUSD_2,2026-01-27T09:00:00,13806.27,0.0,0.002012
TrendFollowing_v2.1_EURUSD_2,2026-01-27T10:00:00,13810.45,0.0,0.000303
TrendFollowing_v2.1_EURUSD_2,2026-01-27T11:00:00,13805.37,0.04,-0.000368
TrendFollowing_v2.1_EURUSD_2,2026-01-27T12:00:00,13816.09,0.0,0.000777
TrendFollowing_v2.1_EURUSD_2,2026-01-27T13:00:00,13813.61,0.02,-0.00018
TrendFollowing_v2.1_EURUSD_2,2026-01-27T14:00:00,13888.68,0.0,0.005434
TrendFollowing_v2.1_EURUSD_2,2026-01-27T15:00:00,13868.06,0.15,-0.001485
TrendFollowing_v2.1_EURUSD_2,2026-01-27T16:00:00,13902.78,0.0,0.002504
TrendFollowing_v2.1_EURUSD_2,2026-01-27T17:00:00,13924.12,0.0,0.001534
TrendFollowing_v2.1_EURUSD_2,2026-01-27T18:00:00,13937.48,0.0,0.00096
TrendFollowing_v2.1_EURUSD_2,2026-01-27T19:00:00,13985.7,0.0,0.00346
TrendFollowing_v2.1_EURUSD_2,2026-01-27T20:00:00,14001.04,0.0,0.001097
TrendFollowing_v2.1_EURUSD_2,2026-01-27T21:00:00,13990.26,0.08,-0.00077
TrendFollowing_v2.1_EURUSD_2,2026-01-27T22:00:00,14005.42,0.0,0.001083
TrendFollowing_v2.1_EURUSD_2,2026-01-27T23:00:00,14007.29,0.0,0.000134
TrendFollowing_v2.1_EURUSD_2,2026-01-28T00:00:00,14028.39,0.0,0.001507
TrendFollowing_v2.1_EURUSD_2,2026-01-28T01:00:00,14058.22,0.0,0.002126
TrendFollowing_v2.1_EURUSD_2,2026-01-28T02:00:00,14041.09,0.12,-0.001218
TrendFollowing_v2.1_EURUSD_2,2026-01-28T03:00:00,14081.68,0.0,0.002891
TrendFollowing_v2.1_EURUSD_2,2026-01-28T04:00:00,14081.54,0.0,-1e-05
TrendFollowing_v2.1_EURUSD_2,2026-01-28T05:00:00,14101.08,0.0,0.001387
TrendFollowing_v2.1_EURUSD_2,2026-01-28T06:00:00,14125.53,0.0,0.001734
TrendFollowing_v2.1_EURUSD_2,2026-01-28T07:00:00,14142.97,0.0,0.001235
TrendFollowing_v2.1_EURUSD_2,2026-01-28T08:00:00,14146.96,0.0,0.000282
TrendFollowing_v2.1_EURUSD_2,2026-01-28T09:00:00,14140.21,0.05,-0.000477
TrendFollowing_v2.1_EURUSD_2,2026-01-28T10:00:00,14139.67,0.05,-3.8e-05
TrendFollowing_v2.1_EURUSD_2,2026-01-28T11:00:00,14191.0,0.0,0.00363
TrendFollowing_v2.1_EURUSD_2,2026-01-28T12:00:00,14173.52,0.12,-0.001232
TrendFollowing_v2.1_EURUSD_2,2026-01-28T13:00:00,14160.22,0.22,-0.000938
TrendFollowing_v2.1_EURUSD_2,2026-01-28T14:00:00,14145.69,0.32,-0.001026
TrendFollowing_v2.1_EURUSD_2,2026-01-28T15:00:00,14156.6,0.24,0.000772
TrendFollowing_v2.1_EURUSD_2,2026-01-28T16:00:00,14120.51,0.5,-0.002549
TrendFollowing_v2.1_EURUSD_2,2026-01-28T17:00:00,14089.34,0.72,-0.002207
TrendFollowing_v2.1_EURUSD_2,2026-01-28T18:00:00,14089.04,0.72,-2.2e-05
TrendFollowing_v2.1_EURUSD_2,2026-01-28T19:00:00,14059.79,0.92,-0.002076
TrendFollowing_v2.1_EURUSD_2,2026-01-28T20:00:00,14032.9,1.11,-0.001913
TrendFollowing_v2.1_EURUSD_2,2026-01-28T21:00:00,14003.99,1.32,-0.002061
TrendFollowing_v2.1_EURUSD_2,2026-01-28T22:00:00,13987.28,1.44,-0.001193
TrendFollowing_v2.1_EURUSD_2,2026-01-28T23:00:00,14014.73,1.24,0.001962
TrendFollowing_v2.1_EURUSD_2,2026-01-29T00:00:00,14048.52,1.0,0.002411
TrendFollowing_v2.1_EURUSD_2,2026-01-29T01:00:00,14109.47,0.57,0.004338
TrendFollowing_v2.1_EURUSD_2,2026-01-29T02:00:00,14169.64,0.15,0.004265
TrendFollowing_v2.1_EURUSD_2,2026-01-29T03:00:00,14199.01,0.0,0.002073
TrendFollowing_v2.1_EURUSD_2,2026-01-29T04:00:00,14235.29,0.0,0.002555
TrendFollowing_v2.1_EURUSD_2,2026-01-29T05:00:00,14246.14,0.0,0.000762
TrendFollowing_v2.1_EURUSD_2,2026-01-29T06:00:00,14268.08,0.0,0.00154
TrendFollowing_v2.1_EURUSD_2,2026-01-29T07:00:00,14330.67,0.0,0.004387
TrendFollowing_v2.1_EURUSD_2,2026-01-29T08:00:00,14348.48,0.0,0.001242
TrendFollowing_v2.1_EURUSD_2,2026-01-29T09:00:00,14388.75,0.0,0.002806
TrendFollowing_v2.1_EURUSD_2,2026-01-29T10:00:00,14369.05,0.14,-0.001369
TrendFollowing_v2.1_EURUSD_2,2026-01-29T11:00:00,14357.09,0.22,-0.000832
TrendFollowing_v2.1_EURUSD_2,2026-01-29T12:00:00,14373.23,0.11,0.001124
TrendFollowing_v2.1_EURUSD_2,2026-01-29T13:00:00,14384.73,0.03,0.0008
TrendFollowing_v2.1_EURUSD_2,2026-01-29T14:00:00,14374.08,0.1,-0.00074
TrendFollowing_v2.1_EURUSD_2,2026-01-29T15:00:00,14450.48,0.0,0.005315
TrendFollowing_v2.1_EURUSD_2,2026-01-29T16:00:00,14462.69,0.0,0.000845
TrendFollowing_v2.1_EURUSD_2,2026-01-29T17:00:00,14457.12,0.04,-0.000385
TrendFollowing_v2.1_EURUSD_2,2026-01-29T18:00:00,14468.73,0.0,0.000803
TrendFollowing_v2.1_EURUSD_2,2026-01-29T19:00:00,14476.7,0.0,0.000551
TrendFollowing_v2.1_EURUSD_2,2026-01-29T20:00:00,14489.38,0.0,0.000876
TrendFollowing_v2.1_EURUSD_2,2026-01-29T21:00:00,14450.44,0.27,-0.002687
TrendFollowing_v2.1_EURUSD_2,2026-01-29T22:00:00,14495.0,0.0,0.003084
TrendFollowing_v2.1_EURUSD_2,2026-01-29T23:00:00,14541.35,0.0,0.003198
TrendFollowing_v2.1_EURUSD_2,2026-01-30T00:00:00,14591.38,0.0,0.003441
TrendFollowing_v2.1_EURUSD_2,2026-01-30T01:00:00,14608.17,0.0,0.001151
TrendFollowing_v2.1_EURUSD_2,2026-01-30T02:00:00,14634.83,0.0,0.001825
TrendFollowing_v2.1_EURUSD_2,2026-01-30T03:00:00,14616.8,0.12,-0.001232
TrendFollowing_v2.1_EURUSD_2,2026-01-30T04:00:00,14648.45,0.0,0.002166
TrendFollowing_v2.1_EURUSD_2,2026-01-30T05:00:00,14663.16,0.0,0.001004
TrendFollowing_v2.1_EURUSD_2,2026-01-30T06:00:00,14656.98,0.04,-0.000421
TrendFollowing_v2.1_EURUSD_2,2026-01-30T07:00:00,14689.66,0.0,0.002229
TrendFollowing_v2.1_EURUSD_2,2026-01-30T08:00:00,14723.55,0.0,0.002307
TrendFollowing_v2.1_EURUSD_2,2026-01-30T09:00:00,14732.7,0.0,0.000621
TrendFollowing_v2.1_EURUSD_2,2026-01-30T10:00:00,14752.98,0.0,0.001377
TrendFollowing_v2.1_EURUSD_2,2026-01-30T11:00:00,14729.91,0.16,-0.001563
TrendFollowing_v2.1_EURUSD_2,2026-01-30T12:00:00,14773.9,0.0,0.002986
TrendFollowing_v2.1_EURUSD_2,2026-01-30T13:00:00,14754.73,0.13,-0.001298
TrendFollowing_v2.1_EURUSD_2,2026-01-30T14:00:00,14741.29,0.22,-0.000911
TrendFollowing_v2.1_EURUSD_2,2026-01-30T15:00:00,14750.5,0.16,0.000625
TrendFollowing_v2.1_EURUSD_2,2026-01-30T16:00:00,14790.76,0.0,0.002729
TrendFollowing_v2.1_EURUSD_2,2026-01-30T17:00:00,14831.1,0.0,0.002728
TrendFollowing_v2.1_EURUSD_2,2026-01-30T18:00:00,14838.38,0.0,0.00049
TrendFollowing_v2.1_EURUSD_2,2026-01-30T19:00:00,14868.74,0.0,0.002046
TrendFollowing_v2.1_EURUSD_2,2026-01-30T20:00:00,14825.94,0.29,-0.002878
TrendFollowing_v2.1_EURUSD_2,2026-01-30T21:00:00,14812.03,0.38,-0.000939
TrendFollowing_v2.1_EURUSD_2,2026-01-30T22:00:00,14798.73,0.47,-0.000898
TrendFollowing_v2.1_EURUSD_2,2026-01-30T23:00:00,14843.19,0.17,0.003004
MeanReversion_v1.0_GBPUSD_3,2026-01-01T00:00:00,10018.83,0.0,0.001883
MeanReversion_v1.0_GBPUSD_3,2026-01-01T01:00:00,10008.46,0.1,-0.001035
MeanReversion_v1.0_GBPUSD_3,2026-01-01T02:00:00,10054.25,0.0,0.004575
MeanReversion_v1.0_GBPUSD_3,2026-01-01T03:00:00,10018.17,0.36,-0.003589
MeanReversion_v1.0_GBPUSD_3,2026-01-01T04:00:00,10008.88,0.45,-0.000927
MeanReversion_v1.0_GBPUSD_3,2026-01-01T05:00:00,10009.21,0.45,3.4e-05
MeanReversion_v1.0_GBPUSD_3,2026-01-01T06:00:00,10007.2,0.47,-0.000201
MeanReversion_v1.0_GBPUSD_3,2026-01-01T07:00:00,9984.54,0.69,-0.002264
MeanReversion_v1.0_GBPUSD_3,2026-01-01T08:00:00,9995.48,0.58,0.001096
MeanReversion_v1.0_GBPUSD_3,2026-01-01T09:00:00,10004.9,0.49,0.000942
MeanReversion_v1.0_GBPUSD_3,2026-01-01T10:00:00,10007.86,0.46,0.000296
MeanReversion_v1.0_GBPUSD_3,2026-01-01T11:00:00,10016.5,0.38,0.000864
MeanReversion_v1.0_GBPUSD_3,2026-01-01T12:00:00,10010.01,0.44,-0.000648
MeanReversion_v1.0_GBPUSD_3,2026-01-01T13:00:00,9979.64,0.74,-0.003035
MeanReversion_v1.0_GBPUSD_3,2026-01-01T14:00:00,9967.33,0.86,-0.001233
MeanReversion_v1.0_GBPUSD_3,2026-01-01T15:00:00,9972.45,0.81,0.000514
MeanReversion_v1.0_GBPUSD_3,2026-01-01T16:00:00,9977.69,0.76,0.000525
MeanReversion_v1.0_GBPUSD_3,2026-01-01T17:00:00,9980.52,0.73,0.000283
MeanReversion_v1.0_GBPUSD_3,2026-01-01T18:00:00,9993.46,0.6,0.001297
MeanReversion_v1.0_GBPUSD_3,2026-01-01T19:00:00,9983.85,0.7,-0.000962
MeanReversion_v1.0_GBPUSD_3,2026-01-01T20:00:00,9986.38,0.68,0.000253
MeanReversion_v1.0_GBPUSD_3,2026-01-01T21:00:00,9999.8,0.54,0.001344
MeanReversion_v1.0_GBPUSD_3,2026-01-01T22:00:00,10000.1,0.54,3e-05
MeanReversion_v1.0_GBPUSD_3,2026-01-01T23:00:00,9977.24,0.77,-0.002287
MeanReversion_v1.0_GBPUSD_3,2026-01-02T00:00:00,9960.05,0.94,-0.001723
MeanReversion_v1.0_GBPUSD_3,2026-01-02T01:00:00,9978.59,0.75,0.001862
MeanReversion_v1.0_GBPUSD_3,2026-01-02T02:00:00,10008.37,0.46,0.002985
MeanReversion_v1.0_GBPUSD_3,2026-01-02T03:00:00,10033.9,0.2,0.002551
MeanReversion_v1.0_GBPUSD_3,2026-01-02T04:00:00,10040.57,0.14,0.000664
MeanReversion_v1.0_GBPUSD_3,2026-01-02T05:00:00,10018.41,0.36,-0.002206
MeanReversion_v1.0_GBPUSD_3,2026-01-02T06:00:00,10020.29,0.34,0.000187
MeanReversion_v1.0_GBPUSD_3,2026-01-02T07:00:00,10053.6,0.01,0.003325
MeanReversion_v1.0_GBPUSD_3,2026-01-02T08:00:00,10068.05,0.0,0.001437
MeanReversion_v1.0_GBPUSD_3,2026-01-02T09:00:00,10065.89,0.02,-0.000215
MeanReversion_v1.0_GBPUSD_3,2026-01-02T10:00:00,10080.55,0.0,0.001457
MeanReversion_v1.0_GBPUSD_3,2026-01-02T11:00:00,10056.98,0.23,-0.002339
MeanReversion_v1.0_GBPUSD_3,2026-01-02T12:00:00,10045.0,0.35,-0.001191
MeanReversion_v1.0_GBPUSD_3,2026-01-02T13:00:00,10025.22,0.55,-0.001968
MeanReversion_v1.0_GBPUSD_3,2026-01-02T14:00:00,10036.64,0.44,0.001139
MeanReversion_v1.0_GBPUSD_3,2026-01-02T15:00:00,10052.99,0.27,0.001628
MeanReversion_v1.0_GBPUSD_3,2026-01-02T16:00:00,10051.9,0.28,-0.000108
MeanReversion_v1.0_GBPUSD_3,2026-01-02T17:00:00,10036.37,0.44,-0.001546
MeanReversion_v1.0_GBPUSD_3,2026-01-02T18:00:00,10037.98,0.42,0.000161
MeanReversion_v1.0_GBPUSD_3,2026-01-02T19:00:00,10030.22,0.5,-0.000773
MeanReversion_v1.0_GBPUSD_3,2026-01-02T20:00:00,10016.25,0.64,-0.001392
MeanReversion_v1.0_GBPUSD_3,2026-01-02T21:00:00,10025.04,0.55,0.000878
MeanReversion_v1.0_GBPUSD_3,2026-01-02T22:00:00,10011.85,0.68,-0.001316
MeanReversion_v1.0_GBPUSD_3,2026-01-02T23:00:00,9982.49,0.97,-0.002933
MeanReversion_v1.0_GBPUSD_3,2026-01-03T00:00:00,9957.65,1.22,-0.002488
MeanReversion_v1.0_GBPUSD_3,2026-01-03T01:00:00,9927.71,1.52,-0.003007
MeanReversion_v1.0_GBPUSD_3,2026-01-03T02:00:00,9934.61,1.45,0.000695
MeanReversion_v1.0_GBPUSD_3,2026-01-03T03:00:00,9939.59,1.4,0.000501
MeanReversion_v1.0_GBPUSD_3,2026-01-03T04:00:00,9943.57,1.36,0.000401
MeanReversion_v1.0_GBPUSD_3,2026-01-03T05:00:00,9957.25,1.22,0.001375
MeanReversion_v1.0_GBPUSD_3,2026-01-03T06:00:00,9982.98,0.97,0.002584
MeanReversion_v1.0_GBPUSD_3,2026-01-03T07:00:00,9973.15,1.07,-0.000985
MeanReversion_v1.0_GBPUSD_3,2026-01-03T08:00:00,9983.25,0.97,0.001013
MeanReversion_v1.0_GBPUSD_3,2026-01-03T09:00:00,9953.71,1.26,-0.002959
MeanReversion_v1.0_GBPUSD_3,2026-01-03T10:00:00,9983.15,0.97,0.002957
MeanReversion_v1.0_GBPUSD_3,2026-01-03T11:00:00,9960.29,1.19,-0.00229
MeanReversion_v1.0_GBPUSD_3,2026-01-03T12:00:00,9948.14,1.31,-0.00122
MeanReversion_v1.0_GBPUSD_3,2026-01-03T13:00:00,9938.23,1.41,-0.000995
MeanReversion_v1.0_GBPUSD_3,2026-01-03T14:00:00,9909.89,1.69,-0.002853
MeanReversion_v1.0_GBPUSD_3,2026-01-03T15:00:00,9912.51,1.67,0.000265
MeanReversion_v1.0_GBPUSD_3,2026-01-03T16:00:00,9918.74,1.61,0.000628
MeanReversion_v1.0_GBPUSD_3,2026-01-03T17:00:00,9916.96,1.62,-0.000179
MeanReversion_v1.0_GBPUSD_3,2026-01-03T18:00:00,9888.4,1.91,-0.00288
MeanReversion_v1.0_GBPUSD_3,2026-01-03T19:00:00,9929.6,1.5,0.004167
MeanReversion_v1.0_GBPUSD_3,2026-01-03T20:00:00,9942.49,1.37,0.001298
MeanReversion_v1.0_GBPUSD_3,2026-01-03T21:00:00,9996.86,0.83,0.005468
MeanReversion_v1.0_GBPUSD_3,2026-01-03T22:00:00,9982.76,0.97,-0.00141
MeanReversion_v1.0_GBPUSD_3,2026-01-03T23:00:00,10003.89,0.76,0.002116
MeanReversion_v1.0_GBPUSD_3,2026-01-04T00:00:00,10021.48,0.59,0.001759
MeanReversion_v1.0_GBPUSD_3,2026-01-04T01:00:00,10017.66,0.62,-0.000381
MeanReversion_v1.0_GBPUSD_3,2026-01-04T02:00:00,10047.93,0.32,0.003022
MeanReversion_v1.0_GBPUSD_3,2026-01-04T03:00:00,10041.8,0.38,-0.000611
MeanReversion_v1.0_GBPUSD_3,2026-01-04T04:00:00,10036.56,0.44,-0.000522
MeanReversion_v1.0_GBPUSD_3,2026-01-04T05:00:00,9968.88,1.11,-0.006743
MeanReversion_v1.0_GBPUSD_3,2026-01-04T06:00:00,9979.03,1.01,0.001018
MeanReversion_v1.0_GBPUSD_3,2026-01-04T07:00:00,9954.57,1.25,-0.002451
MeanReversion_v1.0_GBPUSD_3,2026-01-04T08:00:00,9945.6,1.34,-0.000901
MeanReversion_v1.0_GBPUSD_3,2026-01-04T09:00:00,9927.17,1.52,-0.001852
MeanReversion_v1.0_GBPUSD_3,2026-01-04T10:00:00,9921.89,1.57,-0.000532
MeanReversion_v1.0_GBPUSD_3,2026-01-04T11:00:00,9932.68,1.47,0.001088
MeanReversion_v1.0_GBPUSD_3,2026-01-04T12:00:00,9934.89,1.45,0.000222
MeanReversion_v1.0_GBPUSD_3,2026-01-04T13:00:00,9950.98,1.29,0.001619
MeanReversion_v1.0_GBPUSD_3,2026-01-04T14:00:00,9978.15,1.02,0.002731
MeanReversion_v1.0_GBPUSD_3,2026-01-04T15:00:00,9972.79,1.07,-0.000538
MeanReversion_v1.0_GBPUSD_3,2026-01-04T16:00:00,9965.24,1.14,-0.000757
MeanReversion_v1.0_GBPUSD_3,2026-01-04T17:00:00,9986.32,0.93,0.002115
MeanReversion_v1.0_GBPUSD_3,2026-01-04T18:00:00,10009.03,0.71,0.002274
MeanReversion_v1.0_GBPUSD_3,2026-01-04T19:00:00,10025.86,0.54,0.001681
MeanReversion_v1.0_GBPUSD_3,2026-01-04T20:00:00,10008.77,0.71,-0.001704
MeanReversion_v1.0_GBPUSD_3,2026-01-04T21:00:00,10019.23,0.61,0.001045
MeanReversion_v1.0_GBPUSD_3,2026-01-04T22:00:00,10023.43,0.57,0.000419
MeanReversion_v1.0_GBPUSD_3,2026-01-04T23:00:00,10046.53,0.34,0.002305
MeanReversion_v1.0_GBPUSD_3,2026-01-05T00:00:00,10037.03,0.43,-0.000946
MeanReversion_v1.0_GBPUSD_3,2026-01-05T01:00:00,10005.58,0.74,-0.003133
MeanReversion_v1.0_GBPUSD_3,2026-01-05T02:00:00,10021.4,0.59,0.00158
MeanReversion_v1.0_GBPUSD_3,2026-01-05T03:00:00,9972.13,1.08,-0.004917
MeanReversion_v1.0_GBPUSD_3,2026-01-05T04:00:00,9959.53,1.2,-0.001263
MeanReversion_v1.0_GBPUSD_3,2026-01-05T05:00:00,9941.14,1.38,-0.001846
MeanReversion_v1.0_GBPUSD_3,2026-01-05T06:00:00,9922.65,1.57,-0.00186
MeanReversion_v1.0_GBPUSD_3,2026-01-05T07:00:00,9909.77,1.69,-0.001298
MeanReversion_v1.0_GBPUSD_3,2026-01-05T08:00:00,9935.88,1.44,0.002635
MeanReversion_v1.0_GBPUSD_3,2026-01-05T09:00:00,9954.17,1.25,0.001841
MeanReversion_v1.0_GBPUSD_3,2026-01-05T10:00:00,9951.15,1.28,-0.000303
MeanReversion_v1.0_GBPUSD_3,2026-01-05T11:00:00,9975.71,1.04,0.002467
MeanReversion_v1.0_GBPUSD_3,2026-01-05T12:00:00,9956.51,1.23,-0.001925
MeanReversion_v1.0_GBPUSD_3,2026-01-05T13:00:00,9934.64,1.45,-0.002197
MeanReversion_v1.0_GBPUSD_3,2026-01-05T14:00:00,9953.78,1.26,0.001927
MeanReversion_v1.0_GBPUSD_3,2026-01-05T15:00:00,9967.31,1.12,0.001359
MeanReversion_v1.0_GBPUSD_3,2026-01-05T16:00:00,9960.13,1.19,-0.000721
MeanReversion_v1.0_GBPUSD_3,2026-01-05T17:00:00,9939.5,1.4,-0.002071
MeanReversion_v1.0_GBPUSD_3,2026-01-05T18:00:00,9970.51,1.09,0.003119
MeanReversion_v1.0_GBPUSD_3,2026-01-05T19:00:00,9938.2,1.41,-0.00324
MeanReversion_v1.0_GBPUSD_3,2026-01-05T20:00:00,9928.3,1.51,-0.000997
MeanReversion_v1.0_GBPUSD_3,2026-01-05T21:00:00,9934.82,1.45,0.000657
MeanReversion_v1.0_GBPUSD_3,2026-01-05T22:00:00,9972.62,1.07,0.003804
MeanReversion_v1.0_GBPUSD_3,2026-01-05T23:00:00,9982.25,0.98,0.000966
MeanReversion_v1.0_GBPUSD_3,2026-01-06T00:00:00,9993.84,0.86,0.001161
MeanReversion_v1.0_GBPUSD_3,2026-01-06T01:00:00,9984.46,0.95,-0.000939
MeanReversion_v1.0_GBPUSD_3,2026-01-06T02:00:00,9997.8,0.82,0.001337
MeanReversion_v1.0_GBPUSD_3,2026-01-06T03:00:00,10001.91,0.78,0.000411
MeanReversion_v1.0_GBPUSD_3,2026-01-06T04:00:00,9972.13,1.08,-0.002977
MeanReversion_v1.0_GBPUSD_3,2026-01-06T05:00:00,9989.94,0.9,0.001786
MeanReversion_v1.0_GBPUSD_3,2026-01-06T06:00:00,10011.33,0.69,0.002141
MeanReversion_v1.0_GBPUSD_3,2026-01-06T07:00:00,10029.42,0.51,0.001807
MeanReversion_v1.0_GBPUSD_3,2026-01-06T08:00:00,10032.09,0.48,0.000267
MeanReversion_v1.0_GBPUSD_3,2026-01-06T09:00:00,10014.91,0.65,-0.001712
MeanReversion_v1.0_GBPUSD_3,2026-01-06T10:00:00,9970.66,1.09,-0.004418
MeanReversion_v1.0_GBPUSD_3,2026-01-06T11:00:00,9975.79,1.04,0.000514
MeanReversion_v1.0_GBPUSD_3,2026-01-06T12:00:00,9999.37,0.81,0.002364
MeanReversion_v1.0_GBPUSD_3,2026-01-06T13:00:00,10021.28,0.59,0.002191
MeanReversion_v1.0_GBPUSD_3,2026-01-06T14:00:00,10039.64,0.41,0.001832
MeanReversion_v1.0_GBPUSD_3,2026-01-06T15:00:00,10040.16,0.4,5.2e-05
MeanReversion_v1.0_GBPUSD_3,2026-01-06T16:00:00,10064.0,0.16,0.002375
MeanReversion_v1.0_GBPUSD_3,2026-01-06T17:00:00,10084.62,0.0,0.002048
MeanReversion_v1.0_GBPUSD_3,2026-01-06T18:00:00,10078.11,0.06,-0.000645
MeanReversion_v1.0_GBPUSD_3,2026-01-06T19:00:00,10093.76,0.0,0.001553
MeanReversion_v1.0_GBPUSD_3,2026-01-06T20:00:00,10084.96,0.09,-0.000872
MeanReversion_v1.0_GBPUSD_3,2026-01-06T21:00:00,10097.87,0.0,0.00128
MeanReversion_v1.0_GBPUSD_3,2026-01-06T22:00:00,10073.66,0.24,-0.002398
MeanReversion_v1.0_GBPUSD_3,2026-01-06T23:00:00,10051.05,0.46,-0.002244
MeanReversion_v1.0_GBPUSD_3,2026-01-07T00:00:00,10074.33,0.23,0.002316
MeanReversion_v1.0_GBPUSD_3,2026-01-07T01:00:00,10095.23,0.03,0.002075
MeanReversion_v1.0_GBPUSD_3,2026-01-07T02:00:00,10110.05,0.0,0.001467
MeanReversion_v1.0_GBPUSD_3,2026-01-07T03:00:00,10113.85,0.0,0.000376
MeanReversion_v1.0_GBPUSD_3,2026-01-07T04:00:00,10067.5,0.46,-0.004583
MeanReversion_v1.0_GBPUSD_3,2026-01-07T05:00:00,10068.0,0.45,5e-05
MeanReversion_v1.0_GBPUSD_3,2026-01-07T06:00:00,10079.16,0.34,0.001108
MeanReversion_v1.0_GBPUSD_3,2026-01-07T07:00:00,10070.4,0.43,-0.000869
MeanReversion_v1.0_GBPUSD_3,2026-01-07T08:00:00,10058.06,0.55,-0.001225
MeanReversion_v1.0_GBPUSD_3,2026-01-07T09:00:00,10089.13,0.24,0.003089
MeanReversion_v1.0_GBPUSD_3,2026-01-07T10:00:00,10089.93,0.24,7.9e-05
MeanReversion_v1.0_GBPUSD_3,2026-01-07T11:00:00,10101.13,0.13,0.00111
MeanReversion_v1.0_GBPUSD_3,2026-01-07T12:00:00,10118.79,0.0,0.001748
MeanReversion_v1.0_GBPUSD_3,2026-01-07T13:00:00,10100.55,0.18,-0.001803
MeanReversion_v1.0_GBPUSD_3,2026-01-07T14:00:00,10106.47,0.12,0.000586
MeanReversion_v1.0_GBPUSD_3,2026-01-07T15:00:00,10135.16,0.0,0.002839
MeanReversion_v1.0_GBPUSD_3,2026-01-07T16:00:00,10174.07,0.0,0.003838
MeanReversion_v1.0_GBPUSD_3,2026-01-07T17:00:00,10176.91,0.0,0.00028
MeanReversion_v1.0_GBPUSD_3,2026-01-07T18:00:00,10174.11,0.03,-0.000276
MeanReversion_v1.0_GBPUSD_3,2026-01-07T19:00:00,10181.62,0.0,0.000738
MeanReversion_v1.0_GBPUSD_3,2026-01-07T20:00:00,10188.61,0.0,0.000687
MeanReversion_v1.0_GBPUSD_3,2026-01-07T21:00:00,10218.91,0.0,0.002974
MeanReversion_v1.0_GBPUSD_3,2026-01-07T22:00:00,10200.59,0.18,-0.001793
MeanReversion_v1.0_GBPUSD_3,2026-01-07T23:00:00,10196.92,0.22,-0.00036
MeanReversion_v1.0_GBPUSD_3,2026-01-08T00:00:00,10176.18,0.42,-0.002034
MeanReversion_v1.0_GBPUSD_3,2026-01-08T01:00:00,10157.61,0.6,-0.001824
MeanReversion_v1.0_GBPUSD_3,2026-01-08T02:00:00,10167.29,0.51,0.000953
MeanReversion_v1.0_GBPUSD_3,2026-01-08T03:00:00,10185.8,0.32,0.00182
MeanReversion_v1.0_GBPUSD_3,2026-01-08T04:00:00,10174.6,0.43,-0.001099
MeanReversion_v1.0_GBPUSD_3,2026-01-08T05:00:00,10192.35,0.26,0.001744
MeanReversion_v1.0_GBPUSD_3,2026-01-08T06:00:00,10217.05,0.02,0.002423
MeanReversion_v1.0_GBPUSD_3,2026-01-08T07:00:00,10258.63,0.0,0.004069
MeanReversion_v1.0_GBPUSD_3,2026-01-08T08:00:00,10262.11,0.0,0.000339
MeanReversion_v1.0_GBPUSD_3,2026-01-08T09:00:00,10251.03,0.11,-0.00108
MeanReversion_v1.0_GBPUSD_3,2026-01-08T10:00:00,10232.53,0.29,-0.001805
MeanReversion_v1.0_GBPUSD_3,2026-01-08T11:00:00,10212.03,0.49,-0.002004
MeanReversion_v1.0_GBPUSD_3,2026-01-08T12:00:00,10239.59,0.22,0.0027
MeanReversion_v1.0_GBPUSD_3,2026-01-08T13:00:00,10210.61,0.5,-0.00283
MeanReversion_v1.0_GBPUSD_3,2026-01-08T14:00:00,10237.52,0.24,0.002635
MeanReversion_v1.0_GBPUSD_3,2026-01-08T15:00:00,10221.79,0.39,-0.001537
MeanReversion_v1.0_GBPUSD_3,2026-01-08T16:00:00,10209.83,0.51,-0.00117
MeanReversion_v1.0_GBPUSD_3,2026-01-08T17:00:00,10208.77,0.52,-0.000103
MeanReversion_v1.0_GBPUSD_3,2026-01-08T18:00:00,10196.45,0.64,-0.001207
MeanReversion_v1.0_GBPUSD_3,2026-01-08T19:00:00,10217.49,0.43,0.002064
MeanReversion_v1.0_GBPUSD_3,2026-01-08T20:00:00,10256.59,0.05,0.003827
MeanReversion_v1.0_GBPUSD_3,2026-01-08T21:00:00,10245.16,0.17,-0.001115
MeanReversion_v1.0_GBPUSD_3,2026-01-08T22:00:00,10238.35,0.23,-0.000664
MeanReversion_v1.0_GBPUSD_3,2026-01-08T23:00:00,10237.05,0.24,-0.000127
MeanReversion_v1.0_GBPUSD_3,2026-01-09T00:00:00,10250.18,0.12,0.001282
MeanReversion_v1.0_GBPUSD_3,2026-01-09T01:00:00,10249.08,0.13,-0.000107
MeanReversion_v1.0_GBPUSD_3,2026-01-09T02:00:00,10279.57,0.0,0.002975
MeanReversion_v1.0_GBPUSD_3,2026-01-09T03:00:00,10305.2,0.0,0.002493
MeanReversion_v1.0_GBPUSD_3,2026-01-09T04:00:00,10282.83,0.22,-0.002171
MeanReversion_v1.0_GBPUSD_3,2026-01-09T05:00:00,10295.6,0.09,0.001242
MeanReversion_v1.0_GBPUSD_3,2026-01-09T06:00:00,10328.96,0.0,0.003241
MeanReversion_v1.0_GBPUSD_3,2026-01-09T07:00:00,10320.81,0.08,-0.00079
MeanReversion_v1.0_GBPUSD_3,2026-01-09T08:00:00,10316.8,0.12,-0.000389
MeanReversion_v1.0_GBPUSD_3,2026-01-09T09:00:00,10307.96,0.2,-0.000856
MeanReversion_v1.0_GBPUSD_3,2026-01-09T10:00:00,10299.57,0.28,-0.000814
MeanReversion_v1.0_GBPUSD_3,2026-01-09T11:00:00,10267.26,0.6,-0.003137
MeanReversion_v1.0_GBPUSD_3,2026-01-09T12:00:00,10242.04,0.84,-0.002457
MeanReversion_v1.0_GBPUSD_3,2026-01-09T13:00:00,10245.68,0.81,0.000355
MeanReversion_v1.0_GBPUSD_3,2026-01-09T14:00:00,10278.74,0.49,0.003227
MeanReversion_v1.0_GBPUSD_3,2026-01-09T15:00:00,10268.19,0.59,-0.001027
MeanReversion_v1.0_GBPUSD_3,2026-01-09T16:00:00,10257.04,0.7,-0.001086
MeanReversion_v1.0_GBPUSD_3,2026-01-09T17:00:00,10294.0,0.34,0.003603
MeanReversion_v1.0_GBPUSD_3,2026-01-09T18:00:00,10273.24,0.54,-0.002017
MeanReversion_v1.0_GBPUSD_3,2026-01-09T19:00:00,10241.16,0.85,-0.003122
MeanReversion_v1.0_GBPUSD_3,2026-01-09T20:00:00,10226.24,0.99,-0.001457
MeanReversion_v1.0_GBPUSD_3,2026-01-09T21:00:00,10214.73,1.11,-0.001126
MeanReversion_v1.0_GBPUSD_3,2026-01-09T22:00:00,10181.07,1.43,-0.003295
MeanReversion_v1.0_GBPUSD_3,2026-01-09T23:00:00,10180.5,1.44,-5.6e-05
MeanReversion_v1.0_GBPUSD_3,2026-01-10T00:00:00,10201.85,1.23,0.002097
MeanReversion_v1.0_GBPUSD_3,2026-01-10T01:00:00,10177.65,1.46,-0.002372
MeanReversion_v1.0_GBPUSD_3,2026-01-10T02:00:00,10181.47,1.43,0.000375
MeanReversion_v1.0_GBPUSD_3,2026-01-10T03:00:00,10191.57,1.33,0.000992
MeanReversion_v1.0_GBPUSD_3,2026-01-10T04:00:00,10191.91,1.33,3.3e-05
MeanReversion_v1.0_GBPUSD_3,2026-01-10T05:00:00,10197.73,1.27,0.000571
MeanReversion_v1.0_GBPUSD_3,2026-01-10T06:00:00,10203.79,1.21,0.000595
MeanReversion_v1.0_GBPUSD_3,2026-01-10T07:00:00,10189.25,1.35,-0.001425
MeanReversion_v1.0_GBPUSD_3,2026-01-10T08:00:00,10221.83,1.04,0.003197
MeanReversion_v1.0_GBPUSD_3,2026-01-10T09:00:00,10249.38,0.77,0.002696
MeanReversion_v1.0_GBPUSD_3,2026-01-10T10:00:00,10275.82,0.51,0.00258
MeanReversion_v1.0_GBPUSD_3,2026-01-10T11:00:00,10298.71,0.29,0.002227
MeanReversion_v1.0_GBPUSD_3,2026-01-10T12:00:00,10268.33,0.59,-0.00295
MeanReversion_v1.0_GBPUSD_3,2026-01-10T13:00:00,10289.4,0.38,0.002052
MeanReversion_v1.0_GBPUSD_3,2026-01-10T14:00:00,10304.95,0.23,0.001511
MeanReversion_v1.0_GBPUSD_3,2026-01-10T15:00:00,10275.34,0.52,-0.002873
MeanReversion_v1.0_GBPUSD_3,2026-01-10T16:00:00,10272.98,0.54,-0.00023
MeanReversion_v1.0_GBPUSD_3,2026-01-10T17:00:00,10280.72,0.47,0.000754
MeanReversion_v1.0_GBPUSD_3,2026-01-10T18:00:00,10317.0,0.12,0.003529
MeanReversion_v1.0_GBPUSD_3,2026-01-10T19:00:00,10334.02,0.0,0.001649
MeanReversion_v1.0_GBPUSD_3,2026-01-10T20:00:00,10318.21,0.15,-0.001529
MeanReversion_v1.0_GBPUSD_3,2026-01-10T21:00:00,10355.27,0.0,0.003591
MeanReversion_v1.0_GBPUSD_3,2026-01-10T22:00:00,10358.24,0.0,0.000288
MeanReversion_v1.0_GBPUSD_3,2026-01-10T23:00:00,10355.01,0.03,-0.000312
MeanReversion_v1.0_GBPUSD_3,2026-01-11T00:00:00,10350.31,0.08,-0.000454
MeanReversion_v1.0_GBPUSD_3,2026-01-11T01:00:00,10318.77,0.38,-0.003047
MeanReversion_v1.0_GBPUSD_3,2026-01-11T02:00:00,10318.57,0.38,-2e-05
MeanReversion_v1.0_GBPUSD_3,2026-01-11T03:00:00,10330.9,0.26,0.001195
MeanReversion_v1.0_GBPUSD_3,2026-01-11T04:00:00,10325.0,0.32,-0.000571
MeanReversion_v1.0_GBPUSD_3,2026-01-11T05:00:00,10335.75,0.22,0.001041
MeanReversion_v1.0_GBPUSD_3,2026-01-11T06:00:00,10319.95,0.37,-0.001529
MeanReversion_v1.0_GBPUSD_3,2026-01-11T07:00:00,10319.11,0.38,-8.2e-05
MeanReversion_v1.0_GBPUSD_3,2026-01-11T08:00:00,10327.7,0.29,0.000833
MeanReversion_v1.0_GBPUSD_3,2026-01-11T09:00:00,10333.69,0.24,0.000579
MeanReversion_v1.0_GBPUSD_3,2026-01-11T10:00:00,10302.57,0.54,-0.003011
MeanReversion_v1.0_GBPUSD_3,2026-01-11T11:00:00,10295.59,0.6,-0.000678
MeanReversion_v1.0_GBPUSD_3,2026-01-11T12:00:00,10332.19,0.25,0.003555
MeanReversion_v1.0_GBPUSD_3,2026-01-11T13:00:00,10324.08,0.33,-0.000785
MeanReversion_v1.0_GBPUSD_3,2026-01-11T14:00:00,10326.47,0.31,0.000232
MeanReversion_v1.0_GBPUSD_3,2026-01-11T15:00:00,10326.74,0.3,2.6e-05
MeanReversion_v1.0_GBPUSD_3,2026-01-11T16:00:00,10361.2,0.0,0.003336
MeanReversion_v1.0_GBPUSD_3,2026-01-11T17:00:00,10390.01,0.0,0.002781
MeanReversion_v1.0_GBPUSD_3,2026-01-11T18:00:00,10408.87,0.0,0.001815
MeanReversion_v1.0_GBPUSD_3,2026-01-11T19:00:00,10390.69,0.17,-0.001746
MeanReversion_v1.0_GBPUSD_3,2026-01-11T20:00:00,10400.23,0.08,0.000918
MeanReversion_v1.0_GBPUSD_3,2026-01-11T21:00:00,10414.12,0.0,0.001336
MeanReversion_v1.0_GBPUSD_3,2026-01-11T22:00:00,10401.66,0.12,-0.001197
MeanReversion_v1.0_GBPUSD_3,2026-01-11T23:00:00,10385.63,0.27,-0.001541
MeanReversion_v1.0_GBPUSD_3,2026-01-12T00:00:00,10423.12,0.0,0.00361
MeanReversion_v1.0_GBPUSD_3,2026-01-12T01:00:00,10418.93,0.04,-0.000402
MeanReversion_v1.0_GBPUSD_3,2026-01-12T02:00:00,10454.67,0.0,0.00343
MeanReversion_v1.0_GBPUSD_3,2026-01-12T03:00:00,10477.61,0.0,0.002194
MeanReversion_v1.0_GBPUSD_3,2026-01-12T04:00:00,10488.25,0.0,0.001016
MeanReversion_v1.0_GBPUSD_3,2026-01-12T05:00:00,10499.84,0.0,0.001105
MeanReversion_v1.0_GBPUSD_3,2026-01-12T06:00:00,10472.53,0.26,-0.002601
MeanReversion_v1.0_GBPUSD_3,2026-01-12T07:00:00,10478.96,0.2,0.000614
MeanReversion_v1.0_GBPUSD_3,2026-01-12T08:00:00,10510.75,0.0,0.003034
MeanReversion_v1.0_GBPUSD_3,2026-01-12T09:00:00,10527.18,0.0,0.001563
MeanReversion_v1.0_GBPUSD_3,2026-01-12T10:00:00,10532.53,0.0,0.000509
MeanReversion_v1.0_GBPUSD_3,2026-01-12T11:00:00,10570.7,0.0,0.003624
MeanReversion_v1.0_GBPUSD_3,2026-01-12T12:00:00,10568.9,0.02,-0.00017
MeanReversion_v1.0_GBPUSD_3,2026-01-12T13:00:00,10557.92,0.12,-0.001039
MeanReversion_v1.0_GBPUSD_3,2026-01-12T14:00:00,10563.28,0.07,0.000508
MeanReversion_v1.0_GBPUSD_3,2026-01-12T15:00:00,10581.59,0.0,0.001733
MeanReversion_v1.0_GBPUSD_3,2026-01-12T16:00:00,10547.35,0.32,-0.003236
MeanReversion_v1.0_GBPUSD_3,2026-01-12T17:00:00,10555.47,0.25,0.00077
MeanReversion_v1.0_GBPUSD_3,2026-01-12T18:00:00,10574.69,0.07,0.001821
MeanReversion_v1.0_GBPUSD_3,2026-01-12T19:00:00,10571.1,0.1,-0.000339
MeanReversion_v1.0_GBPUSD_3,2026-01-12T20:00:00,10596.62,0.0,0.002414
MeanReversion_v1.0_GBPUSD_3,2026-01-12T21:00:00,10612.32,0.0,0.001482
MeanReversion_v1.0_GBPUSD_3,2026-01-12T22:00:00,10659.9,0.0,0.004483
MeanReversion_v1.0_GBPUSD_3,2026-01-12T23:00:00,10646.03,0.13,-0.001301
MeanReversion_v1.0_GBPUSD_3,2026-01-13T00:00:00,10665.84,0.0,0.001861
MeanReversion_v1.0_GBPUSD_3,2026-01-13T01:00:00,10646.27,0.18,-0.001835
MeanReversion_v1.0_GBPUSD_3,2026-01-13T02:00:00,10614.01,0.49,-0.003031
MeanReversion_v1.0_GBPUSD_3,2026-01-13T03:00:00,10572.92,0.87,-0.003871
MeanReversion_v1.0_GBPUSD_3,2026-01-13T04:00:00,10586.42,0.74,0.001277
MeanReversion_v1.0_GBPUSD_3,2026-01-13T05:00:00,10592.44,0.69,0.000568
MeanReversion_v1.0_GBPUSD_3,2026-01-13T06:00:00,10584.41,0.76,-0.000758
MeanReversion_v1.0_GBPUSD_3,2026-01-13T07:00:00,10548.98,1.1,-0.003347
MeanReversion_v1.0_GBPUSD_3,2026-01-13T08:00:00,10536.52,1.21,-0.001181
MeanReversion_v1.0_GBPUSD_3,2026-01-13T09:00:00,10538.72,1.19,0.000208
MeanReversion_v1.0_GBPUSD_3,2026-01-13T10:00:00,10557.54,1.02,0.001786
MeanReversion_v1.0_GBPUSD_3,2026-01-13T11:00:00,10559.31,1.0,0.000167
MeanReversion_v1.0_GBPUSD_3,2026-01-13T12:00:00,10566.74,0.93,0.000704
MeanReversion_v1.0_GBPUSD_3,2026-01-13T13:00:00,10560.91,0.98,-0.000552
MeanReversion_v1.0_GBPUSD_3,2026-01-13T14:00:00,10599.96,0.62,0.003698
MeanReversion_v1.0_GBPUSD_3,2026-01-13T15:00:00,10580.5,0.8,-0.001836
MeanReversion_v1.0_GBPUSD_3,2026-01-13T16:00:00,10567.82,0.92,-0.001198
MeanReversion_v1.0_GBPUSD_3,2026-01-13T17:00:00,10559.52,1.0,-0.000785
MeanReversion_v1.0_GBPUSD_3,2026-01-13T18:00:00,10573.1,0.87,0.001285
MeanReversion_v1.0_GBPUSD_3,2026-01-13T19:00:00,10553.24,1.06,-0.001878
MeanReversion_v1.0_GBPUSD_3,2026-01-13T20:00:00,10558.22,1.01,0.000471
MeanReversion_v1.0_GBPUSD_3,2026-01-13T21:00:00,10563.81,0.96,0.00053
MeanReversion_v1.0_GBPUSD_3,2026-01-13T22:00:00,10551.26,1.07,-0.001189
MeanReversion_v1.0_GBPUSD_3,2026-01-13T23:00:00,10560.33,0.99,0.00086
MeanReversion_v1.0_GBPUSD_3,2026-01-14T00:00:00,10541.16,1.17,-0.001816
MeanReversion_v1.0_GBPUSD_3,2026-01-14T01:00:00,10519.71,1.37,-0.002034
MeanReversion_v1.0_GBPUSD_3,2026-01-14T02:00:00,10523.91,1.33,0.000399
MeanReversion_v1.0_GBPUSD_3,2026-01-14T03:00:00,10491.08,1.64,-0.00312
MeanReversion_v1.0_GBPUSD_3,2026-01-14T04:00:00,10448.18,2.04,-0.00409
MeanReversion_v1.0_GBPUSD_3,2026-01-14T05:00:00,10461.4,1.92,0.001266
MeanReversion_v1.0_GBPUSD_3,2026-01-14T06:00:00,10485.44,1.69,0.002298
MeanReversion_v1.0_GBPUSD_3,2026-01-14T07:00:00,10477.75,1.76,-0.000734
MeanReversion_v1.0_GBPUSD_3,2026-01-14T08:00:00,10465.85,1.88,-0.001136
MeanReversion_v1.0_GBPUSD_3,2026-01-14T09:00:00,10488.99,1.66,0.002211
MeanReversion_v1.0_GBPUSD_3,2026-01-14T10:00:00,10467.05,1.86,-0.002091
MeanReversion_v1.0_GBPUSD_3,2026-01-14T11:00:00,10440.61,2.11,-0.002527
MeanReversion_v1.0_GBPUSD_3,2026-01-14T12:00:00,10457.47,1.95,0.001615
MeanReversion_v1.0_GBPUSD_3,2026-01-14T13:00:00,10459.75,1.93,0.000218
MeanReversion_v1.0_GBPUSD_3,2026-01-14T14:00:00,10484.12,1.7,0.00233
MeanReversion_v1.0_GBPUSD_3,2026-01-14T15:00:00,10441.34,2.1,-0.004081
MeanReversion_v1.0_GBPUSD_3,2026-01-14T16:00:00,10414.18,2.36,-0.002601
MeanReversion_v1.0_GBPUSD_3,2026-01-14T17:00:00,10416.56,2.34,0.000229
MeanReversion_v1.0_GBPUSD_3,2026-01-14T18:00:00,10427.34,2.24,0.001035
MeanReversion_v1.0_GBPUSD_3,2026-01-14T19:00:00,10447.09,2.05,0.001894
MeanReversion_v1.0_GBPUSD_3,2026-01-14T20:00:00,10452.84,2.0,0.00055
MeanReversion_v1.0_GBPUSD_3,2026-01-14T21:00:00,10458.37,1.95,0.000529
MeanReversion_v1.0_GBPUSD_3,2026-01-14T22:00:00,10452.32,2.0,-0.000579
MeanReversion_v1.0_GBPUSD_3,2026-01-14T23:00:00,10487.66,1.67,0.003382
MeanReversion_v1.0_GBPUSD_3,2026-01-15T00:00:00,10466.62,1.87,-0.002006
MeanReversion_v1.0_GBPUSD_3,2026-01-15T01:00:00,10476.23,1.78,0.000918
MeanReversion_v1.0_GBPUSD_3,2026-01-15T02:00:00,10457.63,1.95,-0.001776
MeanReversion_v1.0_GBPUSD_3,2026-01-15T03:00:00,10470.91,1.83,0.00127
MeanReversion_v1.0_GBPUSD_3,2026-01-15T04:00:00,10451.28,2.01,-0.001874
MeanReversion_v1.0_GBPUSD_3,2026-01-15T05:00:00,10468.92,1.85,0.001688
MeanReversion_v1.0_GBPUSD_3,2026-01-15T06:00:00,10473.36,1.8,0.000424
MeanReversion_v1.0_GBPUSD_3,2026-01-15T07:00:00,10512.0,1.44,0.003689
MeanReversion_v1.0_GBPUSD_3,2026-01-15T08:00:00,10508.2,1.48,-0.000362
MeanReversion_v1.0_GBPUSD_3,2026-01-15T09:00:00,10519.23,1.37,0.00105
MeanReversion_v1.0_GBPUSD_3,2026-01-15T10:00:00,10504.93,1.51,-0.001359
MeanReversion_v1.0_GBPUSD_3,2026-01-15T11:00:00,10500.98,1.55,-0.000376
MeanReversion_v1.0_GBPUSD_3,2026-01-15T12:00:00,10505.3,1.51,0.000411
MeanReversion_v1.0_GBPUSD_3,2026-01-15T13:00:00,10475.32,1.79,-0.002854
MeanReversion_v1.0_GBPUSD_3,2026-01-15T14:00:00,10447.71,2.05,-0.002635
MeanReversion_v1.0_GBPUSD_3,2026-01-15T15:00:00,10462.34,1.91,0.0014
MeanReversion_v1.0_GBPUSD_3,2026-01-15T16:00:00,10461.37,1.92,-9.2e-05
MeanReversion_v1.0_GBPUSD_3,2026-01-15T17:00:00,10451.06,2.01,-0.000986
MeanReversion_v1.0_GBPUSD_3,2026-01-15T18:00:00,10437.74,2.14,-0.001274
MeanReversion_v1.0_GBPUSD_3,2026-01-15T19:00:00,10425.25,2.26,-0.001197
MeanReversion_v1.0_GBPUSD_3,2026-01-15T20:00:00,10429.68,2.21,0.000425
MeanReversion_v1.0_GBPUSD_3,2026-01-15T21:00:00,10441.05,2.11,0.00109
MeanReversion_v1.0_GBPUSD_3,2026-01-15T22:00:00,10399.45,2.5,-0.003984
MeanReversion_v1.0_GBPUSD_3,2026-01-15T23:00:00,10430.92,2.2,0.003026
MeanReversion_v1.0_GBPUSD_3,2026-01-16T00:00:00,10460.99,1.92,0.002883
MeanReversion_v1.0_GBPUSD_3,2026-01-16T01:00:00,10414.32,2.36,-0.004461
MeanReversion_v1.0_GBPUSD_3,2026-01-16T02:00:00,10439.03,2.13,0.002372
MeanReversion_v1.0_GBPUSD_3,2026-01-16T03:00:00,10463.14,1.9,0.00231
MeanReversion_v1.0_GBPUSD_3,2026-01-16T04:00:00,10465.25,1.88,0.000201
MeanReversion_v1.0_GBPUSD_3,2026-01-16T05:00:00,10440.19,2.12,-0.002394
MeanReversion_v1.0_GBPUSD_3,2026-01-16T06:00:00,10463.48,1.9,0.00223
MeanReversion_v1.0_GBPUSD_3,2026-01-16T07:00:00,10460.52,1.93,-0.000282
MeanReversion_v1.0_GBPUSD_3,2026-01-16T08:00:00,10474.1,1.8,0.001298
MeanReversion_v1.0_GBPUSD_3,2026-01-16T09:00:00,10522.68,1.34,0.004638
MeanReversion_v1.0_GBPUSD_3,2026-01-16T10:00:00,10530.08,1.27,0.000704
MeanReversion_v1.0_GBPUSD_3,2026-01-16T11:00:00,10512.88,1.43,-0.001634
MeanReversion_v1.0_GBPUSD_3,2026-01-16T12:00:00,10507.92,1.48,-0.000471
MeanReversion_v1.0_GBPUSD_3,2026-01-16T13:00:00,10493.43,1.62,-0.001379
MeanReversion_v1.0_GBPUSD_3,2026-01-16T14:00:00,10504.63,1.51,0.001067
MeanReversion_v1.0_GBPUSD_3,2026-01-16T15:00:00,10489.8,1.65,-0.001412
MeanReversion_v1.0_GBPUSD_3,2026-01-16T16:00:00,10481.97,1.72,-0.000746
MeanReversion_v1.0_GBPUSD_3,2026-01-16T17:00:00,10457.14,1.96,-0.002369
MeanReversion_v1.0_GBPUSD_3,2026-01-16T18:00:00,10456.47,1.96,-6.4e-05
MeanReversion_v1.0_GBPUSD_3,2026-01-16T19:00:00,10462.26,1.91,0.000554
MeanReversion_v1.0_GBPUSD_3,2026-01-16T20:00:00,10408.17,2.42,-0.00517
MeanReversion_v1.0_GBPUSD_3,2026-01-16T21:00:00,10415.66,2.35,0.000719
MeanReversion_v1.0_GBPUSD_3,2026-01-16T22:00:00,10416.79,2.34,0.000109
MeanReversion_v1.0_GBPUSD_3,2026-01-16T23:00:00,10402.94,2.46,-0.00133
MeanReversion_v1.0_GBPUSD_3,2026-01-17T00:00:00,10447.22,2.05,0.004257
MeanReversion_v1.0_GBPUSD_3,2026-01-17T01:00:00,10469.34,1.84,0.002117
MeanReversion_v1.0_GBPUSD_3,2026-01-17T02:00:00,10448.48,2.04,-0.001993
MeanReversion_v1.0_GBPUSD_3,2026-01-17T03:00:00,10468.08,1.85,0.001876
MeanReversion_v1.0_GBPUSD_3,2026-01-17T04:00:00,10496.23,1.59,0.002689
MeanReversion_v1.0_GBPUSD_3,2026-01-17T05:00:00,10501.1,1.54,0.000464
MeanReversion_v1.0_GBPUSD_3,2026-01-17T06:00:00,10510.79,1.45,0.000923
MeanReversion_v1.0_GBPUSD_3,2026-01-17T07:00:00,10520.01,1.37,0.000877
MeanReversion_v1.0_GBPUSD_3,2026-01-17T08:00:00,10478.23,1.76,-0.003972
MeanReversion_v1.0_GBPUSD_3,2026-01-17T09:00:00,10476.41,1.78,-0.000174
MeanReversion_v1.0_GBPUSD_3,2026-01-17T10:00:00,10473.5,1.8,-0.000278
MeanReversion_v1.0_GBPUSD_3,2026-01-17T11:00:00,10505.55,1.5,0.00306
MeanReversion_v1.0_GBPUSD_3,2026-01-17T12:00:00,10514.66,1.42,0.000867
MeanReversion_v1.0_GBPUSD_3,2026-01-17T13:00:00,10510.51,1.46,-0.000395
MeanReversion_v1.0_GBPUSD_3,2026-01-17T14:00:00,10510.71,1.45,2e-05
MeanReversion_v1.0_GBPUSD_3,2026-01-17T15:00:00,10534.33,1.23,0.002247
MeanReversion_v1.0_GBPUSD_3,2026-01-17T16:00:00,10532.55,1.25,-0.000169
MeanReversion_v1.0_GBPUSD_3,2026-01-17T17:00:00,10519.95,1.37,-0.001196
MeanReversion_v1.0_GBPUSD_3,2026-01-17T18:00:00,10516.25,1.4,-0.000351
MeanReversion_v1.0_GBPUSD_3,2026-01-17T19:00:00,10538.14,1.2,0.002081
MeanReversion_v1.0_GBPUSD_3,2026-01-17T20:00:00,10550.7,1.08,0.001192
MeanReversion_v1.0_GBPUSD_3,2026-01-17T21:00:00,10553.75,1.05,0.000289
MeanReversion_v1.0_GBPUSD_3,2026-01-17T22:00:00,10559.9,0.99,0.000583
MeanReversion_v1.0_GBPUSD_3,2026-01-17T23:00:00,10550.19,1.08,-0.000919
MeanReversion_v1.0_GBPUSD_3,2026-01-18T00:00:00,10548.21,1.1,-0.000188
MeanReversion_v1.0_GBPUSD_3,2026-01-18T01:00:00,10536.32,1.21,-0.001127
MeanReversion_v1.0_GBPUSD_3,2026-01-18T02:00:00,10532.22,1.25,-0.00039
MeanReversion_v1.0_GBPUSD_3,2026-01-18T03:00:00,10562.68,0.97,0.002892
MeanReversion_v1.0_GBPUSD_3,2026-01-18T04:00:00,10542.02,1.16,-0.001956
MeanReversion_v1.0_GBPUSD_3,2026-01-18T05:00:00,10529.61,1.28,-0.001177
MeanReversion_v1.0_GBPUSD_3,2026-01-18T06:00:00,10505.3,1.51,-0.002309
MeanReversion_v1.0_GBPUSD_3,2026-01-18T07:00:00,10476.5,1.78,-0.002742
MeanReversion_v1.0_GBPUSD_3,2026-01-18T08:00:00,10474.68,1.79,-0.000174
MeanReversion_v1.0_GBPUSD_3,2026-01-18T09:00:00,10463.84,1.89,-0.001035
MeanReversion_v1.0_GBPUSD_3,2026-01-18T10:00:00,10502.8,1.53,0.003723
MeanReversion_v1.0_GBPUSD_3,2026-01-18T11:00:00,10498.96,1.56,-0.000366
MeanReversion_v1.0_GBPUSD_3,2026-01-18T12:00:00,10528.13,1.29,0.002779
MeanReversion_v1.0_GBPUSD_3,2026-01-18T13:00:00,10550.62,1.08,0.002136
MeanReversion_v1.0_GBPUSD_3,2026-01-18T14:00:00,10548.32,1.1,-0.000218
MeanReversion_v1.0_GBPUSD_3,2026-01-18T15:00:00,10594.95,0.66,0.00442
MeanReversion_v1.0_GBPUSD_3,2026-01-18T16:00:00,10602.76,0.59,0.000737
MeanReversion_v1.0_GBPUSD_3,2026-01-18T17:00:00,10636.96,0.27,0.003226
MeanReversion_v1.0_GBPUSD_3,2026-01-18T18:00:00,10668.8,0.0,0.002993
MeanReversion_v1.0_GBPUSD_3,2026-01-18T19:00:00,10679.78,0.0,0.001029
MeanReversion_v1.0_GBPUSD_3,2026-01-18T20:00:00,10697.96,0.0,0.001702
MeanReversion_v1.0_GBPUSD_3,2026-01-18T21:00:00,10713.45,0.0,0.001448
MeanReversion_v1.0_GBPUSD_3,2026-01-18T22:00:00,10691.08,0.21,-0.002089
MeanReversion_v1.0_GBPUSD_3,2026-01-18T23:00:00,10694.44,0.18,0.000315
MeanReversion_v1.0_GBPUSD_3,2026-01-19T00:00:00,10719.56,0.0,0.002348
MeanReversion_v1.0_GBPUSD_3,2026-01-19T01:00:00,10754.42,0.0,0.003252
MeanReversion_v1.0_GBPUSD_3,2026-01-19T02:00:00,10741.07,0.12,-0.001241
MeanReversion_v1.0_GBPUSD_3,2026-01-19T03:00:00,10754.58,0.0,0.001258
MeanReversion_v1.0_GBPUSD_3,2026-01-19T04:00:00,10759.98,0.0,0.000502
MeanReversion_v1.0_GBPUSD_3,2026-01-19T05:00:00,10759.59,0.0,-3.6e-05
MeanReversion_v1.0_GBPUSD_3,2026-01-19T06:00:00,10769.41,0.0,0.000912
MeanReversion_v1.0_GBPUSD_3,2026-01-19T07:00:00,10776.25,0.0,0.000636
MeanReversion_v1.0_GBPUSD_3,2026-01-19T08:00:00,10790.08,0.0,0.001283
MeanReversion_v1.0_GBPUSD_3,2026-01-19T09:00:00,10823.35,0.0,0.003083
MeanReversion_v1.0_GBPUSD_3,2026-01-19T10:00:00,10842.49,0.0,0.001768
MeanReversion_v1.0_GBPUSD_3,2026-01-19T11:00:00,10851.39,0.0,0.000821
MeanReversion_v1.0_GBPUSD_3,2026-01-19T12:00:00,10894.03,0.0,0.003929
MeanReversion_v1.0_GBPUSD_3,2026-01-19T13:00:00,10920.39,0.0,0.00242
MeanReversion_v1.0_GBPUSD_3,2026-01-19T14:00:00,10920.56,0.0,1.5e-05
MeanReversion_v1.0_GBPUSD_3,2026-01-19T15:00:00,10896.16,0.22,-0.002234
MeanReversion_v1.0_GBPUSD_3,2026-01-19T16:00:00,10876.81,0.4,-0.001776
MeanReversion_v1.0_GBPUSD_3,2026-01-19T17:00:00,10899.29,0.19,0.002066
MeanReversion_v1.0_GBPUSD_3,2026-01-19T18:00:00,10887.73,0.3,-0.001061
MeanReversion_v1.0_GBPUSD_3,2026-01-19T19:00:00,10867.95,0.48,-0.001816
MeanReversion_v1.0_GBPUSD_3,2026-01-19T20:00:00,10853.65,0.61,-0.001316
MeanReversion_v1.0_GBPUSD_3,2026-01-19T21:00:00,10840.9,0.73,-0.001175
MeanReversion_v1.0_GBPUSD_3,2026-01-19T22:00:00,10861.51,0.54,0.001901
MeanReversion_v1.0_GBPUSD_3,2026-01-19T23:00:00,10860.28,0.55,-0.000113
MeanReversion_v1.0_GBPUSD_3,2026-01-20T00:00:00,10832.64,0.81,-0.002545
MeanReversion_v1.0_GBPUSD_3,2026-01-20T01:00:00,10835.48,0.78,0.000262
MeanReversion_v1.0_GBPUSD_3,2026-01-20T02:00:00,10842.46,0.72,0.000645
MeanReversion_v1.0_GBPUSD_3,2026-01-20T03:00:00,10834.24,0.79,-0.000759
MeanReversion_v1.0_GBPUSD_3,2026-01-20T04:00:00,10861.45,0.54,0.002512
MeanReversion_v1.0_GBPUSD_3,2026-01-20T05:00:00,10854.48,0.61,-0.000642
MeanReversion_v1.0_GBPUSD_3,2026-01-20T06:00:00,10880.71,0.36,0.002417
MeanReversion_v1.0_GBPUSD_3,2026-01-20T07:00:00,10895.87,0.23,0.001394
MeanReversion_v1.0_GBPUSD_3,2026-01-20T08:00:00,10918.25,0.02,0.002053
MeanReversion_v1.0_GBPUSD_3,2026-01-20T09:00:00,10896.44,0.22,-0.001997
MeanReversion_v1.0_GBPUSD_3,2026-01-20T10:00:00,10900.76,0.18,0.000397
MeanReversion_v1.0_GBPUSD_3,2026-01-20T11:00:00,10901.79,0.17,9.4e-05
MeanReversion_v1.0_GBPUSD_3,2026-01-20T12:00:00,10872.97,0.44,-0.002644
MeanReversion_v1.0_GBPUSD_3,2026-01-20T13:00:00,10899.17,0.2,0.00241
MeanReversion_v1.0_GBPUSD_3,2026-01-20T14:00:00,10883.53,0.34,-0.001435
MeanReversion_v1.0_GBPUSD_3,2026-01-20T15:00:00,10872.44,0.44,-0.001019
MeanReversion_v1.0_GBPUSD_3,2026-01-20T16:00:00,10852.58,0.62,-0.001827
MeanReversion_v1.0_GBPUSD_3,2026-01-20T17:00:00,10869.97,0.46,0.001602
MeanReversion_v1.0_GBPUSD_3,2026-01-20T18:00:00,10838.97,0.75,-0.002852
MeanReversion_v1.0_GBPUSD_3,2026-01-20T19:00:00,10854.53,0.6,0.001436
MeanReversion_v1.0_GBPUSD_3,2026-01-20T20:00:00,10879.38,0.38,0.002289
MeanReversion_v1.0_GBPUSD_3,2026-01-20T21:00:00,10893.24,0.25,0.001274
MeanReversion_v1.0_GBPUSD_3,2026-01-20T22:00:00,10910.95,0.09,0.001625
MeanReversion_v1.0_GBPUSD_3,2026-01-20T23:00:00,10929.71,0.0,0.001719
MeanReversion_v1.0_GBPUSD_3,2026-01-21T00:00:00,10911.14,0.17,-0.001699
MeanReversion_v1.0_GBPUSD_3,2026-01-21T01:00:00,10944.63,0.0,0.003069
MeanReversion_v1.0_GBPUSD_3,2026-01-21T02:00:00,10936.75,0.07,-0.00072
MeanReversion_v1.0_GBPUSD_3,2026-01-21T03:00:00,10937.48,0.07,6.7e-05
MeanReversion_v1.0_GBPUSD_3,2026-01-21T04:00:00,10932.39,0.11,-0.000465
MeanReversion_v1.0_GBPUSD_3,2026-01-21T05:00:00,10945.33,0.0,0.001183
MeanReversion_v1.0_GBPUSD_3,2026-01-21T06:00:00,10935.74,0.09,-0.000876
MeanReversion_v1.0_GBPUSD_3,2026-01-21T07:00:00,10939.39,0.05,0.000334
MeanReversion_v1.0_GBPUSD_3,2026-01-21T08:00:00,10914.55,0.28,-0.002271
MeanReversion_v1.0_GBPUSD_3,2026-01-21T09:00:00,10942.16,0.03,0.002529
MeanReversion_v1.0_GBPUSD_3,2026-01-21T10:00:00,10959.02,0.0,0.001541
MeanReversion_v1.0_GBPUSD_3,2026-01-21T11:00:00,10954.81,0.04,-0.000385
MeanReversion_v1.0_GBPUSD_3,2026-01-21T12:00:00,10946.72,0.11,-0.000738
MeanReversion_v1.0_GBPUSD_3,2026-01-21T13:00:00,10963.02,0.0,0.001489
MeanReversion_v1.0_GBPUSD_3,2026-01-21T14:00:00,10949.71,0.12,-0.001215
MeanReversion_v1.0_GBPUSD_3,2026-01-21T15:00:00,10954.64,0.08,0.000451
MeanReversion_v1.0_GBPUSD_3,2026-01-21T16:00:00,10982.28,0.0,0.002523
MeanReversion_v1.0_GBPUSD_3,2026-01-21T17:00:00,10966.66,0.14,-0.001423
MeanReversion_v1.0_GBPUSD_3,2026-01-21T18:00:00,10976.94,0.05,0.000937
MeanReversion_v1.0_GBPUSD_3,2026-01-21T19:00:00,10986.06,0.0,0.000831
MeanReversion_v1.0_GBPUSD_3,2026-01-21T20:00:00,10986.12,0.0,5e-06
MeanReversion_v1.0_GBPUSD_3,2026-01-21T21:00:00,10977.25,0.08,-0.000808
MeanReversion_v1.0_GBPUSD_3,2026-01-21T22:00:00,11006.11,0.0,0.00263
MeanReversion_v1.0_GBPUSD_3,2026-01-21T23:00:00,10995.16,0.1,-0.000995
MeanReversion_v1.0_GBPUSD_3,2026-01-22T00:00:00,10957.51,0.44,-0.003424
MeanReversion_v1.0_GBPUSD_3,2026-01-22T01:00:00,10973.74,0.29,0.001481
MeanReversion_v1.0_GBPUSD_3,2026-01-22T02:00:00,10949.57,0.51,-0.002203
MeanReversion_v1.0_GBPUSD_3,2026-01-22T03:00:00,10966.91,0.36,0.001584
MeanReversion_v1.0_GBPUSD_3,2026-01-22T04:00:00,10998.39,0.07,0.00287
MeanReversion_v1.0_GBPUSD_3,2026-01-22T05:00:00,11014.44,0.0,0.001459
MeanReversion_v1.0_GBPUSD_3,2026-01-22T06:00:00,11040.24,0.0,0.002343
MeanReversion_v1.0_GBPUSD_3,2026-01-22T07:00:00,11087.05,0.0,0.00424
MeanReversion_v1.0_GBPUSD_3,2026-01-22T08:00:00,11110.71,0.0,0.002134
MeanReversion_v1.0_GBPUSD_3,2026-01-22T09:00:00,11120.28,0.0,0.000861
MeanReversion_v1.0_GBPUSD_3,2026-01-22T10:00:00,11158.84,0.0,0.003468
MeanReversion_v1.0_GBPUSD_3,2026-01-22T11:00:00,11200.24,0.0,0.00371
MeanReversion_v1.0_GBPUSD_3,2026-01-22T12:00:00,11242.1,0.0,0.003738
MeanReversion_v1.0_GBPUSD_3,2026-01-22T13:00:00,11233.28,0.08,-0.000784
MeanReversion_v1.0_GBPUSD_3,2026-01-22T14:00:00,11205.11,0.33,-0.002508
MeanReversion_v1.0_GBPUSD_3,2026-01-22T15:00:00,11194.95,0.42,-0.000906
MeanReversion_v1.0_GBPUSD_3,2026-01-22T16:00:00,11212.94,0.26,0.001607
MeanReversion_v1.0_GBPUSD_3,2026-01-22T17:00:00,11218.76,0.21,0.000518
MeanReversion_v1.0_GBPUSD_3,2026-01-22T18:00:00,11216.37,0.23,-0.000213
MeanReversion_v1.0_GBPUSD_3,2026-01-22T19:00:00,11231.18,0.1,0.001321
MeanReversion_v1.0_GBPUSD_3,2026-01-22T20:00:00,11200.39,0.37,-0.002742
MeanReversion_v1.0_GBPUSD_3,2026-01-22T21:00:00,11205.79,0.32,0.000482
MeanReversion_v1.0_GBPUSD_3,2026-01-22T22:00:00,11233.1,0.08,0.002437
MeanReversion_v1.0_GBPUSD_3,2026-01-22T23:00:00,11247.69,0.0,0.001299
MeanReversion_v1.0_GBPUSD_3,2026-01-23T00:00:00,11265.5,0.0,0.001584
MeanReversion_v1.0_GBPUSD_3,2026-01-23T01:00:00,11303.74,0.0,0.003395
MeanReversion_v1.0_GBPUSD_3,2026-01-23T02:00:00,11304.51,0.0,6.8e-05
MeanReversion_v1.0_GBPUSD_3,2026-01-23T03:00:00,11292.0,0.11,-0.001106
MeanReversion_v1.0_GBPUSD_3,2026-01-23T04:00:00,11321.13,0.0,0.002579
MeanReversion_v1.0_GBPUSD_3,2026-01-23T05:00:00,11349.91,0.0,0.002542
MeanReversion_v1.0_GBPUSD_3,2026-01-23T06:00:00,11364.85,0.0,0.001317
MeanReversion_v1.0_GBPUSD_3,2026-01-23T07:00:00,11363.48,0.01,-0.000121
MeanReversion_v1.0_GBPUSD_3,2026-01-23T08:00:00,11365.78,0.0,0.000203
MeanReversion_v1.0_GBPUSD_3,2026-01-23T09:00:00,11339.03,0.24,-0.002354
MeanReversion_v1.0_GBPUSD_3,2026-01-23T10:00:00,11366.54,0.0,0.002426
MeanReversion_v1.0_GBPUSD_3,2026-01-23T11:00:00,11393.31,0.0,0.002355
MeanReversion_v1.0_GBPUSD_3,2026-01-23T12:00:00,11365.7,0.24,-0.002423
MeanReversion_v1.0_GBPUSD_3,2026-01-23T13:00:00,11387.7,0.05,0.001935
MeanReversion_v1.0_GBPUSD_3,2026-01-23T14:00:00,11399.18,0.0,0.001008
MeanReversion_v1.0_GBPUSD_3,2026-01-23T15:00:00,11378.16,0.18,-0.001844
MeanReversion_v1.0_GBPUSD_3,2026-01-23T16:00:00,11352.99,0.41,-0.002212
MeanReversion_v1.0_GBPUSD_3,2026-01-23T17:00:00,11363.74,0.31,0.000947
MeanReversion_v1.0_GBPUSD_3,2026-01-23T18:00:00,11356.98,0.37,-0.000595
MeanReversion_v1.0_GBPUSD_3,2026-01-23T19:00:00,11400.59,0.0,0.00384
MeanReversion_v1.0_GBPUSD_3,2026-01-23T20:00:00,11424.59,0.0,0.002105
MeanReversion_v1.0_GBPUSD_3,2026-01-23T21:00:00,11437.69,0.0,0.001147
MeanReversion_v1.0_GBPUSD_3,2026-01-23T22:00:00,11451.95,0.0,0.001246
MeanReversion_v1.0_GBPUSD_3,2026-01-23T23:00:00,11484.72,0.0,0.002862
MeanReversion_v1.0_GBPUSD_3,2026-01-24T00:00:00,11506.46,0.0,0.001893
MeanReversion_v1.0_GBPUSD_3,2026-01-24T01:00:00,11520.26,0.0,0.0012
MeanReversion_v1.0_GBPUSD_3,2026-01-24T02:00:00,11499.98,0.18,-0.001761
MeanReversion_v1.0_GBPUSD_3,2026-01-24T03:00:00,11572.71,0.0,0.006324
MeanReversion_v1.0_GBPUSD_3,2026-01-24T04:00:00,11549.49,0.2,-0.002006
MeanReversion_v1.0_GBPUSD_3,2026-01-24T05:00:00,11544.58,0.24,-0.000425
MeanReversion_v1.0_GBPUSD_3,2026-01-24T06:00:00,11508.68,0.55,-0.003109
MeanReversion_v1.0_GBPUSD_3,2026-01-24T07:00:00,11523.38,0.43,0.001278
MeanReversion_v1.0_GBPUSD_3,2026-01-24T08:00:00,11529.17,0.38,0.000502
MeanReversion_v1.0_GBPUSD_3,2026-01-24T09:00:00,11549.12,0.2,0.001731
MeanReversion_v1.0_GBPUSD_3,2026-01-24T10:00:00,11511.26,0.53,-0.003278
MeanReversion_v1.0_GBPUSD_3,2026-01-24T11:00:00,11539.19,0.29,0.002426
MeanReversion_v1.0_GBPUSD_3,2026-01-24T12:00:00,11522.86,0.43,-0.001415
MeanReversion_v1.0_GBPUSD_3,2026-01-24T13:00:00,11521.73,0.44,-9.8e-05
MeanReversion_v1.0_GBPUSD_3,2026-01-24T14:00:00,11545.5,0.24,0.002063
MeanReversion_v1.0_GBPUSD_3,2026-01-24T15:00:00,11553.84,0.16,0.000723
MeanReversion_v1.0_GBPUSD_3,2026-01-24T16:00:00,11563.83,0.08,0.000864
MeanReversion_v1.0_GBPUSD_3,2026-01-24T17:00:00,11584.62,0.0,0.001798
MeanReversion_v1.0_GBPUSD_3,2026-01-24T18:00:00,11596.87,0.0,0.001058
MeanReversion_v1.0_GBPUSD_3,2026-01-24T19:00:00,11591.28,0.05,-0.000482
MeanReversion_v1.0_GBPUSD_3,2026-01-24T20:00:00,11589.74,0.06,-0.000133
MeanReversion_v1.0_GBPUSD_3,2026-01-24T21:00:00,11596.97,0.0,0.000624
MeanReversion_v1.0_GBPUSD_3,2026-01-24T22:00:00,11578.52,0.16,-0.001591
MeanReversion_v1.0_GBPUSD_3,2026-01-24T23:00:00,11603.9,0.0,0.002192
MeanReversion_v1.0_GBPUSD_3,2026-01-25T00:00:00,11612.92,0.0,0.000777
MeanReversion_v1.0_GBPUSD_3,2026-01-25T01:00:00,11616.98,0.0,0.00035
MeanReversion_v1.0_GBPUSD_3,2026-01-25T02:00:00,11647.01,0.0,0.002585
MeanReversion_v1.0_GBPUSD_3,2026-01-25T03:00:00,11646.54,0.0,-4e-05
MeanReversion_v1.0_GBPUSD_3,2026-01-25T04:00:00,11644.62,0.02,-0.000165
MeanReversion_v1.0_GBPUSD_3,2026-01-25T05:00:00,11635.66,0.1,-0.000769
MeanReversion_v1.0_GBPUSD_3,2026-01-25T06:00:00,11645.97,0.01,0.000886
MeanReversion_v1.0_GBPUSD_3,2026-01-25T07:00:00,11655.49,0.0,0.000817
MeanReversion_v1.0_GBPUSD_3,2026-01-25T08:00:00,11642.28,0.11,-0.001133
MeanReversion_v1.0_GBPUSD_3,2026-01-25T09:00:00,11640.48,0.13,-0.000155
MeanReversion_v1.0_GBPUSD_3,2026-01-25T10:00:00,11627.45,0.24,-0.001119
MeanReversion_v1.0_GBPUSD_3,2026-01-25T11:00:00,11613.38,0.36,-0.00121
MeanReversion_v1.0_GBPUSD_3,2026-01-25T12:00:00,11575.52,0.69,-0.00326
MeanReversion_v1.0_GBPUSD_3,2026-01-25T13:00:00,11572.49,0.71,-0.000262
MeanReversion_v1.0_GBPUSD_3,2026-01-25T14:00:00,11535.41,1.03,-0.003204
MeanReversion_v1.0_GBPUSD_3,2026-01-25T15:00:00,11527.04,1.1,-0.000726
MeanReversion_v1.0_GBPUSD_3,2026-01-25T16:00:00,11515.22,1.2,-0.001025
MeanReversion_v1.0_GBPUSD_3,2026-01-25T17:00:00,11541.75,0.98,0.002304
MeanReversion_v1.0_GBPUSD_3,2026-01-25T18:00:00,11520.63,1.16,-0.00183
MeanReversion_v1.0_GBPUSD_3,2026-01-25T19:00:00,11505.39,1.29,-0.001322
MeanReversion_v1.0_GBPUSD_3,2026-01-25T20:00:00,11498.92,1.34,-0.000563
MeanReversion_v1.0_GBPUSD_3,2026-01-25T21:00:00,11487.87,1.44,-0.00096
MeanReversion_v1.0_GBPUSD_3,2026-01-25T22:00:00,11521.63,1.15,0.002939
MeanReversion_v1.0_GBPUSD_3,2026-01-25T23:00:00,11497.7,1.35,-0.002077
MeanReversion_v1.0_GBPUSD_3,2026-01-26T00:00:00,11491.27,1.41,-0.000559
MeanReversion_v1.0_GBPUSD_3,2026-01-26T01:00:00,11501.2,1.32,0.000864
MeanReversion_v1.0_GBPUSD_3,2026-01-26T02:00:00,11523.77,1.13,0.001962
MeanReversion_v1.0_GBPUSD_3,2026-01-26T03:00:00,11517.31,1.19,-0.00056
MeanReversion_v1.0_GBPUSD_3,2026-01-26T04:00:00,11475.44,1.54,-0.003636
MeanReversion_v1.0_GBPUSD_3,2026-01-26T05:00:00,11474.29,1.55,-0.0001
MeanReversion_v1.0_GBPUSD_3,2026-01-26T06:00:00,11507.61,1.27,0.002904
MeanReversion_v1.0_GBPUSD_3,2026-01-26T07:00:00,11516.4,1.19,0.000764
MeanReversion_v1.0_GBPUSD_3,2026-01-26T08:00:00,11524.15,1.13,0.000673
MeanReversion_v1.0_GBPUSD_3,2026-01-26T09:00:00,11501.96,1.32,-0.001926
MeanReversion_v1.0_GBPUSD_3,2026-01-26T10:00:00,11477.44,1.53,-0.002131
MeanReversion_v1.0_GBPUSD_3,2026-01-26T11:00:00,11480.15,1.5,0.000236
MeanReversion_v1.0_GBPUSD_3,2026-01-26T12:00:00,11449.7,1.77,-0.002653
MeanReversion_v1.0_GBPUSD_3,2026-01-26T13:00:00,11469.88,1.59,0.001763
MeanReversion_v1.0_GBPUSD_3,2026-01-26T14:00:00,11452.75,1.74,-0.001493
MeanReversion_v1.0_GBPUSD_3,2026-01-26T15:00:00,11454.48,1.72,0.000151
MeanReversion_v1.0_GBPUSD_3,2026-01-26T16:00:00,11413.57,2.08,-0.003572
MeanReversion_v1.0_GBPUSD_3,2026-01-26T17:00:00,11406.86,2.13,-0.000588
MeanReversion_v1.0_GBPUSD_3,2026-01-26T18:00:00,11382.09,2.35,-0.002172
MeanReversion_v1.0_GBPUSD_3,2026-01-26T19:00:00,11331.51,2.78,-0.004444
MeanReversion_v1.0_GBPUSD_3,2026-01-26T20:00:00,11346.05,2.65,0.001284
MeanReversion_v1.0_GBPUSD_3,2026-01-26T21:00:00,11385.56,2.32,0.003482
MeanReversion_v1.0_GBPUSD_3,2026-01-26T22:00:00,11413.56,2.08,0.002459
MeanReversion_v1.0_GBPUSD_3,2026-01-26T23:00:00,11431.4,1.92,0.001563
MeanReversion_v1.0_GBPUSD_3,2026-01-27T00:00:00,11424.22,1.98,-0.000628
MeanReversion_v1.0_GBPUSD_3,2026-01-27T01:00:00,11444.92,1.81,0.001812
MeanReversion_v1.0_GBPUSD_3,2026-01-27T02:00:00,11475.22,1.55,0.002648
MeanReversion_v1.0_GBPUSD_3,2026-01-27T03:00:00,11480.66,1.5,0.000474
MeanReversion_v1.0_GBPUSD_3,2026-01-27T04:00:00,11455.76,1.71,-0.002169
MeanReversion_v1.0_GBPUSD_3,2026-01-27T05:00:00,11446.61,1.79,-0.000799
MeanReversion_v1.0_GBPUSD_3,2026-01-27T06:00:00,11487.88,1.44,0.003605
MeanReversion_v1.0_GBPUSD_3,2026-01-27T07:00:00,11488.46,1.43,5.1e-05
MeanReversion_v1.0_GBPUSD_3,2026-01-27T08:00:00,11414.36,2.07,-0.00645
MeanReversion_v1.0_GBPUSD_3,2026-01-27T09:00:00,11383.11,2.34,-0.002738
MeanReversion_v1.0_GBPUSD_3,2026-01-27T10:00:00,11375.73,2.4,-0.000649
MeanReversion_v1.0_GBPUSD_3,2026-01-27T11:00:00,11401.57,2.18,0.002272
MeanReversion_v1.0_GBPUSD_3,2026-01-27T12:00:00,11397.62,2.21,-0.000346
MeanReversion_v1.0_GBPUSD_3,2026-01-27T13:00:00,11423.94,1.99,0.002309
MeanReversion_v1.0_GBPUSD_3,2026-01-27T14:00:00,11414.2,2.07,-0.000852
MeanReversion_v1.0_GBPUSD_3,2026-01-27T15:00:00,11371.64,2.44,-0.003729
MeanReversion_v1.0_GBPUSD_3,2026-01-27T16:00:00,11362.74,2.51,-0.000783
MeanReversion_v1.0_GBPUSD_3,2026-01-27T17:00:00,11372.85,2.42,0.00089
MeanReversion_v1.0_GBPUSD_3,2026-01-27T18:00:00,11381.08,2.35,0.000724
MeanReversion_v1.0_GBPUSD_3,2026-01-27T19:00:00,11354.79,2.58,-0.00231
MeanReversion_v1.0_GBPUSD_3,2026-01-27T20:00:00,11349.08,2.63,-0.000502
MeanReversion_v1.0_GBPUSD_3,2026-01-27T21:00:00,11412.29,2.09,0.005569
MeanReversion_v1.0_GBPUSD_3,2026-01-27T22:00:00,11386.42,2.31,-0.002267
MeanReversion_v1.0_GBPUSD_3,2026-01-27T23:00:00,11403.75,2.16,0.001521
MeanReversion_v1.0_GBPUSD_3,2026-01-28T00:00:00,11358.21,2.55,-0.003993
MeanReversion_v1.0_GBPUSD_3,2026-01-28T01:00:00,11380.1,2.36,0.001928
MeanReversion_v1.0_GBPUSD_3,2026-01-28T02:00:00,11362.07,2.52,-0.001585
MeanReversion_v1.0_GBPUSD_3,2026-01-28T03:00:00,11373.48,2.42,0.001004
MeanReversion_v1.0_GBPUSD_3,2026-01-28T04:00:00,11346.37,2.65,-0.002383
MeanReversion_v1.0_GBPUSD_3,2026-01-28T05:00:00,11355.24,2.58,0.000782
MeanReversion_v1.0_GBPUSD_3,2026-01-28T06:00:00,11336.88,2.73,-0.001617
MeanReversion_v1.0_GBPUSD_3,2026-01-28T07:00:00,11322.93,2.85,-0.00123
MeanReversion_v1.0_GBPUSD_3,2026-01-28T08:00:00,11335.21,2.75,0.001084
MeanReversion_v1.0_GBPUSD_3,2026-01-28T09:00:00,11327.72,2.81,-0.000661
MeanReversion_v1.0_GBPUSD_3,2026-01-28T10:00:00,11338.6,2.72,0.000961
MeanReversion_v1.0_GBPUSD_3,2026-01-28T11:00:00,11336.54,2.74,-0.000182
MeanReversion_v1.0_GBPUSD_3,2026-01-28T12:00:00,11340.34,2.7,0.000335
MeanReversion_v1.0_GBPUSD_3,2026-01-28T13:00:00,11352.7,2.6,0.00109
MeanReversion_v1.0_GBPUSD_3,2026-01-28T14:00:00,11347.02,2.65,-0.0005
MeanReversion_v1.0_GBPUSD_3,2026-01-28T15:00:00,11326.69,2.82,-0.001792
MeanReversion_v1.0_GBPUSD_3,2026-01-28T16:00:00,11316.9,2.9,-0.000865
MeanReversion_v1.0_GBPUSD_3,2026-01-28T17:00:00,11346.21,2.65,0.00259
MeanReversion_v1.0_GBPUSD_3,2026-01-28T18:00:00,11351.12,2.61,0.000432
MeanReversion_v1.0_GBPUSD_3,2026-01-28T19:00:00,11334.2,2.76,-0.00149
MeanReversion_v1.0_GBPUSD_3,2026-01-28T20:00:00,11345.57,2.66,0.001003
MeanReversion_v1.0_GBPUSD_3,2026-01-28T21:00:00,11358.47,2.55,0.001137
MeanReversion_v1.0_GBPUSD_3,2026-01-28T22:00:00,11372.55,2.43,0.00124
MeanReversion_v1.0_GBPUSD_3,2026-01-28T23:00:00,11352.59,2.6,-0.001756
MeanReversion_v1.0_GBPUSD_3,2026-01-29T00:00:00,11339.36,2.71,-0.001165
MeanReversion_v1.0_GBPUSD_3,2026-01-29T01:00:00,11326.28,2.82,-0.001154
MeanReversion_v1.0_GBPUSD_3,2026-01-29T02:00:00,11320.38,2.88,-0.000521
MeanReversion_v1.0_GBPUSD_3,2026-01-29T03:00:00,11334.84,2.75,0.001278
MeanReversion_v1.0_GBPUSD_3,2026-01-29T04:00:00,11343.83,2.67,0.000792
MeanReversion_v1.0_GBPUSD_3,2026-01-29T05:00:00,11354.61,2.58,0.00095
MeanReversion_v1.0_GBPUSD_3,2026-01-29T06:00:00,11387.63,2.3,0.002908
MeanReversion_v1.0_GBPUSD_3,2026-01-29T07:00:00,11405.59,2.14,0.001578
MeanReversion_v1.0_GBPUSD_3,2026-01-29T08:00:00,11404.64,2.15,-8.4e-05
MeanReversion_v1.0_GBPUSD_3,2026-01-29T09:00:00,11379.92,2.36,-0.002168
MeanReversion_v1.0_GBPUSD_3,2026-01-29T10:00:00,11365.93,2.48,-0.001229
MeanReversion_v1.0_GBPUSD_3,2026-01-29T11:00:00,11362.26,2.52,-0.000323
MeanReversion_v1.0_GBPUSD_3,2026-01-29T12:00:00,11383.37,2.33,0.001858
MeanReversion_v1.0_GBPUSD_3,2026-01-29T13:00:00,11385.02,2.32,0.000145
MeanReversion_v1.0_GBPUSD_3,2026-01-29T14:00:00,11372.36,2.43,-0.001112
MeanReversion_v1.0_GBPUSD_3,2026-01-29T15:00:00,11357.96,2.55,-0.001266
MeanReversion_v1.0_GBPUSD_3,2026-01-29T16:00:00,11358.66,2.55,6.1e-05
MeanReversion_v1.0_GBPUSD_3,2026-01-29T17:00:00,11381.14,2.35,0.00198
MeanReversion_v1.0_GBPUSD_3,2026-01-29T18:00:00,11419.64,2.02,0.003382
MeanReversion_v1.0_GBPUSD_3,2026-01-29T19:00:00,11417.22,2.04,-0.000212
MeanReversion_v1.0_GBPUSD_3,2026-01-29T20:00:00,11418.48,2.03,0.000111
MeanReversion_v1.0_GBPUSD_3,2026-01-29T21:00:00,11393.04,2.25,-0.002228
MeanReversion_v1.0_GBPUSD_3,2026-01-29T22:00:00,11439.51,1.85,0.004078
MeanReversion_v1.0_GBPUSD_3,2026-01-29T23:00:00,11409.74,2.11,-0.002602
MeanReversion_v1.0_GBPUSD_3,2026-01-30T00:00:00,11438.76,1.86,0.002543
MeanReversion_v1.0_GBPUSD_3,2026-01-30T01:00:00,11432.69,1.91,-0.000531
MeanReversion_v1.0_GBPUSD_3,2026-01-30T02:00:00,11421.27,2.01,-0.000999
MeanReversion_v1.0_GBPUSD_3,2026-01-30T03:00:00,11398.2,2.21,-0.00202
MeanReversion_v1.0_GBPUSD_3,2026-01-30T04:00:00,11455.42,1.72,0.00502
MeanReversion_v1.0_GBPUSD_3,2026-01-30T05:00:00,11462.79,1.65,0.000643
MeanReversion_v1.0_GBPUSD_3,2026-01-30T06:00:00,11465.57,1.63,0.000243
MeanReversion_v1.0_GBPUSD_3,2026-01-30T07:00:00,11488.2,1.44,0.001973
MeanReversion_v1.0_GBPUSD_3,2026-01-30T08:00:00,11475.54,1.54,-0.001102
MeanReversion_v1.0_GBPUSD_3,2026-01-30T09:00:00,11477.88,1.52,0.000204
MeanReversion_v1.0_GBPUSD_3,2026-01-30T10:00:00,11481.47,1.49,0.000313
MeanReversion_v1.0_GBPUSD_3,2026-01-30T11:00:00,11472.0,1.57,-0.000824
MeanReversion_v1.0_GBPUSD_3,2026-01-30T12:00:00,11501.82,1.32,0.002599
MeanReversion_v1.0_GBPUSD_3,2026-01-30T13:00:00,11499.09,1.34,-0.000237
MeanReversion_v1.0_GBPUSD_3,2026-01-30T14:00:00,11465.67,1.63,-0.002906
MeanReversion_v1.0_GBPUSD_3,2026-01-30T15:00:00,11461.05,1.67,-0.000403
MeanReversion_v1.0_GBPUSD_3,2026-01-30T16:00:00,11469.05,1.6,0.000698
MeanReversion_v1.0_GBPUSD_3,2026-01-30T17:00:00,11450.85,1.76,-0.001587
MeanReversion_v1.0_GBPUSD_3,2026-01-30T18:00:00,11434.49,1.9,-0.001429
MeanReversion_v1.0_GBPUSD_3,2026-01-30T19:00:00,11424.28,1.98,-0.000893
MeanReversion_v1.0_GBPUSD_3,2026-01-30T20:00:00,11454.47,1.72,0.002642
MeanReversion_v1.0_GBPUSD_3,2026-01-30T21:00:00,11445.6,1.8,-0.000774
MeanReversion_v1.0_GBPUSD_3,2026-01-30T22:00:00,11480.6,1.5,0.003058
MeanReversion_v1.0_GBPUSD_3,2026-01-30T23:00:00,11468.78,1.6,-0.00103
MeanReversion_v2.0_GBPUSD_4,2026-01-01T00:00:00,10027.55,0.0,0.002755
MeanReversion_v2.0_GBPUSD_4,2026-01-01T01:00:00,10036.15,0.0,0.000857
MeanReversion_v2.0_GBPUSD_4,2026-01-01T02:00:00,10012.37,0.24,-0.002369
MeanReversion_v2.0_GBPUSD_4,2026-01-01T03:00:00,9996.21,0.4,-0.001615
MeanReversion_v2.0_GBPUSD_4,2026-01-01T04:00:00,9992.57,0.43,-0.000364
MeanReversion_v2.0_GBPUSD_4,2026-01-01T05:00:00,10028.83,0.07,0.003629
MeanReversion_v2.0_GBPUSD_4,2026-01-01T06:00:00,10028.9,0.07,6e-06
MeanReversion_v2.0_GBPUSD_4,2026-01-01T07:00:00,10024.51,0.12,-0.000437
MeanReversion_v2.0_GBPUSD_4,2026-01-01T08:00:00,9995.97,0.4,-0.002847
MeanReversion_v2.0_GBPUSD_4,2026-01-01T09:00:00,9987.84,0.48,-0.000813
MeanReversion_v2.0_GBPUSD_4,2026-01-01T10:00:00,9968.21,0.68,-0.001966
MeanReversion_v2.0_GBPUSD_4,2026-01-01T11:00:00,9953.19,0.83,-0.001506
MeanReversion_v2.0_GBPUSD_4,2026-01-01T12:00:00,9960.56,0.75,0.00074
MeanReversion_v2.0_GBPUSD_4,2026-01-01T13:00:00,9957.55,0.78,-0.000302
MeanReversion_v2.0_GBPUSD_4,2026-01-01T14:00:00,9996.37,0.4,0.003899
MeanReversion_v2.0_GBPUSD_4,2026-01-01T15:00:00,10022.92,0.13,0.002656
MeanReversion_v2.0_GBPUSD_4,2026-01-01T16:00:00,10015.73,0.2,-0.000718
MeanReversion_v2.0_GBPUSD_4,2026-01-01T17:00:00,10002.37,0.34,-0.001334
MeanReversion_v2.0_GBPUSD_4,2026-01-01T18:00:00,10035.03,0.01,0.003265
MeanReversion_v2.0_GBPUSD_4,2026-01-01T19:00:00,10073.36,0.0,0.00382
MeanReversion_v2.0_GBPUSD_4,2026-01-01T20:00:00,10034.19,0.39,-0.003888
MeanReversion_v2.0_GBPUSD_4,2026-01-01T21:00:00,10041.08,0.32,0.000686
MeanReversion_v2.0_GBPUSD_4,2026-01-01T22:00:00,10041.04,0.32,-4e-06
MeanReversion_v2.0_GBPUSD_4,2026-01-01T23:00:00,10059.09,0.14,0.001798
MeanReversion_v2.0_GBPUSD_4,2026-01-02T00:00:00,10103.21,0.0,0.004385
MeanReversion_v2.0_GBPUSD_4,2026-01-02T01:00:00,10098.48,0.05,-0.000468
MeanReversion_v2.0_GBPUSD_4,2026-01-02T02:00:00,10061.91,0.41,-0.003621
MeanReversion_v2.0_GBPUSD_4,2026-01-02T03:00:00,10078.59,0.24,0.001658
MeanReversion_v2.0_GBPUSD_4,2026-01-02T04:00:00,10111.65,0.0,0.00328
MeanReversion_v2.0_GBPUSD_4,2026-01-02T05:00:00,10110.56,0.01,-0.000108
MeanReversion_v2.0_GBPUSD_4,2026-01-02T06:00:00,10101.36,0.1,-0.00091
MeanReversion_v2.0_GBPUSD_4,2026-01-02T07:00:00,10097.57,0.14,-0.000375
MeanReversion_v2.0_GBPUSD_4,2026-01-02T08:00:00,10119.79,0.0,0.0022
MeanReversion_v2.0_GBPUSD_4,2026-01-02T09:00:00,10115.65,0.04,-0.000409
MeanReversion_v2.0_GBPUSD_4,2026-01-02T10:00:00,10127.36,0.0,0.001158
MeanReversion_v2.0_GBPUSD_4,2026-01-02T11:00:00,10132.99,0.0,0.000556
MeanReversion_v2.0_GBPUSD_4,2026-01-02T12:00:00,10136.53,0.0,0.000349
MeanReversion_v2.0_GBPUSD_4,2026-01-02T13:00:00,10155.82,0.0,0.001903
MeanReversion_v2.0_GBPUSD_4,2026-01-02T14:00:00,10151.17,0.05,-0.000457
MeanReversion_v2.0_GBPUSD_4,2026-01-02T15:00:00,10147.51,0.08,-0.000361
MeanReversion_v2.0_GBPUSD_4,2026-01-02T16:00:00,10168.77,0.0,0.002095
MeanReversion_v2.0_GBPUSD_4,2026-01-02T17:00:00,10153.78,0.15,-0.001474
MeanReversion_v2.0_GBPUSD_4,2026-01-02T18:00:00,10140.98,0.27,-0.00126
MeanReversion_v2.0_GBPUSD_4,2026-01-02T19:00:00,10120.49,0.47,-0.002021
MeanReversion_v2.0_GBPUSD_4,2026-01-02T20:00:00,10142.74,0.26,0.002198
MeanReversion_v2.0_GBPUSD_4,2026-01-02T21:00:00,10145.67,0.23,0.00029
MeanReversion_v2.0_GBPUSD_4,2026-01-02T22:00:00,10124.09,0.44,-0.002127
MeanReversion_v2.0_GBPUSD_4,2026-01-02T23:00:00,10146.44,0.22,0.002208
MeanReversion_v2.0_GBPUSD_4,2026-01-03T00:00:00,10140.24,0.28,-0.000611
MeanReversion_v2.0_GBPUSD_4,2026-01-03T01:00:00,10127.63,0.4,-0.001243
MeanReversion_v2.0_GBPUSD_4,2026-01-03T02:00:00,10128.73,0.39,0.000109
MeanReversion_v2.0_GBPUSD_4,2026-01-03T03:00:00,10163.75,0.05,0.003457
MeanReversion_v2.0_GBPUSD_4,2026-01-03T04:00:00,10160.8,0.08,-0.00029
MeanReversion_v2.0_GBPUSD_4,2026-01-03T05:00:00,10177.58,0.0,0.001651
MeanReversion_v2.0_GBPUSD_4,2026-01-03T06:00:00,10197.47,0.0,0.001954
MeanReversion_v2.0_GBPUSD_4,2026-01-03T07:00:00,10211.6,0.0,0.001387
MeanReversion_v2.0_GBPUSD_4,2026-01-03T08:00:00,10242.67,0.0,0.003042
MeanReversion_v2.0_GBPUSD_4,2026-01-03T09:00:00,10233.31,0.09,-0.000914
MeanReversion_v2.0_GBPUSD_4,2026-01-03T10:00:00,10217.07,0.25,-0.001587
MeanReversion_v2.0_GBPUSD_4,2026-01-03T11:00:00,10200.46,0.41,-0.001626
MeanReversion_v2.0_GBPUSD_4,2026-01-03T12:00:00,10202.61,0.39,0.000211
MeanReversion_v2.0_GBPUSD_4,2026-01-03T13:00:00,10188.39,0.53,-0.001394
MeanReversion_v2.0_GBPUSD_4,2026-01-03T14:00:00,10196.49,0.45,0.000795
MeanReversion_v2.0_GBPUSD_4,2026-01-03T15:00:00,10203.16,0.39,0.000654
MeanReversion_v2.0_GBPUSD_4,2026-01-03T16:00:00,10229.04,0.13,0.002537
MeanReversion_v2.0_GBPUSD_4,2026-01-03T17:00:00,10240.11,0.02,0.001082
MeanReversion_v2.0_GBPUSD_4,2026-01-03T18:00:00,10236.71,0.06,-0.000332
MeanReversion_v2.0_GBPUSD_4,2026-01-03T19:00:00,10250.24,0.0,0.001322
MeanReversion_v2.0_GBPUSD_4,2026-01-03T20:00:00,10234.25,0.16,-0.00156
MeanReversion_v2.0_GBPUSD_4,2026-01-03T21:00:00,10238.58,0.11,0.000424
MeanReversion_v2.0_GBPUSD_4,2026-01-03T22:00:00,10250.24,0.0,0.001139
MeanReversion_v2.0_GBPUSD_4,2026-01-03T23:00:00,10258.02,0.0,0.000759
MeanReversion_v2.0_GBPUSD_4,2026-01-04T00:00:00,10271.66,0.0,0.00133
MeanReversion_v2.0_GBPUSD_4,2026-01-04T01:00:00,10263.57,0.08,-0.000788
MeanReversion_v2.0_GBPUSD_4,2026-01-04T02:00:00,10292.35,0.0,0.002804
MeanReversion_v2.0_GBPUSD_4,2026-01-04T03:00:00,10335.0,0.0,0.004144
MeanReversion_v2.0_GBPUSD_4,2026-01-04T04:00:00,10307.04,0.27,-0.002705
MeanReversion_v2.0_GBPUSD_4,2026-01-04T05:00:00,10287.14,0.46,-0.001931
MeanReversion_v2.0_GBPUSD_4,2026-01-04T06:00:00,10293.17,0.4,0.000586
MeanReversion_v2.0_GBPUSD_4,2026-01-04T07:00:00,10293.03,0.41,-1.3e-05
MeanReversion_v2.0_GBPUSD_4,2026-01-04T08:00:00,10337.22,0.0,0.004293
MeanReversion_v2.0_GBPUSD_4,2026-01-04T09:00:00,10346.93,0.0,0.00094
MeanReversion_v2.0_GBPUSD_4,2026-01-04T10:00:00,10380.92,0.0,0.003285
MeanReversion_v2.0_GBPUSD_4,2026-01-04T11:00:00,10343.57,0.36,-0.003598
MeanReversion_v2.0_GBPUSD_4,2026-01-04T12:00:00,10365.58,0.15,0.002128
MeanReversion_v2.0_GBPUSD_4,2026-01-04T13:00:00,10355.93,0.24,-0.000931
MeanReversion_v2.0_GBPUSD_4,2026-01-04T14:00:00,10345.96,0.34,-0.000963
MeanReversion_v2.0_GBPUSD_4,2026-01-04T15:00:00,10345.99,0.34,3e-06
MeanReversion_v2.0_GBPUSD_4,2026-01-04T16:00:00,10321.69,0.57,-0.002349
MeanReversion_v2.0_GBPUSD_4,2026-01-04T17:00:00,10335.99,0.43,0.001386
MeanReversion_v2.0_GBPUSD_4,2026-01-04T18:00:00,10345.1,0.35,0.000881
MeanReversion_v2.0_GBPUSD_4,2026-01-04T19:00:00,10355.78,0.24,0.001032
MeanReversion_v2.0_GBPUSD_4,2026-01-04T20:00:00,10379.33,0.02,0.002274
MeanReversion_v2.0_GBPUSD_4,2026-01-04T21:00:00,10415.96,0.0,0.00353
MeanReversion_v2.0_GBPUSD_4,2026-01-04T22:00:00,10413.6,0.02,-0.000227
MeanReversion_v2.0_GBPUSD_4,2026-01-04T23:00:00,10428.74,0.0,0.001455
MeanReversion_v2.0_GBPUSD_4,2026-01-05T00:00:00,10440.07,0.0,0.001086
MeanReversion_v2.0_GBPUSD_4,2026-01-05T01:00:00,10453.17,0.0,0.001255
MeanReversion_v2.0_GBPUSD_4,2026-01-05T02:00:00,10466.61,0.0,0.001285
MeanReversion_v2.0_GBPUSD_4,2026-01-05T03:00:00,10505.14,0.0,0.003681
MeanReversion_v2.0_GBPUSD_4,2026-01-05T04:00:00,10500.73,0.04,-0.000419
MeanReversion_v2.0_GBPUSD_4,2026-01-05T05:00:00,10473.94,0.3,-0.002551
MeanReversion_v2.0_GBPUSD_4,2026-01-05T06:00:00,10464.56,0.39,-0.000896
MeanReversion_v2.0_GBPUSD_4,2026-01-05T07:00:00,10485.64,0.19,0.002015
MeanReversion_v2.0_GBPUSD_4,2026-01-05T08:00:00,10491.37,0.13,0.000547
MeanReversion_v2.0_GBPUSD_4,2026-01-05T09:00:00,10486.8,0.17,-0.000435
MeanReversion_v2.0_GBPUSD_4,2026-01-05T10:00:00,10469.47,0.34,-0.001653
MeanReversion_v2.0_GBPUSD_4,2026-01-05T11:00:00,10479.34,0.25,0.000943
MeanReversion_v2.0_GBPUSD_4,2026-01-05T12:00:00,10498.09,0.07,0.001789
MeanReversion_v2.0_GBPUSD_4,2026-01-05T13:00:00,10509.76,0.0,0.001112
MeanReversion_v2.0_GBPUSD_4,2026-01-05T14:00:00,10509.69,0.0,-7e-06
MeanReversion_v2.0_GBPUSD_4,2026-01-05T15:00:00,10518.02,0.0,0.000793
MeanReversion_v2.0_GBPUSD_4,2026-01-05T16:00:00,10526.25,0.0,0.000782
MeanReversion_v2.0_GBPUSD_4,2026-01-05T17:00:00,10535.5,0.0,0.000879
MeanReversion_v2.0_GBPUSD_4,2026-01-05T18:00:00,10515.82,0.19,-0.001869
MeanReversion_v2.0_GBPUSD_4,2026-01-05T19:00:00,10525.22,0.1,0.000895
MeanReversion_v2.0_GBPUSD_4,2026-01-05T20:00:00,10521.21,0.14,-0.000381
MeanReversion_v2.0_GBPUSD_4,2026-01-05T21:00:00,10548.37,0.0,0.002581
MeanReversion_v2.0_GBPUSD_4,2026-01-05T22:00:00,10556.45,0.0,0.000766
MeanReversion_v2.0_GBPUSD_4,2026-01-05T23:00:00,10579.37,0.0,0.002171
MeanReversion_v2.0_GBPUSD_4,2026-01-06T00:00:00,10578.27,0.01,-0.000104
MeanReversion_v2.0_GBPUSD_4,2026-01-06T01:00:00,10577.94,0.01,-3.1e-05
MeanReversion_v2.0_GBPUSD_4,2026-01-06T02:00:00,10614.84,0.0,0.003489
MeanReversion_v2.0_GBPUSD_4,2026-01-06T03:00:00,10629.41,0.0,0.001373
MeanReversion_v2.0_GBPUSD_4,2026-01-06T04:00:00,10619.53,0.09,-0.000929
MeanReversion_v2.0_GBPUSD_4,2026-01-06T05:00:00,10643.89,0.0,0.002294
MeanReversion_v2.0_GBPUSD_4,2026-01-06T06:00:00,10637.86,0.06,-0.000567
MeanReversion_v2.0_GBPUSD_4,2026-01-06T07:00:00,10647.98,0.0,0.000951
MeanReversion_v2.0_GBPUSD_4,2026-01-06T08:00:00,10692.42,0.0,0.004173
MeanReversion_v2.0_GBPUSD_4,2026-01-06T09:00:00,10667.16,0.24,-0.002363
MeanReversion_v2.0_GBPUSD_4,2026-01-06T10:00:00,10668.74,0.22,0.000148
MeanReversion_v2.0_GBPUSD_4,2026-01-06T11:00:00,10682.79,0.09,0.001317
MeanReversion_v2.0_GBPUSD_4,2026-01-06T12:00:00,10704.47,0.0,0.002029
MeanReversion_v2.0_GBPUSD_4,2026-01-06T13:00:00,10683.25,0.2,-0.001982
MeanReversion_v2.0_GBPUSD_4,2026-01-06T14:00:00,10655.78,0.45,-0.002572
MeanReversion_v2.0_GBPUSD_4,2026-01-06T15:00:00,10684.35,0.19,0.002681
MeanReversion_v2.0_GBPUSD_4,2026-01-06T16:00:00,10674.3,0.28,-0.000941
MeanReversion_v2.0_GBPUSD_4,2026-01-06T17:00:00,10663.36,0.38,-0.001025
MeanReversion_v2.0_GBPUSD_4,2026-01-06T18:00:00,10701.75,0.03,0.0036
MeanReversion_v2.0_GBPUSD_4,2026-01-06T19:00:00,10708.6,0.0,0.000639
MeanReversion_v2.0_GBPUSD_4,2026-01-06T20:00:00,10715.58,0.0,0.000652
MeanReversion_v2.0_GBPUSD_4,2026-01-06T21:00:00,10717.09,0.0,0.00014
MeanReversion_v2.0_GBPUSD_4,2026-01-06T22:00:00,10696.21,0.19,-0.001948
MeanReversion_v2.0_GBPUSD_4,2026-01-06T23:00:00,10716.01,0.01,0.001851
MeanReversion_v2.0_GBPUSD_4,2026-01-07T00:00:00,10730.15,0.0,0.001319
MeanReversion_v2.0_GBPUSD_4,2026-01-07T01:00:00,10739.13,0.0,0.000837
MeanReversion_v2.0_GBPUSD_4,2026-01-07T02:00:00,10742.0,0.0,0.000267
MeanReversion_v2.0_GBPUSD_4,2026-01-07T03:00:00,10741.09,0.01,-8.5e-05
MeanReversion_v2.0_GBPUSD_4,2026-01-07T04:00:00,10766.07,0.0,0.002325
MeanReversion_v2.0_GBPUSD_4,2026-01-07T05:00:00,10768.41,0.0,0.000217
MeanReversion_v2.0_GBPUSD_4,2026-01-07T06:00:00,10772.41,0.0,0.000372
MeanReversion_v2.0_GBPUSD_4,2026-01-07T07:00:00,10789.22,0.0,0.00156
MeanReversion_v2.0_GBPUSD_4,2026-01-07T08:00:00,10799.1,0.0,0.000916
MeanReversion_v2.0_GBPUSD_4,2026-01-07T09:00:00,10839.97,0.0,0.003785
MeanReversion_v2.0_GBPUSD_4,2026-01-07T10:00:00,10807.2,0.3,-0.003023
MeanReversion_v2.0_GBPUSD_4,2026-01-07T11:00:00,10819.09,0.19,0.0011
MeanReversion_v2.0_GBPUSD_4,2026-01-07T12:00:00,10809.23,0.28,-0.000911
MeanReversion_v2.0_GBPUSD_4,2026-01-07T13:00:00,10794.27,0.42,-0.001384
MeanReversion_v2.0_GBPUSD_4,2026-01-07T14:00:00,10789.8,0.46,-0.000414
MeanReversion_v2.0_GBPUSD_4,2026-01-07T15:00:00,10796.37,0.4,0.000609
MeanReversion_v2.0_GBPUSD_4,2026-01-07T16:00:00,10803.91,0.33,0.000698
MeanReversion_v2.0_GBPUSD_4,2026-01-07T17:00:00,10776.52,0.59,-0.002535
MeanReversion_v2.0_GBPUSD_4,2026-01-07T18:00:00,10770.25,0.64,-0.000582
MeanReversion_v2.0_GBPUSD_4,2026-01-07T19:00:00,10781.69,0.54,0.001062
MeanReversion_v2.0_GBPUSD_4,2026-01-07T20:00:00,10768.18,0.66,-0.001254
MeanReversion_v2.0_GBPUSD_4,2026-01-07T21:00:00,10749.55,0.83,-0.00173
MeanReversion_v2.0_GBPUSD_4,2026-01-07T22:00:00,10706.42,1.23,-0.004012
MeanReversion_v2.0_GBPUSD_4,2026-01-07T23:00:00,10697.57,1.31,-0.000826
MeanReversion_v2.0_GBPUSD_4,2026-01-08T00:00:00,10678.33,1.49,-0.001799
MeanReversion_v2.0_GBPUSD_4,2026-01-08T01:00:00,10662.65,1.64,-0.001468
MeanReversion_v2.0_GBPUSD_4,2026-01-08T02:00:00,10662.19,1.64,-4.4e-05
MeanReversion_v2.0_GBPUSD_4,2026-01-08T03:00:00,10654.73,1.71,-0.0007
MeanReversion_v2.0_GBPUSD_4,2026-01-08T04:00:00,10635.2,1.89,-0.001832
MeanReversion_v2.0_GBPUSD_4,2026-01-08T05:00:00,10595.51,2.26,-0.003732
MeanReversion_v2.0_GBPUSD_4,2026-01-08T06:00:00,10607.22,2.15,0.001105
MeanReversion_v2.0_GBPUSD_4,2026-01-08T07:00:00,10628.49,1.95,0.002006
MeanReversion_v2.0_GBPUSD_4,2026-01-08T08:00:00,10625.37,1.98,-0.000293
MeanReversion_v2.0_GBPUSD_4,2026-01-08T09:00:00,10625.04,1.98,-3.2e-05
MeanReversion_v2.0_GBPUSD_4,2026-01-08T10:00:00,10630.41,1.93,0.000506
MeanReversion_v2.0_GBPUSD_4,2026-01-08T11:00:00,10669.29,1.57,0.003658
MeanReversion_v2.0_GBPUSD_4,2026-01-08T12:00:00,10641.17,1.83,-0.002635
MeanReversion_v2.0_GBPUSD_4,2026-01-08T13:00:00,10637.67,1.87,-0.000329
MeanReversion_v2.0_GBPUSD_4,2026-01-08T14:00:00,10606.36,2.16,-0.002944
MeanReversion_v2.0_GBPUSD_4,2026-01-08T15:00:00,10619.35,2.04,0.001225
MeanReversion_v2.0_GBPUSD_4,2026-01-08T16:00:00,10621.6,2.01,0.000212
MeanReversion_v2.0_GBPUSD_4,2026-01-08T17:00:00,10631.22,1.93,0.000906
MeanReversion_v2.0_GBPUSD_4,2026-01-08T18:00:00,10639.79,1.85,0.000806
MeanReversion_v2.0_GBPUSD_4,2026-01-08T19:00:00,10666.19,1.6,0.002481
MeanReversion_v2.0_GBPUSD_4,2026-01-08T20:00:00,10683.01,1.45,0.001576
MeanReversion_v2.0_GBPUSD_4,2026-01-08T21:00:00,10706.09,1.24,0.002161
MeanReversion_v2.0_GBPUSD_4,2026-01-08T22:00:00,10688.63,1.4,-0.001631
MeanReversion_v2.0_GBPUSD_4,2026-01-08T23:00:00,10719.48,1.11,0.002886
MeanReversion_v2.0_GBPUSD_4,2026-01-09T00:00:00,10709.35,1.2,-0.000945
MeanReversion_v2.0_GBPUSD_4,2026-01-09T01:00:00,10700.47,1.29,-0.00083
MeanReversion_v2.0_GBPUSD_4,2026-01-09T02:00:00,10711.61,1.18,0.001042
MeanReversion_v2.0_GBPUSD_4,2026-01-09T03:00:00,10723.44,1.07,0.001104
MeanReversion_v2.0_GBPUSD_4,2026-01-09T04:00:00,10705.81,1.24,-0.001644
MeanReversion_v2.0_GBPUSD_4,2026-01-09T05:00:00,10707.46,1.22,0.000153
MeanReversion_v2.0_GBPUSD_4,2026-01-09T06:00:00,10744.68,0.88,0.003476
MeanReversion_v2.0_GBPUSD_4,2026-01-09T07:00:00,10718.5,1.12,-0.002437
MeanReversion_v2.0_GBPUSD_4,2026-01-09T08:00:00,10755.7,0.78,0.00347
MeanReversion_v2.0_GBPUSD_4,2026-01-09T09:00:00,10755.87,0.78,1.7e-05
MeanReversion_v2.0_GBPUSD_4,2026-01-09T10:00:00,10710.96,1.19,-0.004176
MeanReversion_v2.0_GBPUSD_4,2026-01-09T11:00:00,10687.04,1.41,-0.002233
MeanReversion_v2.0_GBPUSD_4,2026-01-09T12:00:00,10671.79,1.55,-0.001427
MeanReversion_v2.0_GBPUSD_4,2026-01-09T13:00:00,10663.81,1.63,-0.000748
MeanReversion_v2.0_GBPUSD_4,2026-01-09T14:00:00,10666.91,1.6,0.000291
MeanReversion_v2.0_GBPUSD_4,2026-01-09T15:00:00,10614.57,2.08,-0.004907
MeanReversion_v2.0_GBPUSD_4,2026-01-09T16:00:00,10623.84,1.99,0.000874
MeanReversion_v2.0_GBPUSD_4,2026-01-09T17:00:00,10606.73,2.15,-0.00161
MeanReversion_v2.0_GBPUSD_4,2026-01-09T18:00:00,10641.53,1.83,0.003281
MeanReversion_v2.0_GBPUSD_4,2026-01-09T19:00:00,10641.1,1.83,-4e-05
MeanReversion_v2.0_GBPUSD_4,2026-01-09T20:00:00,10666.49,1.6,0.002386
MeanReversion_v2.0_GBPUSD_4,2026-01-09T21:00:00,10695.51,1.33,0.002721
MeanReversion_v2.0_GBPUSD_4,2026-01-09T22:00:00,10724.03,1.07,0.002667
MeanReversion_v2.0_GBPUSD_4,2026-01-09T23:00:00,10717.25,1.13,-0.000633
MeanReversion_v2.0_GBPUSD_4,2026-01-10T00:00:00,10710.19,1.2,-0.000658
MeanReversion_v2.0_GBPUSD_4,2026-01-10T01:00:00,10710.72,1.19,5e-05
MeanReversion_v2.0_GBPUSD_4,2026-01-10T02:00:00,10729.71,1.02,0.001772
MeanReversion_v2.0_GBPUSD_4,2026-01-10T03:00:00,10724.12,1.07,-0.000521
MeanReversion_v2.0_GBPUSD_4,2026-01-10T04:00:00,10726.92,1.04,0.000261
MeanReversion_v2.0_GBPUSD_4,2026-01-10T05:00:00,10738.15,0.94,0.001047
MeanReversion_v2.0_GBPUSD_4,2026-01-10T06:00:00,10724.09,1.07,-0.00131
MeanReversion_v2.0_GBPUSD_4,2026-01-10T07:00:00,10708.69,1.21,-0.001436
MeanReversion_v2.0_GBPUSD_4,2026-01-10T08:00:00,10710.65,1.19,0.000183
MeanReversion_v2.0_GBPUSD_4,2026-01-10T09:00:00,10715.45,1.15,0.000448
MeanReversion_v2.0_GBPUSD_4,2026-01-10T10:00:00,10730.11,1.01,0.001368
MeanReversion_v2.0_GBPUSD_4,2026-01-10T11:00:00,10749.89,0.83,0.001844
MeanReversion_v2.0_GBPUSD_4,2026-01-10T12:00:00,10731.64,1.0,-0.001698
MeanReversion_v2.0_GBPUSD_4,2026-01-10T13:00:00,10719.57,1.11,-0.001124
MeanReversion_v2.0_GBPUSD_4,2026-01-10T14:00:00,10704.12,1.25,-0.001442
MeanReversion_v2.0_GBPUSD_4,2026-01-10T15:00:00,10739.71,0.92,0.003325
MeanReversion_v2.0_GBPUSD_4,2026-01-10T16:00:00,10742.5,0.9,0.000259
MeanReversion_v2.0_GBPUSD_4,2026-01-10T17:00:00,10748.22,0.85,0.000532
MeanReversion_v2.0_GBPUSD_4,2026-01-10T18:00:00,10754.83,0.79,0.000616
MeanReversion_v2.0_GBPUSD_4,2026-01-10T19:00:00,10744.82,0.88,-0.000931
MeanReversion_v2.0_GBPUSD_4,2026-01-10T20:00:00,10783.8,0.52,0.003629
MeanReversion_v2.0_GBPUSD_4,2026-01-10T21:00:00,10798.06,0.39,0.001322
MeanReversion_v2.0_GBPUSD_4,2026-01-10T22:00:00,10804.31,0.33,0.000579
MeanReversion_v2.0_GBPUSD_4,2026-01-10T23:00:00,10785.83,0.5,-0.001711
MeanReversion_v2.0_GBPUSD_4,2026-01-11T00:00:00,10766.16,0.68,-0.001824
MeanReversion_v2.0_GBPUSD_4,2026-01-11T01:00:00,10764.89,0.69,-0.000118
MeanReversion_v2.0_GBPUSD_4,2026-01-11T02:00:00,10755.2,0.78,-0.0009
MeanReversion_v2.0_GBPUSD_4,2026-01-11T03:00:00,10737.62,0.94,-0.001635
MeanReversion_v2.0_GBPUSD_4,2026-01-11T04:00:00,10735.02,0.97,-0.000242
MeanReversion_v2.0_GBPUSD_4,2026-01-11T05:00:00,10735.74,0.96,6.7e-05
MeanReversion_v2.0_GBPUSD_4,2026-01-11T06:00:00,10744.16,0.88,0.000784
MeanReversion_v2.0_GBPUSD_4,2026-01-11T07:00:00,10738.7,0.93,-0.000508
MeanReversion_v2.0_GBPUSD_4,2026-01-11T08:00:00,10722.43,1.08,-0.001515
MeanReversion_v2.0_GBPUSD_4,2026-01-11T09:00:00,10706.93,1.23,-0.001446
MeanReversion_v2.0_GBPUSD_4,2026-01-11T10:00:00,10738.25,0.94,0.002926
MeanReversion_v2.0_GBPUSD_4,2026-01-11T11:00:00,10716.74,1.14,-0.002004
MeanReversion_v2.0_GBPUSD_4,2026-01-11T12:00:00,10729.88,1.02,0.001226
MeanReversion_v2.0_GBPUSD_4,2026-01-11T13:00:00,10746.4,0.86,0.001539
MeanReversion_v2.0_GBPUSD_4,2026-01-11T14:00:00,10749.16,0.84,0.000257
MeanReversion_v2.0_GBPUSD_4,2026-01-11T15:00:00,10792.54,0.44,0.004036
MeanReversion_v2.0_GBPUSD_4,2026-01-11T16:00:00,10808.77,0.29,0.001503
MeanReversion_v2.0_GBPUSD_4,2026-01-11T17:00:00,10854.01,0.0,0.004186
MeanReversion_v2.0_GBPUSD_4,2026-01-11T18:00:00,10845.31,0.08,-0.000802
MeanReversion_v2.0_GBPUSD_4,2026-01-11T19:00:00,10836.98,0.16,-0.000768
MeanReversion_v2.0_GBPUSD_4,2026-01-11T20:00:00,10853.83,0.0,0.001555
MeanReversion_v2.0_GBPUSD_4,2026-01-11T21:00:00,10853.58,0.0,-2.3e-05
MeanReversion_v2.0_GBPUSD_4,2026-01-11T22:00:00,10895.6,0.0,0.003871
MeanReversion_v2.0_GBPUSD_4,2026-01-11T23:00:00,10908.49,0.0,0.001183
MeanReversion_v2.0_GBPUSD_4,2026-01-12T00:00:00,10891.16,0.16,-0.001589
MeanReversion_v2.0_GBPUSD_4,2026-01-12T01:00:00,10858.77,0.46,-0.002974
MeanReversion_v2.0_GBPUSD_4,2026-01-12T02:00:00,10862.5,0.42,0.000344
MeanReversion_v2.0_GBPUSD_4,2026-01-12T03:00:00,10866.0,0.39,0.000322
MeanReversion_v2.0_GBPUSD_4,2026-01-12T04:00:00,10878.25,0.28,0.001128
MeanReversion_v2.0_GBPUSD_4,2026-01-12T05:00:00,10910.03,0.0,0.002921
MeanReversion_v2.0_GBPUSD_4,2026-01-12T06:00:00,10939.03,0.0,0.002658
MeanReversion_v2.0_GBPUSD_4,2026-01-12T07:00:00,10931.83,0.07,-0.000658
MeanReversion_v2.0_GBPUSD_4,2026-01-12T08:00:00,10909.01,0.27,-0.002088
MeanReversion_v2.0_GBPUSD_4,2026-01-12T09:00:00,10887.54,0.47,-0.001968
MeanReversion_v2.0_GBPUSD_4,2026-01-12T10:00:00,10876.94,0.57,-0.000974
MeanReversion_v2.0_GBPUSD_4,2026-01-12T11:00:00,10874.4,0.59,-0.000233
MeanReversion_v2.0_GBPUSD_4,2026-01-12T12:00:00,10886.47,0.48,0.00111
MeanReversion_v2.0_GBPUSD_4,2026-01-12T13:00:00,10874.48,0.59,-0.001102
MeanReversion_v2.0_GBPUSD_4,2026-01-12T14:00:00,10886.01,0.48,0.001061
MeanReversion_v2.0_GBPUSD_4,2026-01-12T15:00:00,10899.34,0.36,0.001224
MeanReversion_v2.0_GBPUSD_4,2026-01-12T16:00:00,10907.91,0.28,0.000787
MeanReversion_v2.0_GBPUSD_4,2026-01-12T17:00:00,10888.74,0.46,-0.001757
MeanReversion_v2.0_GBPUSD_4,2026-01-12T18:00:00,10904.38,0.32,0.001436
MeanReversion_v2.0_GBPUSD_4,2026-01-12T19:00:00,10955.22,0.0,0.004663
MeanReversion_v2.0_GBPUSD_4,2026-01-12T20:00:00,10966.08,0.0,0.000992
MeanReversion_v2.0_GBPUSD_4,2026-01-12T21:00:00,10906.8,0.54,-0.005406
MeanReversion_v2.0_GBPUSD_4,2026-01-12T22:00:00,10939.32,0.24,0.002982
MeanReversion_v2.0_GBPUSD_4,2026-01-12T23:00:00,10929.42,0.33,-0.000905
MeanReversion_v2.0_GBPUSD_4,2026-01-13T00:00:00,10984.41,0.0,0.005031
MeanReversion_v2.0_GBPUSD_4,2026-01-13T01:00:00,10992.45,0.0,0.000733
MeanReversion_v2.0_GBPUSD_4,2026-01-13T02:00:00,10960.91,0.29,-0.002869
MeanReversion_v2.0_GBPUSD_4,2026-01-13T03:00:00,10921.13,0.65,-0.003629
MeanReversion_v2.0_GBPUSD_4,2026-01-13T04:00:00,10960.22,0.29,0.003579
MeanReversion_v2.0_GBPUSD_4,2026-01-13T05:00:00,10989.95,0.02,0.002712
MeanReversion_v2.0_GBPUSD_4,2026-01-13T06:00:00,11044.37,0.0,0.004952
MeanReversion_v2.0_GBPUSD_4,2026-01-13T07:00:00,11050.13,0.0,0.000522
MeanReversion_v2.0_GBPUSD_4,2026-01-13T08:00:00,11054.41,0.0,0.000387
MeanReversion_v2.0_GBPUSD_4,2026-01-13T09:00:00,11051.47,0.03,-0.000265
MeanReversion_v2.0_GBPUSD_4,2026-01-13T10:00:00,11042.45,0.11,-0.000817
MeanReversion_v2.0_GBPUSD_4,2026-01-13T11:00:00,11039.3,0.14,-0.000285
MeanReversion_v2.0_GBPUSD_4,2026-01-13T12:00:00,11049.62,0.04,0.000935
MeanReversion_v2.0_GBPUSD_4,2026-01-13T13:00:00,11036.5,0.16,-0.001188
MeanReversion_v2.0_GBPUSD_4,2026-01-13T14:00:00,11005.17,0.45,-0.002839
MeanReversion_v2.0_GBPUSD_4,2026-01-13T15:00:00,11014.19,0.36,0.00082
MeanReversion_v2.0_GBPUSD_4,2026-01-13T16:00:00,11000.62,0.49,-0.001232
MeanReversion_v2.0_GBPUSD_4,2026-01-13T17:00:00,10934.85,1.08,-0.005979
MeanReversion_v2.0_GBPUSD_4,2026-01-13T18:00:00,10952.4,0.92,0.001605
MeanReversion_v2.0_GBPUSD_4,2026-01-13T19:00:00,10933.6,1.09,-0.001716
MeanReversion_v2.0_GBPUSD_4,2026-01-13T20:00:00,10953.54,0.91,0.001824
MeanReversion_v2.0_GBPUSD_4,2026-01-13T21:00:00,10972.99,0.74,0.001776
MeanReversion_v2.0_GBPUSD_4,2026-01-13T22:00:00,10984.7,0.63,0.001067
MeanReversion_v2.0_GBPUSD_4,2026-01-13T23:00:00,11045.05,0.08,0.005494
MeanReversion_v2.0_GBPUSD_4,2026-01-14T00:00:00,11047.52,0.06,0.000224
MeanReversion_v2.0_GBPUSD_4,2026-01-14T01:00:00,11046.73,0.07,-7.1e-05
MeanReversion_v2.0_GBPUSD_4,2026-01-14T02:00:00,11067.36,0.0,0.001867
MeanReversion_v2.0_GBPUSD_4,2026-01-14T03:00:00,11071.67,0.0,0.000389
MeanReversion_v2.0_GBPUSD_4,2026-01-14T04:00:00,11102.9,0.0,0.002821
MeanReversion_v2.0_GBPUSD_4,2026-01-14T05:00:00,11080.28,0.2,-0.002038
MeanReversion_v2.0_GBPUSD_4,2026-01-14T06:00:00,11058.07,0.4,-0.002004
MeanReversion_v2.0_GBPUSD_4,2026-01-14T07:00:00,11080.54,0.2,0.002032
MeanReversion_v2.0_GBPUSD_4,2026-01-14T08:00:00,11060.26,0.38,-0.00183
MeanReversion_v2.0_GBPUSD_4,2026-01-14T09:00:00,11079.27,0.21,0.001718
MeanReversion_v2.0_GBPUSD_4,2026-01-14T10:00:00,11093.0,0.09,0.00124
MeanReversion_v2.0_GBPUSD_4,2026-01-14T11:00:00,11083.14,0.18,-0.000889
MeanReversion_v2.0_GBPUSD_4,2026-01-14T12:00:00,11096.82,0.05,0.001234
MeanReversion_v2.0_GBPUSD_4,2026-01-14T13:00:00,11074.97,0.25,-0.001969
MeanReversion_v2.0_GBPUSD_4,2026-01-14T14:00:00,11058.36,0.4,-0.0015
MeanReversion_v2.0_GBPUSD_4,2026-01-14T15:00:00,11058.64,0.4,2.6e-05
MeanReversion_v2.0_GBPUSD_4,2026-01-14T16:00:00,11065.92,0.33,0.000658
MeanReversion_v2.0_GBPUSD_4,2026-01-14T17:00:00,11064.73,0.34,-0.000107
MeanReversion_v2.0_GBPUSD_4,2026-01-14T18:00:00,11079.85,0.21,0.001366
MeanReversion_v2.0_GBPUSD_4,2026-01-14T19:00:00,11094.0,0.08,0.001277
MeanReversion_v2.0_GBPUSD_4,2026-01-14T20:00:00,11133.48,0.0,0.003559
MeanReversion_v2.0_GBPUSD_4,2026-01-14T21:00:00,11136.92,0.0,0.000309
MeanReversion_v2.0_GBPUSD_4,2026-01-14T22:00:00,11169.1,0.0,0.002889
MeanReversion_v2.0_GBPUSD_4,2026-01-14T23:00:00,11195.25,0.0,0.002341
MeanReversion_v2.0_GBPUSD_4,2026-01-15T00:00:00,11252.21,0.0,0.005088
MeanReversion_v2.0_GBPUSD_4,2026-01-15T01:00:00,11254.97,0.0,0.000245
MeanReversion_v2.0_GBPUSD_4,2026-01-15T02:00:00,11251.14,0.03,-0.000341
MeanReversion_v2.0_GBPUSD_4,2026-01-15T03:00:00,11285.07,0.0,0.003015
MeanReversion_v2.0_GBPUSD_4,2026-01-15T04:00:00,11299.41,0.0,0.001271
MeanReversion_v2.0_GBPUSD_4,2026-01-15T05:00:00,11334.02,0.0,0.003063
MeanReversion_v2.0_GBPUSD_4,2026-01-15T06:00:00,11355.94,0.0,0.001934
MeanReversion_v2.0_GBPUSD_4,2026-01-15T07:00:00,11313.77,0.37,-0.003714
MeanReversion_v2.0_GBPUSD_4,2026-01-15T08:00:00,11327.94,0.25,0.001253
MeanReversion_v2.0_GBPUSD_4,2026-01-15T09:00:00,11340.65,0.13,0.001122
MeanReversion_v2.0_GBPUSD_4,2026-01-15T10:00:00,11349.34,0.06,0.000766
MeanReversion_v2.0_GBPUSD_4,2026-01-15T11:00:00,11352.02,0.03,0.000236
MeanReversion_v2.0_GBPUSD_4,2026-01-15T12:00:00,11321.54,0.3,-0.002684
MeanReversion_v2.0_GBPUSD_4,2026-01-15T13:00:00,11347.0,0.08,0.002248
MeanReversion_v2.0_GBPUSD_4,2026-01-15T14:00:00,11361.15,0.0,0.001248
MeanReversion_v2.0_GBPUSD_4,2026-01-15T15:00:00,11391.87,0.0,0.002704
MeanReversion_v2.0_GBPUSD_4,2026-01-15T16:00:00,11362.51,0.26,-0.002578
MeanReversion_v2.0_GBPUSD_4,2026-01-15T17:00:00,11379.72,0.11,0.001514
MeanReversion_v2.0_GBPUSD_4,2026-01-15T18:00:00,11380.07,0.1,3.1e-05
MeanReversion_v2.0_GBPUSD_4,2026-01-15T19:00:00,11389.03,0.02,0.000788
MeanReversion_v2.0_GBPUSD_4,2026-01-15T20:00:00,11389.64,0.02,5.4e-05
MeanReversion_v2.0_GBPUSD_4,2026-01-15T21:00:00,11407.72,0.0,0.001587
MeanReversion_v2.0_GBPUSD_4,2026-01-15T22:00:00,11409.71,0.0,0.000174
MeanReversion_v2.0_GBPUSD_4,2026-01-15T23:00:00,11391.41,0.16,-0.001604
MeanReversion_v2.0_GBPUSD_4,2026-01-16T00:00:00,11399.07,0.09,0.000673
MeanReversion_v2.0_GBPUSD_4,2026-01-16T01:00:00,11399.89,0.09,7.2e-05
MeanReversion_v2.0_GBPUSD_4,2026-01-16T02:00:00,11403.69,0.05,0.000333
MeanReversion_v2.0_GBPUSD_4,2026-01-16T03:00:00,11336.68,0.64,-0.005876
MeanReversion_v2.0_GBPUSD_4,2026-01-16T04:00:00,11357.83,0.45,0.001865
MeanReversion_v2.0_GBPUSD_4,2026-01-16T05:00:00,11356.36,0.47,-0.000129
MeanReversion_v2.0_GBPUSD_4,2026-01-16T06:00:00,11331.42,0.69,-0.002196
MeanReversion_v2.0_GBPUSD_4,2026-01-16T07:00:00,11357.99,0.45,0.002345
MeanReversion_v2.0_GBPUSD_4,2026-01-16T08:00:00,11378.13,0.28,0.001773
MeanReversion_v2.0_GBPUSD_4,2026-01-16T09:00:00,11376.37,0.29,-0.000155
MeanReversion_v2.0_GBPUSD_4,2026-01-16T10:00:00,11355.84,0.47,-0.001804
MeanReversion_v2.0_GBPUSD_4,2026-01-16T11:00:00,11365.56,0.39,0.000856
MeanReversion_v2.0_GBPUSD_4,2026-01-16T12:00:00,11374.04,0.31,0.000746
MeanReversion_v2.0_GBPUSD_4,2026-01-16T13:00:00,11400.76,0.08,0.002349
MeanReversion_v2.0_GBPUSD_4,2026-01-16T14:00:00,11396.34,0.12,-0.000387
MeanReversion_v2.0_GBPUSD_4,2026-01-16T15:00:00,11429.27,0.0,0.00289
MeanReversion_v2.0_GBPUSD_4,2026-01-16T16:00:00,11422.64,0.06,-0.000581
MeanReversion_v2.0_GBPUSD_4,2026-01-16T17:00:00,11397.6,0.28,-0.002192
MeanReversion_v2.0_GBPUSD_4,2026-01-16T18:00:00,11377.49,0.45,-0.001765
MeanReversion_v2.0_GBPUSD_4,2026-01-16T19:00:00,11381.76,0.42,0.000375
MeanReversion_v2.0_GBPUSD_4,2026-01-16T20:00:00,11385.96,0.38,0.000369
MeanReversion_v2.0_GBPUSD_4,2026-01-16T21:00:00,11399.12,0.26,0.001156
MeanReversion_v2.0_GBPUSD_4,2026-01-16T22:00:00,11402.76,0.23,0.000319
MeanReversion_v2.0_GBPUSD_4,2026-01-16T23:00:00,11430.75,0.0,0.002455
MeanReversion_v2.0_GBPUSD_4,2026-01-17T00:00:00,11430.49,0.0,-2.2e-05
MeanReversion_v2.0_GBPUSD_4,2026-01-17T01:00:00,11390.57,0.35,-0.003493
MeanReversion_v2.0_GBPUSD_4,2026-01-17T02:00:00,11393.51,0.33,0.000258
MeanReversion_v2.0_GBPUSD_4,2026-01-17T03:00:00,11353.48,0.68,-0.003514
MeanReversion_v2.0_GBPUSD_4,2026-01-17T04:00:00,11365.32,0.57,0.001043
MeanReversion_v2.0_GBPUSD_4,2026-01-17T05:00:00,11395.03,0.31,0.002614
MeanReversion_v2.0_GBPUSD_4,2026-01-17T06:00:00,11378.25,0.46,-0.001472
MeanReversion_v2.0_GBPUSD_4,2026-01-17T07:00:00,11416.22,0.13,0.003337
MeanReversion_v2.0_GBPUSD_4,2026-01-17T08:00:00,11441.17,0.0,0.002186
MeanReversion_v2.0_GBPUSD_4,2026-01-17T09:00:00,11474.5,0.0,0.002913
MeanReversion_v2.0_GBPUSD_4,2026-01-17T10:00:00,11484.59,0.0,0.000879
MeanReversion_v2.0_GBPUSD_4,2026-01-17T11:00:00,11467.53,0.15,-0.001486
MeanReversion_v2.0_GBPUSD_4,2026-01-17T12:00:00,11491.17,0.0,0.002062
MeanReversion_v2.0_GBPUSD_4,2026-01-17T13:00:00,11482.56,0.07,-0.000749
MeanReversion_v2.0_GBPUSD_4,2026-01-17T14:00:00,11491.01,0.0,0.000736
MeanReversion_v2.0_GBPUSD_4,2026-01-17T15:00:00,11492.82,0.0,0.000157
MeanReversion_v2.0_GBPUSD_4,2026-01-17T16:00:00,11524.41,0.0,0.002749
MeanReversion_v2.0_GBPUSD_4,2026-01-17T17:00:00,11547.01,0.0,0.001961
MeanReversion_v2.0_GBPUSD_4,2026-01-17T18:00:00,11550.92,0.0,0.000339
MeanReversion_v2.0_GBPUSD_4,2026-01-17T19:00:00,11511.61,0.34,-0.003403
MeanReversion_v2.0_GBPUSD_4,2026-01-17T20:00:00,11502.74,0.42,-0.00077
MeanReversion_v2.0_GBPUSD_4,2026-01-17T21:00:00,11524.7,0.23,0.001908
MeanReversion_v2.0_GBPUSD_4,2026-01-17T22:00:00,11536.91,0.12,0.00106
MeanReversion_v2.0_GBPUSD_4,2026-01-17T23:00:00,11508.0,0.37,-0.002506
MeanReversion_v2.0_GBPUSD_4,2026-01-18T00:00:00,11472.17,0.68,-0.003113
MeanReversion_v2.0_GBPUSD_4,2026-01-18T01:00:00,11482.39,0.59,0.000891
MeanReversion_v2.0_GBPUSD_4,2026-01-18T02:00:00,11463.86,0.75,-0.001614
MeanReversion_v2.0_GBPUSD_4,2026-01-18T03:00:00,11447.56,0.89,-0.001422
MeanReversion_v2.0_GBPUSD_4,2026-01-18T04:00:00,11468.69,0.71,0.001845
MeanReversion_v2.0_GBPUSD_4,2026-01-18T05:00:00,11502.0,0.42,0.002904
MeanReversion_v2.0_GBPUSD_4,2026-01-18T06:00:00,11490.48,0.52,-0.001001
MeanReversion_v2.0_GBPUSD_4,2026-01-18T07:00:00,11495.19,0.48,0.00041
MeanReversion_v2.0_GBPUSD_4,2026-01-18T08:00:00,11499.24,0.45,0.000352
MeanReversion_v2.0_GBPUSD_4,2026-01-18T09:00:00,11501.21,0.43,0.000172
MeanReversion_v2.0_GBPUSD_4,2026-01-18T10:00:00,11507.89,0.37,0.000581
MeanReversion_v2.0_GBPUSD_4,2026-01-18T11:00:00,11531.06,0.17,0.002013
MeanReversion_v2.0_GBPUSD_4,2026-01-18T12:00:00,11521.28,0.26,-0.000848
MeanReversion_v2.0_GBPUSD_4,2026-01-18T13:00:00,11491.9,0.51,-0.002551
MeanReversion_v2.0_GBPUSD_4,2026-01-18T14:00:00,11536.48,0.12,0.00388
MeanReversion_v2.0_GBPUSD_4,2026-01-18T15:00:00,11567.39,0.0,0.002679
MeanReversion_v2.0_GBPUSD_4,2026-01-18T16:00:00,11547.64,0.17,-0.001707
MeanReversion_v2.0_GBPUSD_4,2026-01-18T17:00:00,11556.55,0.09,0.000771
MeanReversion_v2.0_GBPUSD_4,2026-01-18T18:00:00,11585.69,0.0,0.002521
MeanReversion_v2.0_GBPUSD_4,2026-01-18T19:00:00,11608.83,0.0,0.001998
MeanReversion_v2.0_GBPUSD_4,2026-01-18T20:00:00,11625.37,0.0,0.001424
MeanReversion_v2.0_GBPUSD_4,2026-01-18T21:00:00,11627.22,0.0,0.00016
MeanReversion_v2.0_GBPUSD_4,2026-01-18T22:00:00,11673.2,0.0,0.003955
MeanReversion_v2.0_GBPUSD_4,2026-01-18T23:00:00,11684.19,0.0,0.000942
MeanReversion_v2.0_GBPUSD_4,2026-01-19T00:00:00,11678.0,0.05,-0.00053
MeanReversion_v2.0_GBPUSD_4,2026-01-19T01:00:00,11704.19,0.0,0.002242
MeanReversion_v2.0_GBPUSD_4,2026-01-19T02:00:00,11712.29,0.0,0.000692
MeanReversion_v2.0_GBPUSD_4,2026-01-19T03:00:00,11726.34,0.0,0.0012
MeanReversion_v2.0_GBPUSD_4,2026-01-19T04:00:00,11736.97,0.0,0.000906
MeanReversion_v2.0_GBPUSD_4,2026-01-19T05:00:00,11754.5,0.0,0.001494
MeanReversion_v2.0_GBPUSD_4,2026-01-19T06:00:00,11737.37,0.15,-0.001457
MeanReversion_v2.0_GBPUSD_4,2026-01-19T07:00:00,11709.17,0.39,-0.002402
MeanReversion_v2.0_GBPUSD_4,2026-01-19T08:00:00,11748.61,0.05,0.003368
MeanReversion_v2.0_GBPUSD_4,2026-01-19T09:00:00,11760.35,0.0,0.000999
MeanReversion_v2.0_GBPUSD_4,2026-01-19T10:00:00,11784.36,0.0,0.002042
MeanReversion_v2.0_GBPUSD_4,2026-01-19T11:00:00,11748.78,0.3,-0.00302
MeanReversion_v2.0_GBPUSD_4,2026-01-19T12:00:00,11779.72,0.04,0.002633
MeanReversion_v2.0_GBPUSD_4,2026-01-19T13:00:00,11773.32,0.09,-0.000543
MeanReversion_v2.0_GBPUSD_4,2026-01-19T14:00:00,11760.23,0.2,-0.001112
MeanReversion_v2.0_GBPUSD_4,2026-01-19T15:00:00,11764.62,0.17,0.000373
MeanReversion_v2.0_GBPUSD_4,2026-01-19T16:00:00,11747.49,0.31,-0.001456
MeanReversion_v2.0_GBPUSD_4,2026-01-19T17:00:00,11753.32,0.26,0.000497
MeanReversion_v2.0_GBPUSD_4,2026-01-19T18:00:00,11755.99,0.24,0.000227
MeanReversion_v2.0_GBPUSD_4,2026-01-19T19:00:00,11786.8,0.0,0.002621
MeanReversion_v2.0_GBPUSD_4,2026-01-19T20:00:00,11828.37,0.0,0.003527
MeanReversion_v2.0_GBPUSD_4,2026-01-19T21:00:00,11869.33,0.0,0.003463
MeanReversion_v2.0_GBPUSD_4,2026-01-19T22:00:00,11821.51,0.4,-0.004029
MeanReversion_v2.0_GBPUSD_4,2026-01-19T23:00:00,11805.31,0.54,-0.00137
MeanReversion_v2.0_GBPUSD_4,2026-01-20T00:00:00,11757.5,0.94,-0.00405
MeanReversion_v2.0_GBPUSD_4,2026-01-20T01:00:00,11735.31,1.13,-0.001887
MeanReversion_v2.0_GBPUSD_4,2026-01-20T02:00:00,11725.94,1.21,-0.000799
MeanReversion_v2.0_GBPUSD_4,2026-01-20T03:00:00,11741.43,1.08,0.001321
MeanReversion_v2.0_GBPUSD_4,2026-01-20T04:00:00,11735.09,1.13,-0.00054
MeanReversion_v2.0_GBPUSD_4,2026-01-20T05:00:00,11729.41,1.18,-0.000484
MeanReversion_v2.0_GBPUSD_4,2026-01-20T06:00:00,11739.54,1.09,0.000864
MeanReversion_v2.0_GBPUSD_4,2026-01-20T07:00:00,11705.27,1.38,-0.002919
MeanReversion_v2.0_GBPUSD_4,2026-01-20T08:00:00,11691.5,1.5,-0.001177
MeanReversion_v2.0_GBPUSD_4,2026-01-20T09:00:00,11685.57,1.55,-0.000507
MeanReversion_v2.0_GBPUSD_4,2026-01-20T10:00:00,11686.68,1.54,9.5e-05
MeanReversion_v2.0_GBPUSD_4,2026-01-20T11:00:00,11694.32,1.47,0.000654
MeanReversion_v2.0_GBPUSD_4,2026-01-20T12:00:00,11735.27,1.13,0.003501
MeanReversion_v2.0_GBPUSD_4,2026-01-20T13:00:00,11762.45,0.9,0.002317
MeanReversion_v2.0_GBPUSD_4,2026-01-20T14:00:00,11750.24,1.0,-0.001039
MeanReversion_v2.0_GBPUSD_4,2026-01-20T15:00:00,11749.97,1.01,-2.3e-05
MeanReversion_v2.0_GBPUSD_4,2026-01-20T16:00:00,11748.1,1.02,-0.000159
MeanReversion_v2.0_GBPUSD_4,2026-01-20T17:00:00,11741.9,1.07,-0.000528
MeanReversion_v2.0_GBPUSD_4,2026-01-20T18:00:00,11754.17,0.97,0.001045
MeanReversion_v2.0_GBPUSD_4,2026-01-20T19:00:00,11716.32,1.29,-0.00322
MeanReversion_v2.0_GBPUSD_4,2026-01-20T20:00:00,11742.82,1.07,0.002261
MeanReversion_v2.0_GBPUSD_4,2026-01-20T21:00:00,11788.47,0.68,0.003887
MeanReversion_v2.0_GBPUSD_4,2026-01-20T22:00:00,11788.0,0.69,-4e-05
MeanReversion_v2.0_GBPUSD_4,2026-01-20T23:00:00,11787.07,0.69,-7.9e-05
MeanReversion_v2.0_GBPUSD_4,2026-01-21T00:00:00,11796.66,0.61,0.000814
MeanReversion_v2.0_GBPUSD_4,2026-01-21T01:00:00,11826.61,0.36,0.002539
MeanReversion_v2.0_GBPUSD_4,2026-01-21T02:00:00,11824.86,0.37,-0.000149
MeanReversion_v2.0_GBPUSD_4,2026-01-21T03:00:00,11852.86,0.14,0.002368
MeanReversion_v2.0_GBPUSD_4,2026-01-21T04:00:00,11870.36,0.0,0.001477
MeanReversion_v2.0_GBPUSD_4,2026-01-21T05:00:00,11932.36,0.0,0.005223
MeanReversion_v2.0_GBPUSD_4,2026-01-21T06:00:00,11930.49,0.02,-0.000157
MeanReversion_v2.0_GBPUSD_4,2026-01-21T07:00:00,11889.3,0.36,-0.003452
MeanReversion_v2.0_GBPUSD_4,2026-01-21T08:00:00,11861.17,0.6,-0.002366
MeanReversion_v2.0_GBPUSD_4,2026-01-21T09:00:00,11867.39,0.54,0.000524
MeanReversion_v2.0_GBPUSD_4,2026-01-21T10:00:00,11897.72,0.29,0.002556
MeanReversion_v2.0_GBPUSD_4,2026-01-21T11:00:00,11888.14,0.37,-0.000805
MeanReversion_v2.0_GBPUSD_4,2026-01-21T12:00:00,11888.59,0.37,3.8e-05
MeanReversion_v2.0_GBPUSD_4,2026-01-21T13:00:00,11910.82,0.18,0.00187
MeanReversion_v2.0_GBPUSD_4,2026-01-21T14:00:00,11893.78,0.32,-0.00143
MeanReversion_v2.0_GBPUSD_4,2026-01-21T15:00:00,11885.19,0.4,-0.000723
MeanReversion_v2.0_GBPUSD_4,2026-01-21T16:00:00,11863.38,0.58,-0.001835
MeanReversion_v2.0_GBPUSD_4,2026-01-21T17:00:00,11897.26,0.29,0.002856
MeanReversion_v2.0_GBPUSD_4,2026-01-21T18:00:00,11939.89,0.0,0.003583
MeanReversion_v2.0_GBPUSD_4,2026-01-21T19:00:00,11908.15,0.27,-0.002659
MeanReversion_v2.0_GBPUSD_4,2026-01-21T20:00:00,11910.72,0.24,0.000216
MeanReversion_v2.0_GBPUSD_4,2026-01-21T21:00:00,11950.19,0.0,0.003315
MeanReversion_v2.0_GBPUSD_4,2026-01-21T22:00:00,11965.7,0.0,0.001297
MeanReversion_v2.0_GBPUSD_4,2026-01-21T23:00:00,11959.97,0.05,-0.000478
MeanReversion_v2.0_GBPUSD_4,2026-01-22T00:00:00,11928.97,0.31,-0.002592
MeanReversion_v2.0_GBPUSD_4,2026-01-22T01:00:00,11962.44,0.03,0.002806
MeanReversion_v2.0_GBPUSD_4,2026-01-22T02:00:00,11977.05,0.0,0.001221
MeanReversion_v2.0_GBPUSD_4,2026-01-22T03:00:00,11947.75,0.24,-0.002446
MeanReversion_v2.0_GBPUSD_4,2026-01-22T04:00:00,11982.16,0.0,0.00288
MeanReversion_v2.0_GBPUSD_4,2026-01-22T05:00:00,11949.8,0.27,-0.002701
MeanReversion_v2.0_GBPUSD_4,2026-01-22T06:00:00,11950.5,0.26,5.9e-05
MeanReversion_v2.0_GBPUSD_4,2026-01-22T07:00:00,11950.15,0.27,-2.9e-05
MeanReversion_v2.0_GBPUSD_4,2026-01-22T08:00:00,11994.81,0.0,0.003737
MeanReversion_v2.0_GBPUSD_4,2026-01-22T09:00:00,11994.54,0.0,-2.2e-05
MeanReversion_v2.0_GBPUSD_4,2026-01-22T10:00:00,11994.19,0.01,-2.9e-05
MeanReversion_v2.0_GBPUSD_4,2026-01-22T11:00:00,11967.49,0.23,-0.002226
MeanReversion_v2.0_GBPUSD_4,2026-01-22T12:00:00,11958.15,0.31,-0.000781
MeanReversion_v2.0_GBPUSD_4,2026-01-22T13:00:00,11944.58,0.42,-0.001135
MeanReversion_v2.0_GBPUSD_4,2026-01-22T14:00:00,11932.27,0.52,-0.00103
MeanReversion_v2.0_GBPUSD_4,2026-01-22T15:00:00,11938.39,0.47,0.000513
MeanReversion_v2.0_GBPUSD_4,2026-01-22T16:00:00,11886.24,0.91,-0.004368
MeanReversion_v2.0_GBPUSD_4,2026-01-22T17:00:00,11856.28,1.15,-0.00252
MeanReversion_v2.0_GBPUSD_4,2026-01-22T18:00:00,11859.57,1.13,0.000278
MeanReversion_v2.0_GBPUSD_4,2026-01-22T19:00:00,11868.38,1.05,0.000743
MeanReversion_v2.0_GBPUSD_4,2026-01-22T20:00:00,11868.77,1.05,3.3e-05
MeanReversion_v2.0_GBPUSD_4,2026-01-22T21:00:00,11873.74,1.01,0.000418
MeanReversion_v2.0_GBPUSD_4,2026-01-22T22:00:00,11869.96,1.04,-0.000318
MeanReversion_v2.0_GBPUSD_4,2026-01-22T23:00:00,11875.45,1.0,0.000463
MeanReversion_v2.0_GBPUSD_4,2026-01-23T00:00:00,11891.7,0.86,0.001368
MeanReversion_v2.0_GBPUSD_4,2026-01-23T01:00:00,11907.81,0.73,0.001354
MeanReversion_v2.0_GBPUSD_4,2026-01-23T02:00:00,11897.35,0.81,-0.000878
MeanReversion_v2.0_GBPUSD_4,2026-01-23T03:00:00,11925.08,0.58,0.00233
MeanReversion_v2.0_GBPUSD_4,2026-01-23T04:00:00,11934.79,0.5,0.000814
MeanReversion_v2.0_GBPUSD_4,2026-01-23T05:00:00,11970.17,0.21,0.002964
MeanReversion_v2.0_GBPUSD_4,2026-01-23T06:00:00,12010.46,0.0,0.003366
MeanReversion_v2.0_GBPUSD_4,2026-01-23T07:00:00,11981.8,0.24,-0.002385
MeanReversion_v2.0_GBPUSD_4,2026-01-23T08:00:00,11967.21,0.36,-0.001218
MeanReversion_v2.0_GBPUSD_4,2026-01-23T09:00:00,11992.67,0.15,0.002127
MeanReversion_v2.0_GBPUSD_4,2026-01-23T10:00:00,11958.73,0.43,-0.00283
MeanReversion_v2.0_GBPUSD_4,2026-01-23T11:00:00,11998.68,0.1,0.00334
MeanReversion_v2.0_GBPUSD_4,2026-01-23T12:00:00,11996.42,0.12,-0.000188
MeanReversion_v2.0_GBPUSD_4,2026-01-23T13:00:00,12016.22,0.0,0.00165
MeanReversion_v2.0_GBPUSD_4,2026-01-23T14:00:00,12019.43,0.0,0.000267
MeanReversion_v2.0_GBPUSD_4,2026-01-23T15:00:00,11991.97,0.23,-0.002285
MeanReversion_v2.0_GBPUSD_4,2026-01-23T16:00:00,12023.28,0.0,0.002611
MeanReversion_v2.0_GBPUSD_4,2026-01-23T17:00:00,12095.44,0.0,0.006001
MeanReversion_v2.0_GBPUSD_4,2026-01-23T18:00:00,12089.03,0.05,-0.00053
MeanReversion_v2.0_GBPUSD_4,2026-01-23T19:00:00,12087.28,0.07,-0.000145
MeanReversion_v2.0_GBPUSD_4,2026-01-23T20:00:00,12029.28,0.55,-0.004798
MeanReversion_v2.0_GBPUSD_4,2026-01-23T21:00:00,12067.81,0.23,0.003203
MeanReversion_v2.0_GBPUSD_4,2026-01-23T22:00:00,12095.85,0.0,0.002324
MeanReversion_v2.0_GBPUSD_4,2026-01-23T23:00:00,12059.96,0.3,-0.002967
MeanReversion_v2.0_GBPUSD_4,2026-01-24T00:00:00,12016.19,0.66,-0.00363
MeanReversion_v2.0_GBPUSD_4,2026-01-24T01:00:00,11975.35,1.0,-0.003398
MeanReversion_v2.0_GBPUSD_4,2026-01-24T02:00:00,11996.79,0.82,0.00179
MeanReversion_v2.0_GBPUSD_4,2026-01-24T03:00:00,12020.66,0.62,0.00199
MeanReversion_v2.0_GBPUSD_4,2026-01-24T04:00:00,12004.48,0.76,-0.001347
MeanReversion_v2.0_GBPUSD_4,2026-01-24T05:00:00,12022.47,0.61,0.001499
MeanReversion_v2.0_GBPUSD_4,2026-01-24T06:00:00,12032.3,0.53,0.000818
MeanReversion_v2.0_GBPUSD_4,2026-01-24T07:00:00,12029.48,0.55,-0.000235
MeanReversion_v2.0_GBPUSD_4,2026-01-24T08:00:00,12058.83,0.31,0.00244
MeanReversion_v2.0_GBPUSD_4,2026-01-24T09:00:00,12035.8,0.5,-0.00191
MeanReversion_v2.0_GBPUSD_4,2026-01-24T10:00:00,12069.44,0.22,0.002795
MeanReversion_v2.0_GBPUSD_4,2026-01-24T11:00:00,12057.89,0.31,-0.000957
MeanReversion_v2.0_GBPUSD_4,2026-01-24T12:00:00,12106.88,0.0,0.004063
MeanReversion_v2.0_GBPUSD_4,2026-01-24T13:00:00,12088.59,0.15,-0.001511
MeanReversion_v2.0_GBPUSD_4,2026-01-24T14:00:00,12086.14,0.17,-0.000203
MeanReversion_v2.0_GBPUSD_4,2026-01-24T15:00:00,12093.6,0.11,0.000617
MeanReversion_v2.0_GBPUSD_4,2026-01-24T16:00:00,12100.91,0.05,0.000605
MeanReversion_v2.0_GBPUSD_4,2026-01-24T17:00:00,12118.84,0.0,0.001482
MeanReversion_v2.0_GBPUSD_4,2026-01-24T18:00:00,12093.74,0.21,-0.002071
MeanReversion_v2.0_GBPUSD_4,2026-01-24T19:00:00,12098.88,0.16,0.000425
MeanReversion_v2.0_GBPUSD_4,2026-01-24T20:00:00,12108.27,0.09,0.000776
MeanReversion_v2.0_GBPUSD_4,2026-01-24T21:00:00,12101.55,0.14,-0.000555
MeanReversion_v2.0_GBPUSD_4,2026-01-24T22:00:00,12117.38,0.01,0.001308
MeanReversion_v2.0_GBPUSD_4,2026-01-24T23:00:00,12090.81,0.23,-0.002193
MeanReversion_v2.0_GBPUSD_4,2026-01-25T00:00:00,12088.96,0.25,-0.000153
MeanReversion_v2.0_GBPUSD_4,2026-01-25T01:00:00,12076.79,0.35,-0.001006
MeanReversion_v2.0_GBPUSD_4,2026-01-25T02:00:00,12075.02,0.36,-0.000147
MeanReversion_v2.0_GBPUSD_4,2026-01-25T03:00:00,12116.0,0.02,0.003394
MeanReversion_v2.0_GBPUSD_4,2026-01-25T04:00:00,12157.6,0.0,0.003433
MeanReversion_v2.0_GBPUSD_4,2026-01-25T05:00:00,12194.56,0.0,0.003041
MeanReversion_v2.0_GBPUSD_4,2026-01-25T06:00:00,12189.39,0.04,-0.000425
MeanReversion_v2.0_GBPUSD_4,2026-01-25T07:00:00,12217.61,0.0,0.002315
MeanReversion_v2.0_GBPUSD_4,2026-01-25T08:00:00,12226.46,0.0,0.000725
MeanReversion_v2.0_GBPUSD_4,2026-01-25T09:00:00,12233.69,0.0,0.000591
MeanReversion_v2.0_GBPUSD_4,2026-01-25T10:00:00,12237.92,0.0,0.000345
MeanReversion_v2.0_GBPUSD_4,2026-01-25T11:00:00,12287.07,0.0,0.004017
MeanReversion_v2.0_GBPUSD_4,2026-01-25T12:00:00,12326.78,0.0,0.003232
MeanReversion_v2.0_GBPUSD_4,2026-01-25T13:00:00,12351.31,0.0,0.00199
MeanReversion_v2.0_GBPUSD_4,2026-01-25T14:00:00,12353.28,0.0,0.000159
MeanReversion_v2.0_GBPUSD_4,2026-01-25T15:00:00,12360.43,0.0,0.000579
MeanReversion_v2.0_GBPUSD_4,2026-01-25T16:00:00,12379.73,0.0,0.001561
MeanReversion_v2.0_GBPUSD_4,2026-01-25T17:00:00,12373.0,0.05,-0.000543
MeanReversion_v2.0_GBPUSD_4,2026-01-25T18:00:00,12402.41,0.0,0.002377
MeanReversion_v2.0_GBPUSD_4,2026-01-25T19:00:00,12385.76,0.13,-0.001342
MeanReversion_v2.0_GBPUSD_4,2026-01-25T20:00:00,12401.66,0.01,0.001284
MeanReversion_v2.0_GBPUSD_4,2026-01-25T21:00:00,12351.07,0.41,-0.004079
MeanReversion_v2.0_GBPUSD_4,2026-01-25T22:00:00,12343.64,0.47,-0.000601
MeanReversion_v2.0_GBPUSD_4,2026-01-25T23:00:00,12401.11,0.01,0.004655
MeanReversion_v2.0_GBPUSD_4,2026-01-26T00:00:00,12433.01,0.0,0.002572
MeanReversion_v2.0_GBPUSD_4,2026-01-26T01:00:00,12477.4,0.0,0.003571
MeanReversion_v2.0_GBPUSD_4,2026-01-26T02:00:00,12466.99,0.08,-0.000835
MeanReversion_v2.0_GBPUSD_4,2026-01-26T03:00:00,12475.81,0.01,0.000708
MeanReversion_v2.0_GBPUSD_4,2026-01-26T04:00:00,12514.04,0.0,0.003064
MeanReversion_v2.0_GBPUSD_4,2026-01-26T05:00:00,12536.14,0.0,0.001766
MeanReversion_v2.0_GBPUSD_4,2026-01-26T06:00:00,12555.16,0.0,0.001517
MeanReversion_v2.0_GBPUSD_4,2026-01-26T07:00:00,12602.38,0.0,0.003761
MeanReversion_v2.0_GBPUSD_4,2026-01-26T08:00:00,12582.46,0.16,-0.001581
MeanReversion_v2.0_GBPUSD_4,2026-01-26T09:00:00,12584.11,0.14,0.000132
MeanReversion_v2.0_GBPUSD_4,2026-01-26T10:00:00,12546.26,0.45,-0.003008
MeanReversion_v2.0_GBPUSD_4,2026-01-26T11:00:00,12525.05,0.61,-0.00169
MeanReversion_v2.0_GBPUSD_4,2026-01-26T12:00:00,12558.22,0.35,0.002648
MeanReversion_v2.0_GBPUSD_4,2026-01-26T13:00:00,12541.46,0.48,-0.001335
MeanReversion_v2.0_GBPUSD_4,2026-01-26T14:00:00,12566.18,0.29,0.001971
MeanReversion_v2.0_GBPUSD_4,2026-01-26T15:00:00,12614.14,0.0,0.003817
MeanReversion_v2.0_GBPUSD_4,2026-01-26T16:00:00,12615.96,0.0,0.000144
MeanReversion_v2.0_GBPUSD_4,2026-01-26T17:00:00,12635.39,0.0,0.00154
MeanReversion_v2.0_GBPUSD_4,2026-01-26T18:00:00,12660.49,0.0,0.001987
MeanReversion_v2.0_GBPUSD_4,2026-01-26T19:00:00,12635.89,0.19,-0.001943
MeanReversion_v2.0_GBPUSD_4,2026-01-26T20:00:00,12626.63,0.27,-0.000733
MeanReversion_v2.0_GBPUSD_4,2026-01-26T21:00:00,12607.6,0.42,-0.001507
MeanReversion_v2.0_GBPUSD_4,2026-01-26T22:00:00,12600.37,0.47,-0.000573
MeanReversion_v2.0_GBPUSD_4,2026-01-26T23:00:00,12624.71,0.28,0.001932
MeanReversion_v2.0_GBPUSD_4,2026-01-27T00:00:00,12616.0,0.35,-0.00069
MeanReversion_v2.0_GBPUSD_4,2026-01-27T01:00:00,12621.42,0.31,0.00043
MeanReversion_v2.0_GBPUSD_4,2026-01-27T02:00:00,12601.41,0.47,-0.001585
MeanReversion_v2.0_GBPUSD_4,2026-01-27T03:00:00,12638.62,0.17,0.002953
MeanReversion_v2.0_GBPUSD_4,2026-01-27T04:00:00,12631.16,0.23,-0.00059
MeanReversion_v2.0_GBPUSD_4,2026-01-27T05:00:00,12675.95,0.0,0.003546
MeanReversion_v2.0_GBPUSD_4,2026-01-27T06:00:00,12683.84,0.0,0.000622
MeanReversion_v2.0_GBPUSD_4,2026-01-27T07:00:00,12654.49,0.23,-0.002314
MeanReversion_v2.0_GBPUSD_4,2026-01-27T08:00:00,12656.48,0.22,0.000158
MeanReversion_v2.0_GBPUSD_4,2026-01-27T09:00:00,12635.91,0.38,-0.001626
MeanReversion_v2.0_GBPUSD_4,2026-01-27T10:00:00,12657.12,0.21,0.001679
MeanReversion_v2.0_GBPUSD_4,2026-01-27T11:00:00,12656.84,0.21,-2.3e-05
MeanReversion_v2.0_GBPUSD_4,2026-01-27T12:00:00,12667.3,0.13,0.000826
MeanReversion_v2.0_GBPUSD_4,2026-01-27T13:00:00,12664.27,0.15,-0.000239
MeanReversion_v2.0_GBPUSD_4,2026-01-27T14:00:00,12656.54,0.22,-0.000611
MeanReversion_v2.0_GBPUSD_4,2026-01-27T15:00:00,12638.22,0.36,-0.001447
MeanReversion_v2.0_GBPUSD_4,2026-01-27T16:00:00,12665.68,0.14,0.002172
MeanReversion_v2.0_GBPUSD_4,2026-01-27T17:00:00,12667.62,0.13,0.000154
MeanReversion_v2.0_GBPUSD_4,2026-01-27T18:00:00,12665.98,0.14,-0.000129
MeanReversion_v2.0_GBPUSD_4,2026-01-27T19:00:00,12667.3,0.13,0.000104
MeanReversion_v2.0_GBPUSD_4,2026-01-27T20:00:00,12656.43,0.22,-0.000858
MeanReversion_v2.0_GBPUSD_4,2026-01-27T21:00:00,12654.88,0.23,-0.000123
MeanReversion_v2.0_GBPUSD_4,2026-01-27T22:00:00,12666.41,0.14,0.000911
MeanReversion_v2.0_GBPUSD_4,2026-01-27T23:00:00,12646.55,0.29,-0.001568
MeanReversion_v2.0_GBPUSD_4,2026-01-28T00:00:00,12630.37,0.42,-0.001279
MeanReversion_v2.0_GBPUSD_4,2026-01-28T01:00:00,12671.51,0.1,0.003257
MeanReversion_v2.0_GBPUSD_4,2026-01-28T02:00:00,12668.65,0.12,-0.000226
MeanReversion_v2.0_GBPUSD_4,2026-01-28T03:00:00,12661.01,0.18,-0.000603
MeanReversion_v2.0_GBPUSD_4,2026-01-28T04:00:00,12633.31,0.4,-0.002188
MeanReversion_v2.0_GBPUSD_4,2026-01-28T05:00:00,12661.12,0.18,0.002201
MeanReversion_v2.0_GBPUSD_4,2026-01-28T06:00:00,12640.71,0.34,-0.001612
MeanReversion_v2.0_GBPUSD_4,2026-01-28T07:00:00,12646.64,0.29,0.000469
MeanReversion_v2.0_GBPUSD_4,2026-01-28T08:00:00,12609.76,0.58,-0.002916
MeanReversion_v2.0_GBPUSD_4,2026-01-28T09:00:00,12636.7,0.37,0.002136
MeanReversion_v2.0_GBPUSD_4,2026-01-28T10:00:00,12672.76,0.09,0.002854
MeanReversion_v2.0_GBPUSD_4,2026-01-28T11:00:00,12691.38,0.0,0.001469
MeanReversion_v2.0_GBPUSD_4,2026-01-28T12:00:00,12658.78,0.26,-0.002569
MeanReversion_v2.0_GBPUSD_4,2026-01-28T13:00:00,12686.34,0.04,0.002178
MeanReversion_v2.0_GBPUSD_4,2026-01-28T14:00:00,12671.69,0.16,-0.001155
MeanReversion_v2.0_GBPUSD_4,2026-01-28T15:00:00,12648.35,0.34,-0.001842
MeanReversion_v2.0_GBPUSD_4,2026-01-28T16:00:00,12644.98,0.37,-0.000267
MeanReversion_v2.0_GBPUSD_4,2026-01-28T17:00:00,12641.1,0.4,-0.000307
MeanReversion_v2.0_GBPUSD_4,2026-01-28T18:00:00,12634.65,0.45,-0.00051
MeanReversion_v2.0_GBPUSD_4,2026-01-28T19:00:00,12673.15,0.14,0.003047
MeanReversion_v2.0_GBPUSD_4,2026-01-28T20:00:00,12730.48,0.0,0.004524
MeanReversion_v2.0_GBPUSD_4,2026-01-28T21:00:00,12701.99,0.22,-0.002238
MeanReversion_v2.0_GBPUSD_4,2026-01-28T22:00:00,12690.84,0.31,-0.000878
MeanReversion_v2.0_GBPUSD_4,2026-01-28T23:00:00,12700.81,0.23,0.000785
MeanReversion_v2.0_GBPUSD_4,2026-01-29T00:00:00,12697.28,0.26,-0.000277
MeanReversion_v2.0_GBPUSD_4,2026-01-29T01:00:00,12713.77,0.13,0.001299
MeanReversion_v2.0_GBPUSD_4,2026-01-29T02:00:00,12743.42,0.0,0.002332
MeanReversion_v2.0_GBPUSD_4,2026-01-29T03:00:00,12768.89,0.0,0.001999
MeanReversion_v2.0_GBPUSD_4,2026-01-29T04:00:00,12790.85,0.0,0.001719
MeanReversion_v2.0_GBPUSD_4,2026-01-29T05:00:00,12839.69,0.0,0.003818
MeanReversion_v2.0_GBPUSD_4,2026-01-29T06:00:00,12805.3,0.27,-0.002678
MeanReversion_v2.0_GBPUSD_4,2026-01-29T07:00:00,12849.61,0.0,0.00346
MeanReversion_v2.0_GBPUSD_4,2026-01-29T08:00:00,12845.42,0.03,-0.000326
MeanReversion_v2.0_GBPUSD_4,2026-01-29T09:00:00,12872.02,0.0,0.00207
MeanReversion_v2.0_GBPUSD_4,2026-01-29T10:00:00,12851.94,0.16,-0.001559
MeanReversion_v2.0_GBPUSD_4,2026-01-29T11:00:00,12835.02,0.29,-0.001317
MeanReversion_v2.0_GBPUSD_4,2026-01-29T12:00:00,12858.43,0.11,0.001824
MeanReversion_v2.0_GBPUSD_4,2026-01-29T13:00:00,12815.26,0.44,-0.003357
MeanReversion_v2.0_GBPUSD_4,2026-01-29T14:00:00,12847.03,0.19,0.002479
MeanReversion_v2.0_GBPUSD_4,2026-01-29T15:00:00,12885.83,0.0,0.00302
MeanReversion_v2.0_GBPUSD_4,2026-01-29T16:00:00,12896.85,0.0,0.000856
MeanReversion_v2.0_GBPUSD_4,2026-01-29T17:00:00,12906.96,0.0,0.000784
MeanReversion_v2.0_GBPUSD_4,2026-01-29T18:00:00,12891.89,0.12,-0.001167
MeanReversion_v2.0_GBPUSD_4,2026-01-29T19:00:00,12915.72,0.0,0.001849
MeanReversion_v2.0_GBPUSD_4,2026-01-29T20:00:00,12931.16,0.0,0.001195
MeanReversion_v2.0_GBPUSD_4,2026-01-29T21:00:00,12913.8,0.13,-0.001343
MeanReversion_v2.0_GBPUSD_4,2026-01-29T22:00:00,12910.14,0.16,-0.000283
MeanReversion_v2.0_GBPUSD_4,2026-01-29T23:00:00,12912.48,0.14,0.000181
MeanReversion_v2.0_GBPUSD_4,2026-01-30T00:00:00,12908.8,0.17,-0.000286
MeanReversion_v2.0_GBPUSD_4,2026-01-30T01:00:00,12880.06,0.4,-0.002226
MeanReversion_v2.0_GBPUSD_4,2026-01-30T02:00:00,12904.51,0.21,0.001898
MeanReversion_v2.0_GBPUSD_4,2026-01-30T03:00:00,12904.68,0.2,1.3e-05
MeanReversion_v2.0_GBPUSD_4,2026-01-30T04:00:00,12911.53,0.15,0.000531
MeanReversion_v2.0_GBPUSD_4,2026-01-30T05:00:00,12903.05,0.22,-0.000657
MeanReversion_v2.0_GBPUSD_4,2026-01-30T06:00:00,12921.77,0.07,0.001451
MeanReversion_v2.0_GBPUSD_4,2026-01-30T07:00:00,12933.36,0.0,0.000897
MeanReversion_v2.0_GBPUSD_4,2026-01-30T08:00:00,12971.2,0.0,0.002926
MeanReversion_v2.0_GBPUSD_4,2026-01-30T09:00:00,12990.15,0.0,0.001461
MeanReversion_v2.0_GBPUSD_4,2026-01-30T10:00:00,12991.38,0.0,9.5e-05
MeanReversion_v2.0_GBPUSD_4,2026-01-30T11:00:00,12978.66,0.1,-0.000979
MeanReversion_v2.0_GBPUSD_4,2026-01-30T12:00:00,13007.63,0.0,0.002232
MeanReversion_v2.0_GBPUSD_4,2026-01-30T13:00:00,13006.78,0.01,-6.5e-05
MeanReversion_v2.0_GBPUSD_4,2026-01-30T14:00:00,13008.81,0.0,0.000157
MeanReversion_v2.0_GBPUSD_4,2026-01-30T15:00:00,13010.84,0.0,0.000156
MeanReversion_v2.0_GBPUSD_4,2026-01-30T16:00:00,13006.9,0.03,-0.000303
MeanReversion_v2.0_GBPUSD_4,2026-01-30T17:00:00,13009.38,0.01,0.000191
MeanReversion_v2.0_GBPUSD_4,2026-01-30T18:00:00,13066.0,0.0,0.004352
MeanReversion_v2.0_GBPUSD_4,2026-01-30T19:00:00,13045.16,0.16,-0.001596
MeanReversion_v2.0_GBPUSD_4,2026-01-30T20:00:00,13030.43,0.27,-0.001129
MeanReversion_v2.0_GBPUSD_4,2026-01-30T21:00:00,13073.02,0.0,0.003269
MeanReversion_v2.0_GBPUSD_4,2026-01-30T22:00:00,13069.76,0.02,-0.00025
MeanReversion_v2.0_GBPUSD_4,2026-01-30T23:00:00,13064.51,0.07,-0.000401
Breakout_v1.0_EURUSD_5,2026-01-01T00:00:00,9971.14,0.29,-0.002886
Breakout_v1.0_EURUSD_5,2026-01-01T01:00:00,9960.52,0.39,-0.001066
Breakout_v1.0_EURUSD_5,2026-01-01T02:00:00,9974.39,0.26,0.001393
Breakout_v1.0_EURUSD_5,2026-01-01T03:00:00,9963.74,0.36,-0.001069
Breakout_v1.0_EURUSD_5,2026-01-01T04:00:00,9961.03,0.39,-0.000272
Breakout_v1.0_EURUSD_5,2026-01-01T05:00:00,9977.84,0.22,0.001688
Breakout_v1.0_EURUSD_5,2026-01-01T06:00:00,9988.25,0.12,0.001043
Breakout_v1.0_EURUSD_5,2026-01-01T07:00:00,9995.58,0.04,0.000734
Breakout_v1.0_EURUSD_5,2026-01-01T08:00:00,9990.8,0.09,-0.000478
Breakout_v1.0_EURUSD_5,2026-01-01T09:00:00,10000.19,0.0,0.00094
Breakout_v1.0_EURUSD_5,2026-01-01T10:00:00,9999.72,0.0,-4.7e-05
Breakout_v1.0_EURUSD_5,2026-01-01T11:00:00,10010.87,0.0,0.001116
Breakout_v1.0_EURUSD_5,2026-01-01T12:00:00,10002.93,0.08,-0.000794
Breakout_v1.0_EURUSD_5,2026-01-01T13:00:00,10001.27,0.1,-0.000165
Breakout_v1.0_EURUSD_5,2026-01-01T14:00:00,9983.47,0.27,-0.00178
Breakout_v1.0_EURUSD_5,2026-01-01T15:00:00,9984.77,0.26,0.00013
Breakout_v1.0_EURUSD_5,2026-01-01T16:00:00,9970.57,0.4,-0.001422
Breakout_v1.0_EURUSD_5,2026-01-01T17:00:00,9950.35,0.6,-0.002028
Breakout_v1.0_EURUSD_5,2026-01-01T18:00:00,9957.49,0.53,0.000717
Breakout_v1.0_EURUSD_5,2026-01-01T19:00:00,9963.72,0.47,0.000625
Breakout_v1.0_EURUSD_5,2026-01-01T20:00:00,9981.31,0.3,0.001766
Breakout_v1.0_EURUSD_5,2026-01-01T21:00:00,9974.7,0.36,-0.000662
Breakout_v1.0_EURUSD_5,2026-01-01T22:00:00,9984.83,0.26,0.001016
Breakout_v1.0_EURUSD_5,2026-01-01T23:00:00,9997.83,0.13,0.001302
Breakout_v1.0_EURUSD_5,2026-01-02T00:00:00,10008.72,0.02,0.00109
Breakout_v1.0_EURUSD_5,2026-01-02T01:00:00,9994.2,0.17,-0.001451
Breakout_v1.0_EURUSD_5,2026-01-02T02:00:00,9999.18,0.12,0.000499
Breakout_v1.0_EURUSD_5,2026-01-02T03:00:00,10008.46,0.02,0.000928
Breakout_v1.0_EURUSD_5,2026-01-02T04:00:00,10010.61,0.0,0.000214
Breakout_v1.0_EURUSD_5,2026-01-02T05:00:00,9970.84,0.4,-0.003973
Breakout_v1.0_EURUSD_5,2026-01-02T06:00:00,9976.03,0.35,0.000521
Breakout_v1.0_EURUSD_5,2026-01-02T07:00:00,10022.17,0.0,0.004625
Breakout_v1.0_EURUSD_5,2026-01-02T08:00:00,10016.96,0.05,-0.00052
Breakout_v1.0_EURUSD_5,2026-01-02T09:00:00,10004.38,0.18,-0.001256
Breakout_v1.0_EURUSD_5,2026-01-02T10:00:00,10013.85,0.08,0.000947
Breakout_v1.0_EURUSD_5,2026-01-02T11:00:00,10022.11,0.0,0.000825
Breakout_v1.0_EURUSD_5,2026-01-02T12:00:00,10048.02,0.0,0.002585
Breakout_v1.0_EURUSD_5,2026-01-02T13:00:00,10024.75,0.23,-0.002316
Breakout_v1.0_EURUSD_5,2026-01-02T14:00:00,10041.42,0.07,0.001663
Breakout_v1.0_EURUSD_5,2026-01-02T15:00:00,10055.29,0.0,0.001381
Breakout_v1.0_EURUSD_5,2026-01-02T16:00:00,10054.44,0.01,-8.4e-05
Breakout_v1.0_EURUSD_5,2026-01-02T17:00:00,10063.26,0.0,0.000877
Breakout_v1.0_EURUSD_5,2026-01-02T18:00:00,10085.99,0.0,0.002259
Breakout_v1.0_EURUSD_5,2026-01-02T19:00:00,10105.6,0.0,0.001945
Breakout_v1.0_EURUSD_5,2026-01-02T20:00:00,10084.52,0.21,-0.002086
Breakout_v1.0_EURUSD_5,2026-01-02T21:00:00,10103.08,0.02,0.00184
Breakout_v1.0_EURUSD_5,2026-01-02T22:00:00,10103.8,0.02,7.1e-05
Breakout_v1.0_EURUSD_5,2026-01-02T23:00:00,10107.29,0.0,0.000346
Breakout_v1.0_EURUSD_5,2026-01-03T00:00:00,10110.79,0.0,0.000346
Breakout_v1.0_EURUSD_5,2026-01-03T01:00:00,10109.77,0.01,-0.0001
Breakout_v1.0_EURUSD_5,2026-01-03T02:00:00,10135.89,0.0,0.002583
Breakout_v1.0_EURUSD_5,2026-01-03T03:00:00,10136.22,0.0,3.3e-05
Breakout_v1.0_EURUSD_5,2026-01-03T04:00:00,10115.55,0.2,-0.002039
Breakout_v1.0_EURUSD_5,2026-01-03T05:00:00,10109.62,0.26,-0.000587
Breakout_v1.0_EURUSD_5,2026-01-03T06:00:00,10115.25,0.21,0.000557
Breakout_v1.0_EURUSD_5,2026-01-03T07:00:00,10142.14,0.0,0.002658
Breakout_v1.0_EURUSD_5,2026-01-03T08:00:00,10156.4,0.0,0.001406
Breakout_v1.0_EURUSD_5,2026-01-03T09:00:00,10141.16,0.15,-0.001501
Breakout_v1.0_EURUSD_5,2026-01-03T10:00:00,10193.59,0.0,0.00517
Breakout_v1.0_EURUSD_5,2026-01-03T11:00:00,10201.03,0.0,0.00073
Breakout_v1.0_EURUSD_5,2026-01-03T12:00:00,10229.09,0.0,0.002751
Breakout_v1.0_EURUSD_5,2026-01-03T13:00:00,10228.03,0.01,-0.000103
Breakout_v1.0_EURUSD_5,2026-01-03T14:00:00,10240.99,0.0,0.001267
Breakout_v1.0_EURUSD_5,2026-01-03T15:00:00,10260.23,0.0,0.001879
Breakout_v1.0_EURUSD_5,2026-01-03T16:00:00,10287.28,0.0,0.002636
Breakout_v1.0_EURUSD_5,2026-01-03T17:00:00,10311.09,0.0,0.002315
Breakout_v1.0_EURUSD_5,2026-01-03T18:00:00,10331.14,0.0,0.001944
Breakout_v1.0_EURUSD_5,2026-01-03T19:00:00,10326.7,0.04,-0.00043
Breakout_v1.0_EURUSD_5,2026-01-03T20:00:00,10316.95,0.14,-0.000943
Breakout_v1.0_EURUSD_5,2026-01-03T21:00:00,10325.88,0.05,0.000865
Breakout_v1.0_EURUSD_5,2026-01-03T22:00:00,10347.21,0.0,0.002066
Breakout_v1.0_EURUSD_5,2026-01-03T23:00:00,10344.68,0.02,-0.000245
Breakout_v1.0_EURUSD_5,2026-01-04T00:00:00,10368.78,0.0,0.00233
Breakout_v1.0_EURUSD_5,2026-01-04T01:00:00,10400.98,0.0,0.003105
Breakout_v1.0_EURUSD_5,2026-01-04T02:00:00,10384.0,0.16,-0.001633
Breakout_v1.0_EURUSD_5,2026-01-04T03:00:00,10368.69,0.31,-0.001474
Breakout_v1.0_EURUSD_5,2026-01-04T04:00:00,10367.86,0.32,-8.1e-05
Breakout_v1.0_EURUSD_5,2026-01-04T05:00:00,10376.31,0.24,0.000815
Breakout_v1.0_EURUSD_5,2026-01-04T06:00:00,10367.5,0.32,-0.000849
Breakout_v1.0_EURUSD_5,2026-01-04T07:00:00,10397.61,0.03,0.002904
Breakout_v1.0_EURUSD_5,2026-01-04T08:00:00,10408.51,0.0,0.001048
Breakout_v1.0_EURUSD_5,2026-01-04T09:00:00,10411.41,0.0,0.000279
Breakout_v1.0_EURUSD_5,2026-01-04T10:00:00,10383.59,0.27,-0.002672
Breakout_v1.0_EURUSD_5,2026-01-04T11:00:00,10358.34,0.51,-0.002432
Breakout_v1.0_EURUSD_5,2026-01-04T12:00:00,10366.24,0.43,0.000762
Breakout_v1.0_EURUSD_5,2026-01-04T13:00:00,10324.1,0.84,-0.004065
Breakout_v1.0_EURUSD_5,2026-01-04T14:00:00,10347.07,0.62,0.002225
Breakout_v1.0_EURUSD_5,2026-01-04T15:00:00,10345.87,0.63,-0.000116
Breakout_v1.0_EURUSD_5,2026-01-04T16:00:00,10415.04,0.0,0.006686
Breakout_v1.0_EURUSD_5,2026-01-04T17:00:00,10465.2,0.0,0.004816
Breakout_v1.0_EURUSD_5,2026-01-04T18:00:00,10463.49,0.02,-0.000163
Breakout_v1.0_EURUSD_5,2026-01-04T19:00:00,10463.36,0.02,-1.3e-05
Breakout_v1.0_EURUSD_5,2026-01-04T20:00:00,10486.29,0.0,0.002191
Breakout_v1.0_EURUSD_5,2026-01-04T21:00:00,10524.1,0.0,0.003606
Breakout_v1.0_EURUSD_5,2026-01-04T22:00:00,10491.73,0.31,-0.003076
Breakout_v1.0_EURUSD_5,2026-01-04T23:00:00,10456.35,0.64,-0.003373
Breakout_v1.0_EURUSD_5,2026-01-05T00:00:00,10445.43,0.75,-0.001044
Breakout_v1.0_EURUSD_5,2026-01-05T01:00:00,10459.69,0.61,0.001365
Breakout_v1.0_EURUSD_5,2026-01-05T02:00:00,10472.18,0.49,0.001194
Breakout_v1.0_EURUSD_5,2026-01-05T03:00:00,10496.68,0.26,0.00234
Breakout_v1.0_EURUSD_5,2026-01-05T04:00:00,10473.59,0.48,-0.002199
Breakout_v1.0_EURUSD_5,2026-01-05T05:00:00,10427.17,0.92,-0.004432
Breakout_v1.0_EURUSD_5,2026-01-05T06:00:00,10447.15,0.73,0.001916
Breakout_v1.0_EURUSD_5,2026-01-05T07:00:00,10431.93,0.88,-0.001456
Breakout_v1.0_EURUSD_5,2026-01-05T08:00:00,10391.91,1.26,-0.003837
Breakout_v1.0_EURUSD_5,2026-01-05T09:00:00,10397.0,1.21,0.00049
Breakout_v1.0_EURUSD_5,2026-01-05T10:00:00,10415.57,1.03,0.001786
Breakout_v1.0_EURUSD_5,2026-01-05T11:00:00,10415.11,1.04,-4.4e-05
Breakout_v1.0_EURUSD_5,2026-01-05T12:00:00,10407.66,1.11,-0.000716
Breakout_v1.0_EURUSD_5,2026-01-05T13:00:00,10406.42,1.12,-0.000119
Breakout_v1.0_EURUSD_5,2026-01-05T14:00:00,10400.79,1.17,-0.000541
Breakout_v1.0_EURUSD_5,2026-01-05T15:00:00,10374.83,1.42,-0.002496
Breakout_v1.0_EURUSD_5,2026-01-05T16:00:00,10362.08,1.54,-0.001229
Breakout_v1.0_EURUSD_5,2026-01-05T17:00:00,10374.95,1.42,0.001243
Breakout_v1.0_EURUSD_5,2026-01-05T18:00:00,10383.7,1.33,0.000843
Breakout_v1.0_EURUSD_5,2026-01-05T19:00:00,10389.27,1.28,0.000536
Breakout_v1.0_EURUSD_5,2026-01-05T20:00:00,10370.67,1.46,-0.00179
Breakout_v1.0_EURUSD_5,2026-01-05T21:00:00,10368.98,1.47,-0.000163
Breakout_v1.0_EURUSD_5,2026-01-05T22:00:00,10325.9,1.88,-0.004154
Breakout_v1.0_EURUSD_5,2026-01-05T23:00:00,10331.65,1.83,0.000557
Breakout_v1.0_EURUSD_5,2026-01-06T00:00:00,10363.25,1.53,0.003058
Breakout_v1.0_EURUSD_5,2026-01-06T01:00:00,10334.77,1.8,-0.002748
Breakout_v1.0_EURUSD_5,2026-01-06T02:00:00,10324.72,1.89,-0.000972
Breakout_v1.0_EURUSD_5,2026-01-06T03:00:00,10333.58,1.81,0.000858
Breakout_v1.0_EURUSD_5,2026-01-06T04:00:00,10361.54,1.54,0.002706
Breakout_v1.0_EURUSD_5,2026-01-06T05:00:00,10354.33,1.61,-0.000696
Breakout_v1.0_EURUSD_5,2026-01-06T06:00:00,10342.06,1.73,-0.001185
Breakout_v1.0_EURUSD_5,2026-01-06T07:00:00,10303.4,2.1,-0.003738
Breakout_v1.0_EURUSD_5,2026-01-06T08:00:00,10307.6,2.06,0.000407
Breakout_v1.0_EURUSD_5,2026-01-06T09:00:00,10351.75,1.64,0.004284
Breakout_v1.0_EURUSD_5,2026-01-06T10:00:00,10359.57,1.56,0.000755
Breakout_v1.0_EURUSD_5,2026-01-06T11:00:00,10361.18,1.55,0.000155
Breakout_v1.0_EURUSD_5,2026-01-06T12:00:00,10369.92,1.47,0.000844
Breakout_v1.0_EURUSD_5,2026-01-06T13:00:00,10371.77,1.45,0.000178
Breakout_v1.0_EURUSD_5,2026-01-06T14:00:00,10356.98,1.59,-0.001426
Breakout_v1.0_EURUSD_5,2026-01-06T15:00:00,10376.1,1.41,0.001847
Breakout_v1.0_EURUSD_5,2026-01-06T16:00:00,10382.86,1.34,0.000652
Breakout_v1.0_EURUSD_5,2026-01-06T17:00:00,10385.31,1.32,0.000235
Breakout_v1.0_EURUSD_5,2026-01-06T18:00:00,10367.12,1.49,-0.001751
Breakout_v1.0_EURUSD_5,2026-01-06T19:00:00,10396.22,1.22,0.002807
Breakout_v1.0_EURUSD_5,2026-01-06T20:00:00,10412.12,1.06,0.001529
Breakout_v1.0_EURUSD_5,2026-01-06T21:00:00,10402.69,1.15,-0.000906
Breakout_v1.0_EURUSD_5,2026-01-06T22:00:00,10425.62,0.94,0.002204
Breakout_v1.0_EURUSD_5,2026-01-06T23:00:00,10417.33,1.01,-0.000795
Breakout_v1.0_EURUSD_5,2026-01-07T00:00:00,10403.12,1.15,-0.001364
Breakout_v1.0_EURUSD_5,2026-01-07T01:00:00,10389.39,1.28,-0.001319
Breakout_v1.0_EURUSD_5,2026-01-07T02:00:00,10354.67,1.61,-0.003342
Breakout_v1.0_EURUSD_5,2026-01-07T03:00:00,10366.5,1.5,0.001143
Breakout_v1.0_EURUSD_5,2026-01-07T04:00:00,10330.61,1.84,-0.003462
Breakout_v1.0_EURUSD_5,2026-01-07T05:00:00,10307.3,2.06,-0.002257
Breakout_v1.0_EURUSD_5,2026-01-07T06:00:00,10266.57,2.45,-0.003951
Breakout_v1.0_EURUSD_5,2026-01-07T07:00:00,10266.86,2.44,2.8e-05
Breakout_v1.0_EURUSD_5,2026-01-07T08:00:00,10265.82,2.45,-0.000101
Breakout_v1.0_EURUSD_5,2026-01-07T09:00:00,10261.17,2.5,-0.000453
Breakout_v1.0_EURUSD_5,2026-01-07T10:00:00,10241.83,2.68,-0.001885
Breakout_v1.0_EURUSD_5,2026-01-07T11:00:00,10219.86,2.89,-0.002144
Breakout_v1.0_EURUSD_5,2026-01-07T12:00:00,10231.4,2.78,0.001129
Breakout_v1.0_EURUSD_5,2026-01-07T13:00:00,10222.18,2.87,-0.000901
Breakout_v1.0_EURUSD_5,2026-01-07T14:00:00,10230.69,2.79,0.000833
Breakout_v1.0_EURUSD_5,2026-01-07T15:00:00,10214.62,2.94,-0.00157
Breakout_v1.0_EURUSD_5,2026-01-07T16:00:00,10220.37,2.89,0.000562
Breakout_v1.0_EURUSD_5,2026-01-07T17:00:00,10249.05,2.61,0.002807
Breakout_v1.0_EURUSD_5,2026-01-07T18:00:00,10263.11,2.48,0.001372
Breakout_v1.0_EURUSD_5,2026-01-07T19:00:00,10256.7,2.54,-0.000625
Breakout_v1.0_EURUSD_5,2026-01-07T20:00:00,10264.03,2.47,0.000714
Breakout_v1.0_EURUSD_5,2026-01-07T21:00:00,10261.14,2.5,-0.000281
Breakout_v1.0_EURUSD_5,2026-01-07T22:00:00,10263.36,2.48,0.000216
Breakout_v1.0_EURUSD_5,2026-01-07T23:00:00,10258.72,2.52,-0.000451
Breakout_v1.0_EURUSD_5,2026-01-08T00:00:00,10257.4,2.53,-0.000129
Breakout_v1.0_EURUSD_5,2026-01-08T01:00:00,10263.81,2.47,0.000624
Breakout_v1.0_EURUSD_5,2026-01-08T02:00:00,10245.47,2.65,-0.001787
Breakout_v1.0_EURUSD_5,2026-01-08T03:00:00,10226.7,2.83,-0.001832
Breakout_v1.0_EURUSD_5,2026-01-08T04:00:00,10200.35,3.08,-0.002577
Breakout_v1.0_EURUSD_5,2026-01-08T05:00:00,10169.74,3.37,-0.003001
Breakout_v1.0_EURUSD_5,2026-01-08T06:00:00,10147.02,3.58,-0.002235
Breakout_v1.0_EURUSD_5,2026-01-08T07:00:00,10152.28,3.53,0.000519
Breakout_v1.0_EURUSD_5,2026-01-08T08:00:00,10136.18,3.69,-0.001586
Breakout_v1.0_EURUSD_5,2026-01-08T09:00:00,10148.62,3.57,0.001227
Breakout_v1.0_EURUSD_5,2026-01-08T10:00:00,10151.36,3.54,0.000269
Breakout_v1.0_EURUSD_5,2026-01-08T11:00:00,10113.42,3.9,-0.003737
Breakout_v1.0_EURUSD_5,2026-01-08T12:00:00,10128.69,3.76,0.00151
Breakout_v1.0_EURUSD_5,2026-01-08T13:00:00,10147.14,3.58,0.001822
Breakout_v1.0_EURUSD_5,2026-01-08T14:00:00,10129.0,3.75,-0.001788
Breakout_v1.0_EURUSD_5,2026-01-08T15:00:00,10139.54,3.65,0.00104
Breakout_v1.0_EURUSD_5,2026-01-08T16:00:00,10124.2,3.8,-0.001513
Breakout_v1.0_EURUSD_5,2026-01-08T17:00:00,10128.2,3.76,0.000395
Breakout_v1.0_EURUSD_5,2026-01-08T18:00:00,10104.61,3.99,-0.002329
Breakout_v1.0_EURUSD_5,2026-01-08T19:00:00,10070.4,4.31,-0.003386
Breakout_v1.0_EURUSD_5,2026-01-08T20:00:00,10064.7,4.37,-0.000566
Breakout_v1.0_EURUSD_5,2026-01-08T21:00:00,10064.22,4.37,-4.7e-05
Breakout_v1.0_EURUSD_5,2026-01-08T22:00:00,10058.23,4.43,-0.000595
Breakout_v1.0_EURUSD_5,2026-01-08T23:00:00,10036.42,4.63,-0.002168
Breakout_v1.0_EURUSD_5,2026-01-09T00:00:00,10030.4,4.69,-0.0006
Breakout_v1.0_EURUSD_5,2026-01-09T01:00:00,10037.81,4.62,0.000739
Breakout_v1.0_EURUSD_5,2026-01-09T02:00:00,10038.92,4.61,0.00011
Breakout_v1.0_EURUSD_5,2026-01-09T03:00:00,10044.59,4.56,0.000565
Breakout_v1.0_EURUSD_5,2026-01-09T04:00:00,10033.14,4.67,-0.00114
Breakout_v1.0_EURUSD_5,2026-01-09T05:00:00,10058.66,4.42,0.002543
Breakout_v1.0_EURUSD_5,2026-01-09T06:00:00,10037.01,4.63,-0.002152
Breakout_v1.0_EURUSD_5,2026-01-09T07:00:00,10048.8,4.52,0.001175
Breakout_v1.0_EURUSD_5,2026-01-09T08:00:00,10074.56,4.27,0.002564
Breakout_v1.0_EURUSD_5,2026-01-09T09:00:00,10086.27,4.16,0.001162
Breakout_v1.0_EURUSD_5,2026-01-09T10:00:00,10084.2,4.18,-0.000205
Breakout_v1.0_EURUSD_5,2026-01-09T11:00:00,10075.56,4.26,-0.000857
Breakout_v1.0_EURUSD_5,2026-01-09T12:00:00,10098.46,4.04,0.002272
Breakout_v1.0_EURUSD_5,2026-01-09T13:00:00,10071.74,4.3,-0.002646
Breakout_v1.0_EURUSD_5,2026-01-09T14:00:00,10054.21,4.46,-0.00174
Breakout_v1.0_EURUSD_5,2026-01-09T15:00:00,10048.23,4.52,-0.000595
Breakout_v1.0_EURUSD_5,2026-01-09T16:00:00,10075.11,4.27,0.002675
Breakout_v1.0_EURUSD_5,2026-01-09T17:00:00,10084.78,4.17,0.00096
Breakout_v1.0_EURUSD_5,2026-01-09T18:00:00,10067.27,4.34,-0.001736
Breakout_v1.0_EURUSD_5,2026-01-09T19:00:00,10063.03,4.38,-0.000421
Breakout_v1.0_EURUSD_5,2026-01-09T20:00:00,10052.68,4.48,-0.001029
Breakout_v1.0_EURUSD_5,2026-01-09T21:00:00,10040.42,4.6,-0.00122
Breakout_v1.0_EURUSD_5,2026-01-09T22:00:00,10062.09,4.39,0.002158
Breakout_v1.0_EURUSD_5,2026-01-09T23:00:00,10036.49,4.63,-0.002543
Breakout_v1.0_EURUSD_5,2026-01-10T00:00:00,10070.79,4.31,0.003418
Breakout_v1.0_EURUSD_5,2026-01-10T01:00:00,10089.49,4.13,0.001856
Breakout_v1.0_EURUSD_5,2026-01-10T02:00:00,10113.52,3.9,0.002382
Breakout_v1.0_EURUSD_5,2026-01-10T03:00:00,10106.18,3.97,-0.000726
Breakout_v1.0_EURUSD_5,2026-01-10T04:00:00,10105.17,3.98,-0.0001
Breakout_v1.0_EURUSD_5,2026-01-10T05:00:00,10078.23,4.24,-0.002666
Breakout_v1.0_EURUSD_5,2026-01-10T06:00:00,10069.67,4.32,-0.000849
Breakout_v1.0_EURUSD_5,2026-01-10T07:00:00,10081.62,4.2,0.001187
Breakout_v1.0_EURUSD_5,2026-01-10T08:00:00,10109.77,3.94,0.002792
Breakout_v1.0_EURUSD_5,2026-01-10T09:00:00,10089.41,4.13,-0.002014
Breakout_v1.0_EURUSD_5,2026-01-10T10:00:00,10084.05,4.18,-0.000531
Breakout_v1.0_EURUSD_5,2026-01-10T11:00:00,10083.02,4.19,-0.000103
Breakout_v1.0_EURUSD_5,2026-01-10T12:00:00,10056.88,4.44,-0.002592
Breakout_v1.0_EURUSD_5,2026-01-10T13:00:00,10070.79,4.31,0.001383
Breakout_v1.0_EURUSD_5,2026-01-10T14:00:00,10058.22,4.43,-0.001248
Breakout_v1.0_EURUSD_5,2026-01-10T15:00:00,10056.3,4.45,-0.000191
Breakout_v1.0_EURUSD_5,2026-01-10T16:00:00,10049.22,4.51,-0.000704
Breakout_v1.0_EURUSD_5,2026-01-10T17:00:00,10035.37,4.64,-0.001379
Breakout_v1.0_EURUSD_5,2026-01-10T18:00:00,10037.24,4.63,0.000186
Breakout_v1.0_EURUSD_5,2026-01-10T19:00:00,10034.91,4.65,-0.000231
Breakout_v1.0_EURUSD_5,2026-01-10T20:00:00,10029.46,4.7,-0.000544
Breakout_v1.0_EURUSD_5,2026-01-10T21:00:00,10016.85,4.82,-0.001257
Breakout_v1.0_EURUSD_5,2026-01-10T22:00:00,10025.26,4.74,0.000839
Breakout_v1.0_EURUSD_5,2026-01-10T23:00:00,10060.42,4.41,0.003507
Breakout_v1.0_EURUSD_5,2026-01-11T00:00:00,10065.24,4.36,0.00048
Breakout_v1.0_EURUSD_5,2026-01-11T01:00:00,10087.31,4.15,0.002192
Breakout_v1.0_EURUSD_5,2026-01-11T02:00:00,10061.28,4.4,-0.00258
Breakout_v1.0_EURUSD_5,2026-01-11T03:00:00,10066.47,4.35,0.000516
Breakout_v1.0_EURUSD_5,2026-01-11T04:00:00,10046.39,4.54,-0.001995
Breakout_v1.0_EURUSD_5,2026-01-11T05:00:00,10018.72,4.8,-0.002754
Breakout_v1.0_EURUSD_5,2026-01-11T06:00:00,10005.91,4.92,-0.001279
Breakout_v1.0_EURUSD_5,2026-01-11T07:00:00,10031.76,4.68,0.002584
Breakout_v1.0_EURUSD_5,2026-01-11T08:00:00,10052.83,4.48,0.0021
Breakout_v1.0_EURUSD_5,2026-01-11T09:00:00,10059.73,4.41,0.000686
Breakout_v1.0_EURUSD_5,2026-01-11T10:00:00,10030.9,4.69,-0.002865
Breakout_v1.0_EURUSD_5,2026-01-11T11:00:00,10028.97,4.7,-0.000193
Breakout_v1.0_EURUSD_5,2026-01-11T12:00:00,10037.03,4.63,0.000803
Breakout_v1.0_EURUSD_5,2026-01-11T13:00:00,10042.56,4.58,0.000551
Breakout_v1.0_EURUSD_5,2026-01-11T14:00:00,10007.53,4.91,-0.003488
Breakout_v1.0_EURUSD_5,2026-01-11T15:00:00,9991.72,5.06,-0.001581
Breakout_v1.0_EURUSD_5,2026-01-11T16:00:00,9992.43,5.05,7.2e-05
Breakout_v1.0_EURUSD_5,2026-01-11T17:00:00,10005.15,4.93,0.001273
Breakout_v1.0_EURUSD_5,2026-01-11T18:00:00,9963.21,5.33,-0.004192
Breakout_v1.0_EURUSD_5,2026-01-11T19:00:00,9961.97,5.34,-0.000124
Breakout_v1.0_EURUSD_5,2026-01-11T20:00:00,9966.81,5.3,0.000486
Breakout_v1.0_EURUSD_5,2026-01-11T21:00:00,9985.74,5.12,0.001899
Breakout_v1.0_EURUSD_5,2026-01-11T22:00:00,10001.57,4.97,0.001586
Breakout_v1.0_EURUSD_5,2026-01-11T23:00:00,10015.23,4.84,0.001365
Breakout_v1.0_EURUSD_5,2026-01-12T00:00:00,10001.21,4.97,-0.0014
Breakout_v1.0_EURUSD_5,2026-01-12T01:00:00,9965.04,5.31,-0.003616
Breakout_v1.0_EURUSD_5,2026-01-12T02:00:00,9959.2,5.37,-0.000586
Breakout_v1.0_EURUSD_5,2026-01-12T03:00:00,9981.14,5.16,0.002203
Breakout_v1.0_EURUSD_5,2026-01-12T04:00:00,10010.96,4.88,0.002987
Breakout_v1.0_EURUSD_5,2026-01-12T05:00:00,10027.19,4.72,0.001621
Breakout_v1.0_EURUSD_5,2026-01-12T06:00:00,10037.8,4.62,0.001059
Breakout_v1.0_EURUSD_5,2026-01-12T07:00:00,10047.43,4.53,0.000959
Breakout_v1.0_EURUSD_5,2026-01-12T08:00:00,10038.27,4.62,-0.000912
Breakout_v1.0_EURUSD_5,2026-01-12T09:00:00,10037.66,4.62,-6e-05
Breakout_v1.0_EURUSD_5,2026-01-12T10:00:00,10073.18,4.28,0.003538
Breakout_v1.0_EURUSD_5,2026-01-12T11:00:00,10056.2,4.45,-0.001685
Breakout_v1.0_EURUSD_5,2026-01-12T12:00:00,10090.69,4.12,0.00343
Breakout_v1.0_EURUSD_5,2026-01-12T13:00:00,10086.21,4.16,-0.000444
Breakout_v1.0_EURUSD_5,2026-01-12T14:00:00,10114.96,3.89,0.002851
Breakout_v1.0_EURUSD_5,2026-01-12T15:00:00,10088.53,4.14,-0.002614
Breakout_v1.0_EURUSD_5,2026-01-12T16:00:00,10102.37,4.01,0.001372
Breakout_v1.0_EURUSD_5,2026-01-12T17:00:00,10089.5,4.13,-0.001274
Breakout_v1.0_EURUSD_5,2026-01-12T18:00:00,10062.96,4.38,-0.002631
Breakout_v1.0_EURUSD_5,2026-01-12T19:00:00,10069.37,4.32,0.000637
Breakout_v1.0_EURUSD_5,2026-01-12T20:00:00,10091.71,4.11,0.002219
Breakout_v1.0_EURUSD_5,2026-01-12T21:00:00,10076.68,4.25,-0.00149
Breakout_v1.0_EURUSD_5,2026-01-12T22:00:00,10048.48,4.52,-0.002798
Breakout_v1.0_EURUSD_5,2026-01-12T23:00:00,10048.65,4.52,1.6e-05
Breakout_v1.0_EURUSD_5,2026-01-13T00:00:00,10048.9,4.52,2.5e-05
Breakout_v1.0_EURUSD_5,2026-01-13T01:00:00,10061.93,4.39,0.001297
Breakout_v1.0_EURUSD_5,2026-01-13T02:00:00,10083.05,4.19,0.002099
Breakout_v1.0_EURUSD_5,2026-01-13T03:00:00,10083.87,4.18,8.1e-05
Breakout_v1.0_EURUSD_5,2026-01-13T04:00:00,10123.31,3.81,0.003911
Breakout_v1.0_EURUSD_5,2026-01-13T05:00:00,10129.87,3.75,0.000648
Breakout_v1.0_EURUSD_5,2026-01-13T06:00:00,10124.88,3.79,-0.000493
Breakout_v1.0_EURUSD_5,2026-01-13T07:00:00,10094.27,4.08,-0.003023
Breakout_v1.0_EURUSD_5,2026-01-13T08:00:00,10090.99,4.12,-0.000325
Breakout_v1.0_EURUSD_5,2026-01-13T09:00:00,10086.22,4.16,-0.000473
Breakout_v1.0_EURUSD_5,2026-01-13T10:00:00,10107.61,3.96,0.002121
Breakout_v1.0_EURUSD_5,2026-01-13T11:00:00,10118.98,3.85,0.001125
Breakout_v1.0_EURUSD_5,2026-01-13T12:00:00,10097.13,4.06,-0.002159
Breakout_v1.0_EURUSD_5,2026-01-13T13:00:00,10102.63,4.0,0.000545
Breakout_v1.0_EURUSD_5,2026-01-13T14:00:00,10118.22,3.86,0.001543
Breakout_v1.0_EURUSD_5,2026-01-13T15:00:00,10151.16,3.54,0.003256
Breakout_v1.0_EURUSD_5,2026-01-13T16:00:00,10171.21,3.35,0.001975
Breakout_v1.0_EURUSD_5,2026-01-13T17:00:00,10188.73,3.19,0.001722
Breakout_v1.0_EURUSD_5,2026-01-13T18:00:00,10191.99,3.16,0.00032
Breakout_v1.0_EURUSD_5,2026-01-13T19:00:00,10201.94,3.06,0.000977
Breakout_v1.0_EURUSD_5,2026-01-13T20:00:00,10229.48,2.8,0.002699
Breakout_v1.0_EURUSD_5,2026-01-13T21:00:00,10204.25,3.04,-0.002466
Breakout_v1.0_EURUSD_5,2026-01-13T22:00:00,10199.16,3.09,-0.000499
Breakout_v1.0_EURUSD_5,2026-01-13T23:00:00,10185.44,3.22,-0.001345
Breakout_v1.0_EURUSD_5,2026-01-14T00:00:00,10195.21,3.13,0.000958
Breakout_v1.0_EURUSD_5,2026-01-14T01:00:00,10222.33,2.87,0.00266
Breakout_v1.0_EURUSD_5,2026-01-14T02:00:00,10212.17,2.96,-0.000994
Breakout_v1.0_EURUSD_5,2026-01-14T03:00:00,10165.39,3.41,-0.004581
Breakout_v1.0_EURUSD_5,2026-01-14T04:00:00,10159.04,3.47,-0.000624
Breakout_v1.0_EURUSD_5,2026-01-14T05:00:00,10179.64,3.27,0.002027
Breakout_v1.0_EURUSD_5,2026-01-14T06:00:00,10192.62,3.15,0.001275
Breakout_v1.0_EURUSD_5,2026-01-14T07:00:00,10203.38,3.05,0.001056
Breakout_v1.0_EURUSD_5,2026-01-14T08:00:00,10199.71,3.08,-0.00036
Breakout_v1.0_EURUSD_5,2026-01-14T09:00:00,10175.66,3.31,-0.002358
Breakout_v1.0_EURUSD_5,2026-01-14T10:00:00,10188.18,3.19,0.001231
Breakout_v1.0_EURUSD_5,2026-01-14T11:00:00,10173.22,3.33,-0.001469
Breakout_v1.0_EURUSD_5,2026-01-14T12:00:00,10219.69,2.89,0.004568
Breakout_v1.0_EURUSD_5,2026-01-14T13:00:00,10233.4,2.76,0.001341
Breakout_v1.0_EURUSD_5,2026-01-14T14:00:00,10223.56,2.86,-0.000961
Breakout_v1.0_EURUSD_5,2026-01-14T15:00:00,10213.1,2.96,-0.001023
Breakout_v1.0_EURUSD_5,2026-01-14T16:00:00,10213.25,2.95,1.4e-05
Breakout_v1.0_EURUSD_5,2026-01-14T17:00:00,10210.4,2.98,-0.000279
Breakout_v1.0_EURUSD_5,2026-01-14T18:00:00,10235.25,2.74,0.002434
Breakout_v1.0_EURUSD_5,2026-01-14T19:00:00,10241.11,2.69,0.000573
Breakout_v1.0_EURUSD_5,2026-01-14T20:00:00,10228.17,2.81,-0.001263
Breakout_v1.0_EURUSD_5,2026-01-14T21:00:00,10268.89,2.43,0.003981
Breakout_v1.0_EURUSD_5,2026-01-14T22:00:00,10271.96,2.4,0.000299
Breakout_v1.0_EURUSD_5,2026-01-14T23:00:00,10289.81,2.23,0.001738
Breakout_v1.0_EURUSD_5,2026-01-15T00:00:00,10279.35,2.33,-0.001016
Breakout_v1.0_EURUSD_5,2026-01-15T01:00:00,10288.87,2.24,0.000926
Breakout_v1.0_EURUSD_5,2026-01-15T02:00:00,10297.33,2.15,0.000822
Breakout_v1.0_EURUSD_5,2026-01-15T03:00:00,10260.47,2.51,-0.003579
Breakout_v1.0_EURUSD_5,2026-01-15T04:00:00,10303.88,2.09,0.004231
Breakout_v1.0_EURUSD_5,2026-01-15T05:00:00,10332.54,1.82,0.002781
Breakout_v1.0_EURUSD_5,2026-01-15T06:00:00,10326.39,1.88,-0.000594
Breakout_v1.0_EURUSD_5,2026-01-15T07:00:00,10305.69,2.08,-0.002005
Breakout_v1.0_EURUSD_5,2026-01-15T08:00:00,10314.92,1.99,0.000895
Breakout_v1.0_EURUSD_5,2026-01-15T09:00:00,10318.77,1.95,0.000373
Breakout_v1.0_EURUSD_5,2026-01-15T10:00:00,10328.18,1.86,0.000911
Breakout_v1.0_EURUSD_5,2026-01-15T11:00:00,10334.2,1.8,0.000583
Breakout_v1.0_EURUSD_5,2026-01-15T12:00:00,10346.73,1.69,0.001212
Breakout_v1.0_EURUSD_5,2026-01-15T13:00:00,10378.75,1.38,0.003095
Breakout_v1.0_EURUSD_5,2026-01-15T14:00:00,10392.62,1.25,0.001336
Breakout_v1.0_EURUSD_5,2026-01-15T15:00:00,10372.88,1.44,-0.001899
Breakout_v1.0_EURUSD_5,2026-01-15T16:00:00,10403.22,1.15,0.002925
Breakout_v1.0_EURUSD_5,2026-01-15T17:00:00,10439.43,0.8,0.003481
Breakout_v1.0_EURUSD_5,2026-01-15T18:00:00,10507.33,0.16,0.006504
Breakout_v1.0_EURUSD_5,2026-01-15T19:00:00,10485.83,0.36,-0.002047
Breakout_v1.0_EURUSD_5,2026-01-15T20:00:00,10493.02,0.3,0.000686
Breakout_v1.0_EURUSD_5,2026-01-15T21:00:00,10451.42,0.69,-0.003964
Breakout_v1.0_EURUSD_5,2026-01-15T22:00:00,10465.07,0.56,0.001306
Breakout_v1.0_EURUSD_5,2026-01-15T23:00:00,10455.69,0.65,-0.000896
Breakout_v1.0_EURUSD_5,2026-01-16T00:00:00,10498.0,0.25,0.004047
Breakout_v1.0_EURUSD_5,2026-01-16T01:00:00,10483.84,0.38,-0.001349
Breakout_v1.0_EURUSD_5,2026-01-16T02:00:00,10450.52,0.7,-0.003178
Breakout_v1.0_EURUSD_5,2026-01-16T03:00:00,10442.76,0.77,-0.000743
Breakout_v1.0_EURUSD_5,2026-01-16T04:00:00,10403.59,1.15,-0.003751
Breakout_v1.0_EURUSD_5,2026-01-16T05:00:00,10421.3,0.98,0.001702
Breakout_v1.0_EURUSD_5,2026-01-16T06:00:00,10380.34,1.37,-0.00393
Breakout_v1.0_EURUSD_5,2026-01-16T07:00:00,10383.01,1.34,0.000257
Breakout_v1.0_EURUSD_5,2026-01-16T08:00:00,10341.94,1.73,-0.003956
Breakout_v1.0_EURUSD_5,2026-01-16T09:00:00,10337.38,1.77,-0.000441
Breakout_v1.0_EURUSD_5,2026-01-16T10:00:00,10373.42,1.43,0.003487
Breakout_v1.0_EURUSD_5,2026-01-16T11:00:00,10382.98,1.34,0.000921
Breakout_v1.0_EURUSD_5,2026-01-16T12:00:00,10367.13,1.49,-0.001527
Breakout_v1.0_EURUSD_5,2026-01-16T13:00:00,10368.55,1.48,0.000138
Breakout_v1.0_EURUSD_5,2026-01-16T14:00:00,10371.0,1.45,0.000236
Breakout_v1.0_EURUSD_5,2026-01-16T15:00:00,10382.88,1.34,0.001145
Breakout_v1.0_EURUSD_5,2026-01-16T16:00:00,10356.57,1.59,-0.002534
Breakout_v1.0_EURUSD_5,2026-01-16T17:00:00,10370.91,1.46,0.001385
Breakout_v1.0_EURUSD_5,2026-01-16T18:00:00,10316.89,1.97,-0.005209
Breakout_v1.0_EURUSD_5,2026-01-16T19:00:00,10305.96,2.07,-0.00106
Breakout_v1.0_EURUSD_5,2026-01-16T20:00:00,10297.96,2.15,-0.000777
Breakout_v1.0_EURUSD_5,2026-01-16T21:00:00,10313.06,2.01,0.001467
Breakout_v1.0_EURUSD_5,2026-01-16T22:00:00,10315.59,1.98,0.000245
Breakout_v1.0_EURUSD_5,2026-01-16T23:00:00,10288.66,2.24,-0.002611
Breakout_v1.0_EURUSD_5,2026-01-17T00:00:00,10270.44,2.41,-0.00177
Breakout_v1.0_EURUSD_5,2026-01-17T01:00:00,10276.58,2.35,0.000597
Breakout_v1.0_EURUSD_5,2026-01-17T02:00:00,10277.01,2.35,4.2e-05
Breakout_v1.0_EURUSD_5,2026-01-17T03:00:00,10267.16,2.44,-0.000958
Breakout_v1.0_EURUSD_5,2026-01-17T04:00:00,10259.34,2.52,-0.000762
Breakout_v1.0_EURUSD_5,2026-01-17T05:00:00,10275.68,2.36,0.001592
Breakout_v1.0_EURUSD_5,2026-01-17T06:00:00,10267.09,2.44,-0.000835
Breakout_v1.0_EURUSD_5,2026-01-17T07:00:00,10267.34,2.44,2.4e-05
Breakout_v1.0_EURUSD_5,2026-01-17T08:00:00,10313.95,2.0,0.00454
Breakout_v1.0_EURUSD_5,2026-01-17T09:00:00,10286.65,2.26,-0.002647
Breakout_v1.0_EURUSD_5,2026-01-17T10:00:00,10250.61,2.6,-0.003504
Breakout_v1.0_EURUSD_5,2026-01-17T11:00:00,10268.72,2.43,0.001767
Breakout_v1.0_EURUSD_5,2026-01-17T12:00:00,10256.84,2.54,-0.001157
Breakout_v1.0_EURUSD_5,2026-01-17T13:00:00,10252.36,2.58,-0.000436
Breakout_v1.0_EURUSD_5,2026-01-17T14:00:00,10238.39,2.71,-0.001362
Breakout_v1.0_EURUSD_5,2026-01-17T15:00:00,10235.12,2.75,-0.00032
Breakout_v1.0_EURUSD_5,2026-01-17T16:00:00,10269.89,2.42,0.003397
Breakout_v1.0_EURUSD_5,2026-01-17T17:00:00,10288.42,2.24,0.001804
Breakout_v1.0_EURUSD_5,2026-01-17T18:00:00,10308.22,2.05,0.001924
Breakout_v1.0_EURUSD_5,2026-01-17T19:00:00,10281.08,2.31,-0.002632
Breakout_v1.0_EURUSD_5,2026-01-17T20:00:00,10259.47,2.51,-0.002102
Breakout_v1.0_EURUSD_5,2026-01-17T21:00:00,10203.27,3.05,-0.005478
Breakout_v1.0_EURUSD_5,2026-01-17T22:00:00,10188.79,3.19,-0.001419
Breakout_v1.0_EURUSD_5,2026-01-17T23:00:00,10210.32,2.98,0.002113
Breakout_v1.0_EURUSD_5,2026-01-18T00:00:00,10222.92,2.86,0.001234
Breakout_v1.0_EURUSD_5,2026-01-18T01:00:00,10220.44,2.89,-0.000243
Breakout_v1.0_EURUSD_5,2026-01-18T02:00:00,10222.03,2.87,0.000155
Breakout_v1.0_EURUSD_5,2026-01-18T03:00:00,10209.99,2.98,-0.001178
Breakout_v1.0_EURUSD_5,2026-01-18T04:00:00,10216.21,2.93,0.00061
Breakout_v1.0_EURUSD_5,2026-01-18T05:00:00,10233.9,2.76,0.001732
Breakout_v1.0_EURUSD_5,2026-01-18T06:00:00,10202.87,3.05,-0.003032
Breakout_v1.0_EURUSD_5,2026-01-18T07:00:00,10211.03,2.97,0.000799
Breakout_v1.0_EURUSD_5,2026-01-18T08:00:00,10232.11,2.77,0.002065
Breakout_v1.0_EURUSD_5,2026-01-18T09:00:00,10225.67,2.84,-0.00063
Breakout_v1.0_EURUSD_5,2026-01-18T10:00:00,10242.04,2.68,0.001601
Breakout_v1.0_EURUSD_5,2026-01-18T11:00:00,10301.74,2.11,0.005829
Breakout_v1.0_EURUSD_5,2026-01-18T12:00:00,10301.66,2.11,-9e-06
Breakout_v1.0_EURUSD_5,2026-01-18T13:00:00,10311.82,2.02,0.000987
Breakout_v1.0_EURUSD_5,2026-01-18T14:00:00,10298.66,2.14,-0.001276
Breakout_v1.0_EURUSD_5,2026-01-18T15:00:00,10304.45,2.09,0.000563
Breakout_v1.0_EURUSD_5,2026-01-18T16:00:00,10316.0,1.98,0.001121
Breakout_v1.0_EURUSD_5,2026-01-18T17:00:00,10322.08,1.92,0.00059
Breakout_v1.0_EURUSD_5,2026-01-18T18:00:00,10303.1,2.1,-0.001839
Breakout_v1.0_EURUSD_5,2026-01-18T19:00:00,10309.41,2.04,0.000613
Breakout_v1.0_EURUSD_5,2026-01-18T20:00:00,10341.62,1.73,0.003124
Breakout_v1.0_EURUSD_5,2026-01-18T21:00:00,10352.97,1.63,0.001097
Breakout_v1.0_EURUSD_5,2026-01-18T22:00:00,10374.96,1.42,0.002124
Breakout_v1.0_EURUSD_5,2026-01-18T23:00:00,10372.11,1.44,-0.000274
Breakout_v1.0_EURUSD_5,2026-01-19T00:00:00,10389.74,1.28,0.0017
Breakout_v1.0_EURUSD_5,2026-01-19T01:00:00,10397.63,1.2,0.000759
Breakout_v1.0_EURUSD_5,2026-01-19T02:00:00,10379.93,1.37,-0.001702
Breakout_v1.0_EURUSD_5,2026-01-19T03:00:00,10388.62,1.29,0.000837
Breakout_v1.0_EURUSD_5,2026-01-19T04:00:00,10370.09,1.46,-0.001783
Breakout_v1.0_EURUSD_5,2026-01-19T05:00:00,10359.04,1.57,-0.001066
Breakout_v1.0_EURUSD_5,2026-01-19T06:00:00,10365.03,1.51,0.000579
Breakout_v1.0_EURUSD_5,2026-01-19T07:00:00,10373.27,1.43,0.000794
Breakout_v1.0_EURUSD_5,2026-01-19T08:00:00,10350.67,1.65,-0.002178
Breakout_v1.0_EURUSD_5,2026-01-19T09:00:00,10374.56,1.42,0.002308
Breakout_v1.0_EURUSD_5,2026-01-19T10:00:00,10388.5,1.29,0.001344
Breakout_v1.0_EURUSD_5,2026-01-19T11:00:00,10375.94,1.41,-0.001209
Breakout_v1.0_EURUSD_5,2026-01-19T12:00:00,10346.11,1.69,-0.002875
Breakout_v1.0_EURUSD_5,2026-01-19T13:00:00,10345.18,1.7,-9e-05
Breakout_v1.0_EURUSD_5,2026-01-19T14:00:00,10338.02,1.77,-0.000692
Breakout_v1.0_EURUSD_5,2026-01-19T15:00:00,10342.43,1.73,0.000426
Breakout_v1.0_EURUSD_5,2026-01-19T16:00:00,10336.98,1.78,-0.000526
Breakout_v1.0_EURUSD_5,2026-01-19T17:00:00,10297.55,2.15,-0.003815
Breakout_v1.0_EURUSD_5,2026-01-19T18:00:00,10291.61,2.21,-0.000577
Breakout_v1.0_EURUSD_5,2026-01-19T19:00:00,10287.38,2.25,-0.000411
Breakout_v1.0_EURUSD_5,2026-01-19T20:00:00,10302.47,2.11,0.001467
Breakout_v1.0_EURUSD_5,2026-01-19T21:00:00,10290.15,2.22,-0.001196
Breakout_v1.0_EURUSD_5,2026-01-19T22:00:00,10326.75,1.88,0.003557
Breakout_v1.0_EURUSD_5,2026-01-19T23:00:00,10289.34,2.23,-0.003623
Breakout_v1.0_EURUSD_5,2026-01-20T00:00:00,10318.38,1.95,0.002822
Breakout_v1.0_EURUSD_5,2026-01-20T01:00:00,10315.81,1.98,-0.000249
Breakout_v1.0_EURUSD_5,2026-01-20T02:00:00,10335.61,1.79,0.001919
Breakout_v1.0_EURUSD_5,2026-01-20T03:00:00,10339.33,1.76,0.00036
Breakout_v1.0_EURUSD_5,2026-01-20T04:00:00,10364.96,1.51,0.002479
Breakout_v1.0_EURUSD_5,2026-01-20T05:00:00,10359.0,1.57,-0.000575
Breakout_v1.0_EURUSD_5,2026-01-20T06:00:00,10338.31,1.77,-0.001997
Breakout_v1.0_EURUSD_5,2026-01-20T07:00:00,10369.75,1.47,0.003041
Breakout_v1.0_EURUSD_5,2026-01-20T08:00:00,10369.47,1.47,-2.7e-05
Breakout_v1.0_EURUSD_5,2026-01-20T09:00:00,10376.14,1.41,0.000643
Breakout_v1.0_EURUSD_5,2026-01-20T10:00:00,10403.84,1.14,0.00267
Breakout_v1.0_EURUSD_5,2026-01-20T11:00:00,10384.45,1.33,-0.001864
Breakout_v1.0_EURUSD_5,2026-01-20T12:00:00,10398.89,1.19,0.001391
Breakout_v1.0_EURUSD_5,2026-01-20T13:00:00,10388.7,1.29,-0.00098
Breakout_v1.0_EURUSD_5,2026-01-20T14:00:00,10388.03,1.29,-6.4e-05
Breakout_v1.0_EURUSD_5,2026-01-20T15:00:00,10391.61,1.26,0.000345
Breakout_v1.0_EURUSD_5,2026-01-20T16:00:00,10362.51,1.54,-0.0028
Breakout_v1.0_EURUSD_5,2026-01-20T17:00:00,10348.44,1.67,-0.001358
Breakout_v1.0_EURUSD_5,2026-01-20T18:00:00,10378.48,1.38,0.002902
Breakout_v1.0_EURUSD_5,2026-01-20T19:00:00,10398.95,1.19,0.001972
Breakout_v1.0_EURUSD_5,2026-01-20T20:00:00,10399.72,1.18,7.5e-05
Breakout_v1.0_EURUSD_5,2026-01-20T21:00:00,10406.86,1.11,0.000686
Breakout_v1.0_EURUSD_5,2026-01-20T22:00:00,10402.82,1.15,-0.000388
Breakout_v1.0_EURUSD_5,2026-01-20T23:00:00,10433.12,0.86,0.002913
Breakout_v1.0_EURUSD_5,2026-01-21T00:00:00,10431.03,0.88,-0.000201
Breakout_v1.0_EURUSD_5,2026-01-21T01:00:00,10437.95,0.82,0.000664
Breakout_v1.0_EURUSD_5,2026-01-21T02:00:00,10463.96,0.57,0.002492
Breakout_v1.0_EURUSD_5,2026-01-21T03:00:00,10449.79,0.71,-0.001355
Breakout_v1.0_EURUSD_5,2026-01-21T04:00:00,10484.46,0.38,0.003318
Breakout_v1.0_EURUSD_5,2026-01-21T05:00:00,10454.46,0.66,-0.002861
Breakout_v1.0_EURUSD_5,2026-01-21T06:00:00,10490.63,0.32,0.003459
Breakout_v1.0_EURUSD_5,2026-01-21T07:00:00,10484.9,0.37,-0.000545
Breakout_v1.0_EURUSD_5,2026-01-21T08:00:00,10481.91,0.4,-0.000285
Breakout_v1.0_EURUSD_5,2026-01-21T09:00:00,10444.39,0.76,-0.00358
Breakout_v1.0_EURUSD_5,2026-01-21T10:00:00,10436.98,0.83,-0.00071
Breakout_v1.0_EURUSD_5,2026-01-21T11:00:00,10417.36,1.01,-0.00188
Breakout_v1.0_EURUSD_5,2026-01-21T12:00:00,10406.78,1.11,-0.001015
Breakout_v1.0_EURUSD_5,2026-01-21T13:00:00,10406.0,1.12,-7.5e-05
Breakout_v1.0_EURUSD_5,2026-01-21T14:00:00,10428.02,0.91,0.002116
Breakout_v1.0_EURUSD_5,2026-01-21T15:00:00,10434.44,0.85,0.000615
Breakout_v1.0_EURUSD_5,2026-01-21T16:00:00,10442.94,0.77,0.000815
Breakout_v1.0_EURUSD_5,2026-01-21T17:00:00,10422.15,0.97,-0.001991
Breakout_v1.0_EURUSD_5,2026-01-21T18:00:00,10405.88,1.12,-0.001562
Breakout_v1.0_EURUSD_5,2026-01-21T19:00:00,10445.39,0.75,0.003797
Breakout_v1.0_EURUSD_5,2026-01-21T20:00:00,10432.12,0.87,-0.00127
Breakout_v1.0_EURUSD_5,2026-01-21T21:00:00,10468.76,0.53,0.003512
Breakout_v1.0_EURUSD_5,2026-01-21T22:00:00,10465.77,0.55,-0.000286
Breakout_v1.0_EURUSD_5,2026-01-21T23:00:00,10467.91,0.53,0.000205
Breakout_v1.0_EURUSD_5,2026-01-22T00:00:00,10492.41,0.3,0.002341
Breakout_v1.0_EURUSD_5,2026-01-22T01:00:00,10521.2,0.03,0.002744
Breakout_v1.0_EURUSD_5,2026-01-22T02:00:00,10520.97,0.03,-2.2e-05
Breakout_v1.0_EURUSD_5,2026-01-22T03:00:00,10514.91,0.09,-0.000576
Breakout_v1.0_EURUSD_5,2026-01-22T04:00:00,10515.84,0.08,8.8e-05
Breakout_v1.0_EURUSD_5,2026-01-22T05:00:00,10525.05,0.0,0.000876
Breakout_v1.0_EURUSD_5,2026-01-22T06:00:00,10545.91,0.0,0.001983
Breakout_v1.0_EURUSD_5,2026-01-22T07:00:00,10548.11,0.0,0.000208
Breakout_v1.0_EURUSD_5,2026-01-22T08:00:00,10563.28,0.0,0.001438
Breakout_v1.0_EURUSD_5,2026-01-22T09:00:00,10600.0,0.0,0.003477
Breakout_v1.0_EURUSD_5,2026-01-22T10:00:00,10610.21,0.0,0.000963
Breakout_v1.0_EURUSD_5,2026-01-22T11:00:00,10618.94,0.0,0.000823
Breakout_v1.0_EURUSD_5,2026-01-22T12:00:00,10588.81,0.28,-0.002838
Breakout_v1.0_EURUSD_5,2026-01-22T13:00:00,10535.21,0.79,-0.005061
Breakout_v1.0_EURUSD_5,2026-01-22T14:00:00,10545.5,0.69,0.000977
Breakout_v1.0_EURUSD_5,2026-01-22T15:00:00,10545.61,0.69,1e-05
Breakout_v1.0_EURUSD_5,2026-01-22T16:00:00,10536.86,0.77,-0.00083
Breakout_v1.0_EURUSD_5,2026-01-22T17:00:00,10544.1,0.7,0.000687
Breakout_v1.0_EURUSD_5,2026-01-22T18:00:00,10544.94,0.7,7.9e-05
Breakout_v1.0_EURUSD_5,2026-01-22T19:00:00,10570.83,0.45,0.002456
Breakout_v1.0_EURUSD_5,2026-01-22T20:00:00,10574.77,0.42,0.000372
Breakout_v1.0_EURUSD_5,2026-01-22T21:00:00,10561.08,0.54,-0.001294
Breakout_v1.0_EURUSD_5,2026-01-22T22:00:00,10584.11,0.33,0.00218
Breakout_v1.0_EURUSD_5,2026-01-22T23:00:00,10581.63,0.35,-0.000234
Breakout_v1.0_EURUSD_5,2026-01-23T00:00:00,10594.89,0.23,0.001253
Breakout_v1.0_EURUSD_5,2026-01-23T01:00:00,10586.89,0.3,-0.000755
Breakout_v1.0_EURUSD_5,2026-01-23T02:00:00,10575.25,0.41,-0.0011
Breakout_v1.0_EURUSD_5,2026-01-23T03:00:00,10579.15,0.37,0.000368
Breakout_v1.0_EURUSD_5,2026-01-23T04:00:00,10581.54,0.35,0.000226
Breakout_v1.0_EURUSD_5,2026-01-23T05:00:00,10593.81,0.24,0.00116
Breakout_v1.0_EURUSD_5,2026-01-23T06:00:00,10590.23,0.27,-0.000337
Breakout_v1.0_EURUSD_5,2026-01-23T07:00:00,10553.46,0.62,-0.003473
Breakout_v1.0_EURUSD_5,2026-01-23T08:00:00,10546.43,0.68,-0.000666
Breakout_v1.0_EURUSD_5,2026-01-23T09:00:00,10565.29,0.51,0.001788
Breakout_v1.0_EURUSD_5,2026-01-23T10:00:00,10561.11,0.54,-0.000395
Breakout_v1.0_EURUSD_5,2026-01-23T11:00:00,10558.02,0.57,-0.000293
Breakout_v1.0_EURUSD_5,2026-01-23T12:00:00,10580.96,0.36,0.002173
Breakout_v1.0_EURUSD_5,2026-01-23T13:00:00,10568.01,0.48,-0.001224
Breakout_v1.0_EURUSD_5,2026-01-23T14:00:00,10537.52,0.77,-0.002886
Breakout_v1.0_EURUSD_5,2026-01-23T15:00:00,10536.24,0.78,-0.000121
Breakout_v1.0_EURUSD_5,2026-01-23T16:00:00,10528.14,0.86,-0.000768
Breakout_v1.0_EURUSD_5,2026-01-23T17:00:00,10509.9,1.03,-0.001732
Breakout_v1.0_EURUSD_5,2026-01-23T18:00:00,10508.32,1.04,-0.000151
Breakout_v1.0_EURUSD_5,2026-01-23T19:00:00,10520.75,0.92,0.001183
Breakout_v1.0_EURUSD_5,2026-01-23T20:00:00,10522.66,0.91,0.000181
Breakout_v1.0_EURUSD_5,2026-01-23T21:00:00,10531.22,0.83,0.000814
Breakout_v1.0_EURUSD_5,2026-01-23T22:00:00,10571.53,0.45,0.003827
Breakout_v1.0_EURUSD_5,2026-01-23T23:00:00,10566.39,0.49,-0.000486
Breakout_v1.0_EURUSD_5,2026-01-24T00:00:00,10574.39,0.42,0.000757
Breakout_v1.0_EURUSD_5,2026-01-24T01:00:00,10565.73,0.5,-0.000818
Breakout_v1.0_EURUSD_5,2026-01-24T02:00:00,10549.96,0.65,-0.001493
Breakout_v1.0_EURUSD_5,2026-01-24T03:00:00,10539.73,0.75,-0.00097
Breakout_v1.0_EURUSD_5,2026-01-24T04:00:00,10531.74,0.82,-0.000758
Breakout_v1.0_EURUSD_5,2026-01-24T05:00:00,10541.42,0.73,0.000919
Breakout_v1.0_EURUSD_5,2026-01-24T06:00:00,10593.06,0.24,0.004898
Breakout_v1.0_EURUSD_5,2026-01-24T07:00:00,10580.0,0.37,-0.001232
Breakout_v1.0_EURUSD_5,2026-01-24T08:00:00,10573.3,0.43,-0.000633
Breakout_v1.0_EURUSD_5,2026-01-24T09:00:00,10574.08,0.42,7.4e-05
Breakout_v1.0_EURUSD_5,2026-01-24T10:00:00,10584.57,0.32,0.000992
Breakout_v1.0_EURUSD_5,2026-01-24T11:00:00,10592.27,0.25,0.000727
Breakout_v1.0_EURUSD_5,2026-01-24T12:00:00,10621.59,0.0,0.002768
Breakout_v1.0_EURUSD_5,2026-01-24T13:00:00,10572.17,0.47,-0.004653
Breakout_v1.0_EURUSD_5,2026-01-24T14:00:00,10523.81,0.92,-0.004574
Breakout_v1.0_EURUSD_5,2026-01-24T15:00:00,10515.48,1.0,-0.000792
Breakout_v1.0_EURUSD_5,2026-01-24T16:00:00,10540.66,0.76,0.002395
Breakout_v1.0_EURUSD_5,2026-01-24T17:00:00,10509.76,1.05,-0.002931
Breakout_v1.0_EURUSD_5,2026-01-24T18:00:00,10448.64,1.63,-0.005815
Breakout_v1.0_EURUSD_5,2026-01-24T19:00:00,10462.67,1.5,0.001342
Breakout_v1.0_EURUSD_5,2026-01-24T20:00:00,10469.86,1.43,0.000687
Breakout_v1.0_EURUSD_5,2026-01-24T21:00:00,10449.13,1.62,-0.00198
Breakout_v1.0_EURUSD_5,2026-01-24T22:00:00,10430.62,1.8,-0.001771
Breakout_v1.0_EURUSD_5,2026-01-24T23:00:00,10412.48,1.97,-0.001739
Breakout_v1.0_EURUSD_5,2026-01-25T00:00:00,10416.86,1.93,0.000421
Breakout_v1.0_EURUSD_5,2026-01-25T01:00:00,10405.9,2.03,-0.001053
Breakout_v1.0_EURUSD_5,2026-01-25T02:00:00,10418.26,1.91,0.001188
Breakout_v1.0_EURUSD_5,2026-01-25T03:00:00,10360.86,2.45,-0.005509
Breakout_v1.0_EURUSD_5,2026-01-25T04:00:00,10345.18,2.6,-0.001514
Breakout_v1.0_EURUSD_5,2026-01-25T05:00:00,10323.95,2.8,-0.002052
Breakout_v1.0_EURUSD_5,2026-01-25T06:00:00,10320.72,2.83,-0.000313
Breakout_v1.0_EURUSD_5,2026-01-25T07:00:00,10311.68,2.92,-0.000876
Breakout_v1.0_EURUSD_5,2026-01-25T08:00:00,10330.2,2.74,0.001796
Breakout_v1.0_EURUSD_5,2026-01-25T09:00:00,10293.85,3.09,-0.003519
Breakout_v1.0_EURUSD_5,2026-01-25T10:00:00,10296.84,3.06,0.000291
Breakout_v1.0_EURUSD_5,2026-01-25T11:00:00,10310.4,2.93,0.001317
Breakout_v1.0_EURUSD_5,2026-01-25T12:00:00,10350.75,2.55,0.003913
Breakout_v1.0_EURUSD_5,2026-01-25T13:00:00,10342.85,2.62,-0.000764
Breakout_v1.0_EURUSD_5,2026-01-25T14:00:00,10351.63,2.54,0.000849
Breakout_v1.0_EURUSD_5,2026-01-25T15:00:00,10316.35,2.87,-0.003408
Breakout_v1.0_EURUSD_5,2026-01-25T16:00:00,10269.06,3.32,-0.004584
Breakout_v1.0_EURUSD_5,2026-01-25T17:00:00,10288.46,3.14,0.00189
Breakout_v1.0_EURUSD_5,2026-01-25T18:00:00,10290.41,3.12,0.000189
Breakout_v1.0_EURUSD_5,2026-01-25T19:00:00,10316.72,2.87,0.002557
Breakout_v1.0_EURUSD_5,2026-01-25T20:00:00,10290.45,3.12,-0.002547
Breakout_v1.0_EURUSD_5,2026-01-25T21:00:00,10303.2,3.0,0.00124
Breakout_v1.0_EURUSD_5,2026-01-25T22:00:00,10343.77,2.62,0.003938
Breakout_v1.0_EURUSD_5,2026-01-25T23:00:00,10354.53,2.51,0.001039
Breakout_v1.0_EURUSD_5,2026-01-26T00:00:00,10362.32,2.44,0.000753
Breakout_v1.0_EURUSD_5,2026-01-26T01:00:00,10364.57,2.42,0.000217
Breakout_v1.0_EURUSD_5,2026-01-26T02:00:00,10334.08,2.71,-0.002942
Breakout_v1.0_EURUSD_5,2026-01-26T03:00:00,10364.17,2.42,0.002911
Breakout_v1.0_EURUSD_5,2026-01-26T04:00:00,10353.58,2.52,-0.001022
Breakout_v1.0_EURUSD_5,2026-01-26T05:00:00,10366.1,2.41,0.001209
Breakout_v1.0_EURUSD_5,2026-01-26T06:00:00,10335.76,2.69,-0.002926
Breakout_v1.0_EURUSD_5,2026-01-26T07:00:00,10313.45,2.9,-0.002159
Breakout_v1.0_EURUSD_5,2026-01-26T08:00:00,10345.11,2.6,0.00307
Breakout_v1.0_EURUSD_5,2026-01-26T09:00:00,10340.0,2.65,-0.000495
Breakout_v1.0_EURUSD_5,2026-01-26T10:00:00,10372.12,2.35,0.003107
Breakout_v1.0_EURUSD_5,2026-01-26T11:00:00,10372.57,2.34,4.4e-05
Breakout_v1.0_EURUSD_5,2026-01-26T12:00:00,10336.44,2.68,-0.003484
Breakout_v1.0_EURUSD_5,2026-01-26T13:00:00,10356.94,2.49,0.001984
Breakout_v1.0_EURUSD_5,2026-01-26T14:00:00,10346.8,2.59,-0.00098
Breakout_v1.0_EURUSD_5,2026-01-26T15:00:00,10363.32,2.43,0.001597
Breakout_v1.0_EURUSD_5,2026-01-26T16:00:00,10365.92,2.41,0.00025
Breakout_v1.0_EURUSD_5,2026-01-26T17:00:00,10336.0,2.69,-0.002886
Breakout_v1.0_EURUSD_5,2026-01-26T18:00:00,10341.46,2.64,0.000529
Breakout_v1.0_EURUSD_5,2026-01-26T19:00:00,10388.96,2.19,0.004592
Breakout_v1.0_EURUSD_5,2026-01-26T20:00:00,10401.28,2.07,0.001186
Breakout_v1.0_EURUSD_5,2026-01-26T21:00:00,10402.16,2.07,8.5e-05
Breakout_v1.0_EURUSD_5,2026-01-26T22:00:00,10426.61,1.84,0.002351
Breakout_v1.0_EURUSD_5,2026-01-26T23:00:00,10433.09,1.77,0.000621
Breakout_v1.0_EURUSD_5,2026-01-27T00:00:00,10439.55,1.71,0.000619
Breakout_v1.0_EURUSD_5,2026-01-27T01:00:00,10418.85,1.91,-0.001983
Breakout_v1.0_EURUSD_5,2026-01-27T02:00:00,10425.8,1.84,0.000668
Breakout_v1.0_EURUSD_5,2026-01-27T03:00:00,10449.48,1.62,0.002271
Breakout_v1.0_EURUSD_5,2026-01-27T04:00:00,10434.1,1.77,-0.001472
Breakout_v1.0_EURUSD_5,2026-01-27T05:00:00,10465.91,1.47,0.003049
Breakout_v1.0_EURUSD_5,2026-01-27T06:00:00,10466.08,1.46,1.7e-05
Breakout_v1.0_EURUSD_5,2026-01-27T07:00:00,10449.59,1.62,-0.001576
Breakout_v1.0_EURUSD_5,2026-01-27T08:00:00,10472.53,1.4,0.002195
Breakout_v1.0_EURUSD_5,2026-01-27T09:00:00,10468.62,1.44,-0.000374
Breakout_v1.0_EURUSD_5,2026-01-27T10:00:00,10486.62,1.27,0.001719
Breakout_v1.0_EURUSD_5,2026-01-27T11:00:00,10482.6,1.31,-0.000384
Breakout_v1.0_EURUSD_5,2026-01-27T12:00:00,10483.44,1.3,8e-05
Breakout_v1.0_EURUSD_5,2026-01-27T13:00:00,10495.88,1.18,0.001187
Breakout_v1.0_EURUSD_5,2026-01-27T14:00:00,10504.09,1.11,0.000782
Breakout_v1.0_EURUSD_5,2026-01-27T15:00:00,10464.27,1.48,-0.003791
Breakout_v1.0_EURUSD_5,2026-01-27T16:00:00,10442.89,1.68,-0.002042
Breakout_v1.0_EURUSD_5,2026-01-27T17:00:00,10464.39,1.48,0.002059
Breakout_v1.0_EURUSD_5,2026-01-27T18:00:00,10463.72,1.49,-6.4e-05
Breakout_v1.0_EURUSD_5,2026-01-27T19:00:00,10454.85,1.57,-0.000847
Breakout_v1.0_EURUSD_5,2026-01-27T20:00:00,10428.54,1.82,-0.002517
Breakout_v1.0_EURUSD_5,2026-01-27T21:00:00,10408.1,2.01,-0.001959
Breakout_v1.0_EURUSD_5,2026-01-27T22:00:00,10368.1,2.39,-0.003844
Breakout_v1.0_EURUSD_5,2026-01-27T23:00:00,10368.07,2.39,-3e-06
Breakout_v1.0_EURUSD_5,2026-01-28T00:00:00,10357.74,2.48,-0.000997
Breakout_v1.0_EURUSD_5,2026-01-28T01:00:00,10339.78,2.65,-0.001733
Breakout_v1.0_EURUSD_5,2026-01-28T02:00:00,10340.44,2.65,6.4e-05
Breakout_v1.0_EURUSD_5,2026-01-28T03:00:00,10350.04,2.56,0.000928
Breakout_v1.0_EURUSD_5,2026-01-28T04:00:00,10395.44,2.13,0.004386
Breakout_v1.0_EURUSD_5,2026-01-28T05:00:00,10366.08,2.41,-0.002824
Breakout_v1.0_EURUSD_5,2026-01-28T06:00:00,10392.19,2.16,0.002519
Breakout_v1.0_EURUSD_5,2026-01-28T07:00:00,10414.5,1.95,0.002146
Breakout_v1.0_EURUSD_5,2026-01-28T08:00:00,10400.35,2.08,-0.001358
Breakout_v1.0_EURUSD_5,2026-01-28T09:00:00,10406.66,2.02,0.000606
Breakout_v1.0_EURUSD_5,2026-01-28T10:00:00,10399.22,2.09,-0.000715
Breakout_v1.0_EURUSD_5,2026-01-28T11:00:00,10405.16,2.04,0.000571
Breakout_v1.0_EURUSD_5,2026-01-28T12:00:00,10438.64,1.72,0.003218
Breakout_v1.0_EURUSD_5,2026-01-28T13:00:00,10453.38,1.58,0.001411
Breakout_v1.0_EURUSD_5,2026-01-28T14:00:00,10466.1,1.46,0.001217
Breakout_v1.0_EURUSD_5,2026-01-28T15:00:00,10459.19,1.53,-0.000661
Breakout_v1.0_EURUSD_5,2026-01-28T16:00:00,10430.23,1.8,-0.002768
Breakout_v1.0_EURUSD_5,2026-01-28T17:00:00,10427.97,1.82,-0.000217
Breakout_v1.0_EURUSD_5,2026-01-28T18:00:00,10455.22,1.57,0.002613
Breakout_v1.0_EURUSD_5,2026-01-28T19:00:00,10425.38,1.85,-0.002854
Breakout_v1.0_EURUSD_5,2026-01-28T20:00:00,10405.46,2.03,-0.00191
Breakout_v1.0_EURUSD_5,2026-01-28T21:00:00,10410.17,1.99,0.000453
Breakout_v1.0_EURUSD_5,2026-01-28T22:00:00,10391.75,2.16,-0.001769
Breakout_v1.0_EURUSD_5,2026-01-28T23:00:00,10377.36,2.3,-0.001385
Breakout_v1.0_EURUSD_5,2026-01-29T00:00:00,10370.64,2.36,-0.000647
Breakout_v1.0_EURUSD_5,2026-01-29T01:00:00,10344.39,2.61,-0.002531
Breakout_v1.0_EURUSD_5,2026-01-29T02:00:00,10326.31,2.78,-0.001748
Breakout_v1.0_EURUSD_5,2026-01-29T03:00:00,10342.9,2.62,0.001607
Breakout_v1.0_EURUSD_5,2026-01-29T04:00:00,10317.93,2.86,-0.002415
Breakout_v1.0_EURUSD_5,2026-01-29T05:00:00,10287.02,3.15,-0.002996
Breakout_v1.0_EURUSD_5,2026-01-29T06:00:00,10276.11,3.25,-0.00106
Breakout_v1.0_EURUSD_5,2026-01-29T07:00:00,10293.21,3.09,0.001664
Breakout_v1.0_EURUSD_5,2026-01-29T08:00:00,10291.22,3.11,-0.000194
Breakout_v1.0_EURUSD_5,2026-01-29T09:00:00,10283.71,3.18,-0.000729
Breakout_v1.0_EURUSD_5,2026-01-29T10:00:00,10286.68,3.15,0.000289
Breakout_v1.0_EURUSD_5,2026-01-29T11:00:00,10252.82,3.47,-0.003291
Breakout_v1.0_EURUSD_5,2026-01-29T12:00:00,10265.02,3.36,0.001189
Breakout_v1.0_EURUSD_5,2026-01-29T13:00:00,10274.94,3.26,0.000967
Breakout_v1.0_EURUSD_5,2026-01-29T14:00:00,10268.59,3.32,-0.000619
Breakout_v1.0_EURUSD_5,2026-01-29T15:00:00,10291.3,3.11,0.002212
Breakout_v1.0_EURUSD_5,2026-01-29T16:00:00,10270.15,3.31,-0.002055
Breakout_v1.0_EURUSD_5,2026-01-29T17:00:00,10295.37,3.07,0.002456
Breakout_v1.0_EURUSD_5,2026-01-29T18:00:00,10300.61,3.02,0.000509
Breakout_v1.0_EURUSD_5,2026-01-29T19:00:00,10295.74,3.07,-0.000473
Breakout_v1.0_EURUSD_5,2026-01-29T20:00:00,10297.39,3.05,0.00016
Breakout_v1.0_EURUSD_5,2026-01-29T21:00:00,10297.24,3.05,-1.5e-05
Breakout_v1.0_EURUSD_5,2026-01-29T22:00:00,10324.43,2.8,0.002641
Breakout_v1.0_EURUSD_5,2026-01-29T23:00:00,10304.26,2.99,-0.001953
Breakout_v1.0_EURUSD_5,2026-01-30T00:00:00,10290.61,3.12,-0.001325
Breakout_v1.0_EURUSD_5,2026-01-30T01:00:00,10314.0,2.9,0.002273
Breakout_v1.0_EURUSD_5,2026-01-30T02:00:00,10303.77,2.99,-0.000991
Breakout_v1.0_EURUSD_5,2026-01-30T03:00:00,10324.39,2.8,0.002001
Breakout_v1.0_EURUSD_5,2026-01-30T04:00:00,10361.55,2.45,0.003599
Breakout_v1.0_EURUSD_5,2026-01-30T05:00:00,10355.29,2.51,-0.000604
Breakout_v1.0_EURUSD_5,2026-01-30T06:00:00,10371.48,2.35,0.001563
Breakout_v1.0_EURUSD_5,2026-01-30T07:00:00,10349.62,2.56,-0.002107
Breakout_v1.0_EURUSD_5,2026-01-30T08:00:00,10367.31,2.39,0.001709
Breakout_v1.0_EURUSD_5,2026-01-30T09:00:00,10373.52,2.34,0.000599
Breakout_v1.0_EURUSD_5,2026-01-30T10:00:00,10385.41,2.22,0.001146
Breakout_v1.0_EURUSD_5,2026-01-30T11:00:00,10374.08,2.33,-0.001091
Breakout_v1.0_EURUSD_5,2026-01-30T12:00:00,10341.69,2.64,-0.003122
Breakout_v1.0_EURUSD_5,2026-01-30T13:00:00,10354.17,2.52,0.001207
Breakout_v1.0_EURUSD_5,2026-01-30T14:00:00,10313.51,2.9,-0.003927
Breakout_v1.0_EURUSD_5,2026-01-30T15:00:00,10309.02,2.94,-0.000435
Breakout_v1.0_EURUSD_5,2026-01-30T16:00:00,10330.49,2.74,0.002082
Breakout_v1.0_EURUSD_5,2026-01-30T17:00:00,10336.52,2.68,0.000584
Breakout_v1.0_EURUSD_5,2026-01-30T18:00:00,10378.87,2.29,0.004097
Breakout_v1.0_EURUSD_5,2026-01-30T19:00:00,10402.22,2.07,0.00225
Breakout_v1.0_EURUSD_5,2026-01-30T20:00:00,10390.7,2.17,-0.001108
Breakout_v1.0_EURUSD_5,2026-01-30T21:00:00,10393.34,2.15,0.000255
Breakout_v1.0_EURUSD_5,2026-01-30T22:00:00,10394.44,2.14,0.000105
Breakout_v1.0_EURUSD_5,2026-01-30T23:00:00,10363.63,2.43,-0.002964
